"Year","UrchinCount","QuadID","SiteCode","Zone","Exposure","logUrchins","YearGroup"
2006,0,"BB_L_1_E_01","BB","L","E",0,"2006–2011"
2007,0,"BB_L_1_E_01","BB","L","E",0,"2006–2011"
2008,0,"BB_L_1_E_01","BB","L","E",0,"2006–2011"
2009,0,"BB_L_1_E_01","BB","L","E",0,"2006–2011"
2010,1,"BB_L_1_E_01","BB","L","E",0.693147180559945,"2006–2011"
2011,35,"BB_L_1_E_01","BB","L","E",3.58351893845611,"2006–2011"
2012,0,"BB_L_1_E_01","BB","L","E",0,"2012–2016"
2013,0,"BB_L_1_E_01","BB","L","E",0,"2012–2016"
2014,0,"BB_L_1_E_01","BB","L","E",0,"2012–2016"
2015,0,"BB_L_1_E_01","BB","L","E",0,"2012–2016"
2016,0,"BB_L_1_E_01","BB","L","E",0,"2012–2016"
2017,6,"BB_L_1_E_01","BB","L","E",1.94591014905531,"2017–2021"
2018,2,"BB_L_1_E_01","BB","L","E",1.09861228866811,"2017–2021"
2019,4,"BB_L_1_E_01","BB","L","E",1.6094379124341,"2017–2021"
2020,14,"BB_L_1_E_01","BB","L","E",2.70805020110221,"2017–2021"
2021,0,"BB_L_1_E_01","BB","L","E",0,"2017–2021"
2006,10,"BB_L_1_E_02","BB","L","E",2.39789527279837,"2006–2011"
2007,0,"BB_L_1_E_02","BB","L","E",0,"2006–2011"
2008,0,"BB_L_1_E_02","BB","L","E",0,"2006–2011"
2009,0,"BB_L_1_E_02","BB","L","E",0,"2006–2011"
2010,0,"BB_L_1_E_02","BB","L","E",0,"2006–2011"
2011,0,"BB_L_1_E_02","BB","L","E",0,"2006–2011"
2012,0,"BB_L_1_E_02","BB","L","E",0,"2012–2016"
2013,2,"BB_L_1_E_02","BB","L","E",1.09861228866811,"2012–2016"
2014,0,"BB_L_1_E_02","BB","L","E",0,"2012–2016"
2015,0,"BB_L_1_E_02","BB","L","E",0,"2012–2016"
2016,0,"BB_L_1_E_02","BB","L","E",0,"2012–2016"
2017,0,"BB_L_1_E_02","BB","L","E",0,"2017–2021"
2018,0,"BB_L_1_E_02","BB","L","E",0,"2017–2021"
2019,0,"BB_L_1_E_02","BB","L","E",0,"2017–2021"
2020,3,"BB_L_1_E_02","BB","L","E",1.38629436111989,"2017–2021"
2021,1,"BB_L_1_E_02","BB","L","E",0.693147180559945,"2017–2021"
2006,0,"BB_L_1_E_03","BB","L","E",0,"2006–2011"
2007,0,"BB_L_1_E_03","BB","L","E",0,"2006–2011"
2008,0,"BB_L_1_E_03","BB","L","E",0,"2006–2011"
2009,0,"BB_L_1_E_03","BB","L","E",0,"2006–2011"
2010,0,"BB_L_1_E_03","BB","L","E",0,"2006–2011"
2011,18,"BB_L_1_E_03","BB","L","E",2.94443897916644,"2006–2011"
2012,0,"BB_L_1_E_03","BB","L","E",0,"2012–2016"
2013,1,"BB_L_1_E_03","BB","L","E",0.693147180559945,"2012–2016"
2014,0,"BB_L_1_E_03","BB","L","E",0,"2012–2016"
2015,1,"BB_L_1_E_03","BB","L","E",0.693147180559945,"2012–2016"
2016,0,"BB_L_1_E_03","BB","L","E",0,"2012–2016"
2017,0,"BB_L_1_E_03","BB","L","E",0,"2017–2021"
2018,2,"BB_L_1_E_03","BB","L","E",1.09861228866811,"2017–2021"
2019,3,"BB_L_1_E_03","BB","L","E",1.38629436111989,"2017–2021"
2020,11,"BB_L_1_E_03","BB","L","E",2.484906649788,"2017–2021"
2021,0,"BB_L_1_E_03","BB","L","E",0,"2017–2021"
2006,0,"BB_L_1_E_04","BB","L","E",0,"2006–2011"
2007,0,"BB_L_1_E_04","BB","L","E",0,"2006–2011"
2008,5,"BB_L_1_E_04","BB","L","E",1.79175946922805,"2006–2011"
2009,0,"BB_L_1_E_04","BB","L","E",0,"2006–2011"
2010,0,"BB_L_1_E_04","BB","L","E",0,"2006–2011"
2011,8,"BB_L_1_E_04","BB","L","E",2.19722457733622,"2006–2011"
2012,0,"BB_L_1_E_04","BB","L","E",0,"2012–2016"
2013,0,"BB_L_1_E_04","BB","L","E",0,"2012–2016"
2014,0,"BB_L_1_E_04","BB","L","E",0,"2012–2016"
2015,1,"BB_L_1_E_04","BB","L","E",0.693147180559945,"2012–2016"
2016,5,"BB_L_1_E_04","BB","L","E",1.79175946922805,"2012–2016"
2017,0,"BB_L_1_E_04","BB","L","E",0,"2017–2021"
2018,0,"BB_L_1_E_04","BB","L","E",0,"2017–2021"
2019,4,"BB_L_1_E_04","BB","L","E",1.6094379124341,"2017–2021"
2020,0,"BB_L_1_E_04","BB","L","E",0,"2017–2021"
2021,0,"BB_L_1_E_04","BB","L","E",0,"2017–2021"
2006,0,"BB_L_1_E_05","BB","L","E",0,"2006–2011"
2007,0,"BB_L_1_E_05","BB","L","E",0,"2006–2011"
2008,3,"BB_L_1_E_05","BB","L","E",1.38629436111989,"2006–2011"
2009,0,"BB_L_1_E_05","BB","L","E",0,"2006–2011"
2010,2,"BB_L_1_E_05","BB","L","E",1.09861228866811,"2006–2011"
2011,0,"BB_L_1_E_05","BB","L","E",0,"2006–2011"
2012,0,"BB_L_1_E_05","BB","L","E",0,"2012–2016"
2013,0,"BB_L_1_E_05","BB","L","E",0,"2012–2016"
2014,1,"BB_L_1_E_05","BB","L","E",0.693147180559945,"2012–2016"
2015,0,"BB_L_1_E_05","BB","L","E",0,"2012–2016"
2016,1,"BB_L_1_E_05","BB","L","E",0.693147180559945,"2012–2016"
2017,1,"BB_L_1_E_05","BB","L","E",0.693147180559945,"2017–2021"
2018,4,"BB_L_1_E_05","BB","L","E",1.6094379124341,"2017–2021"
2019,7,"BB_L_1_E_05","BB","L","E",2.07944154167984,"2017–2021"
2020,4,"BB_L_1_E_05","BB","L","E",1.6094379124341,"2017–2021"
2021,0,"BB_L_1_E_05","BB","L","E",0,"2017–2021"
2006,4,"BB_L_1_E_06","BB","L","E",1.6094379124341,"2006–2011"
2007,0,"BB_L_1_E_06","BB","L","E",0,"2006–2011"
2008,2,"BB_L_1_E_06","BB","L","E",1.09861228866811,"2006–2011"
2009,0,"BB_L_1_E_06","BB","L","E",0,"2006–2011"
2010,4,"BB_L_1_E_06","BB","L","E",1.6094379124341,"2006–2011"
2011,2,"BB_L_1_E_06","BB","L","E",1.09861228866811,"2006–2011"
2012,15,"BB_L_1_E_06","BB","L","E",2.77258872223978,"2012–2016"
2013,0,"BB_L_1_E_06","BB","L","E",0,"2012–2016"
2014,0,"BB_L_1_E_06","BB","L","E",0,"2012–2016"
2015,3,"BB_L_1_E_06","BB","L","E",1.38629436111989,"2012–2016"
2016,0,"BB_L_1_E_06","BB","L","E",0,"2012–2016"
2017,2,"BB_L_1_E_06","BB","L","E",1.09861228866811,"2017–2021"
2018,1,"BB_L_1_E_06","BB","L","E",0.693147180559945,"2017–2021"
2019,16,"BB_L_1_E_06","BB","L","E",2.83321334405622,"2017–2021"
2020,0,"BB_L_1_E_06","BB","L","E",0,"2017–2021"
2021,0,"BB_L_1_E_06","BB","L","E",0,"2017–2021"
2006,0,"BB_L_1_E_07","BB","L","E",0,"2006–2011"
2007,0,"BB_L_1_E_07","BB","L","E",0,"2006–2011"
2008,0,"BB_L_1_E_07","BB","L","E",0,"2006–2011"
2009,0,"BB_L_1_E_07","BB","L","E",0,"2006–2011"
2010,0,"BB_L_1_E_07","BB","L","E",0,"2006–2011"
2011,0,"BB_L_1_E_07","BB","L","E",0,"2006–2011"
2012,0,"BB_L_1_E_07","BB","L","E",0,"2012–2016"
2013,3,"BB_L_1_E_07","BB","L","E",1.38629436111989,"2012–2016"
2014,0,"BB_L_1_E_07","BB","L","E",0,"2012–2016"
2015,0,"BB_L_1_E_07","BB","L","E",0,"2012–2016"
2016,0,"BB_L_1_E_07","BB","L","E",0,"2012–2016"
2017,3,"BB_L_1_E_07","BB","L","E",1.38629436111989,"2017–2021"
2018,4,"BB_L_1_E_07","BB","L","E",1.6094379124341,"2017–2021"
2019,6,"BB_L_1_E_07","BB","L","E",1.94591014905531,"2017–2021"
2020,0,"BB_L_1_E_07","BB","L","E",0,"2017–2021"
2021,1,"BB_L_1_E_07","BB","L","E",0.693147180559945,"2017–2021"
2006,0,"BB_L_1_E_08","BB","L","E",0,"2006–2011"
2007,0,"BB_L_1_E_08","BB","L","E",0,"2006–2011"
2008,0,"BB_L_1_E_08","BB","L","E",0,"2006–2011"
2009,0,"BB_L_1_E_08","BB","L","E",0,"2006–2011"
2010,0,"BB_L_1_E_08","BB","L","E",0,"2006–2011"
2011,0,"BB_L_1_E_08","BB","L","E",0,"2006–2011"
2012,0,"BB_L_1_E_08","BB","L","E",0,"2012–2016"
2013,0,"BB_L_1_E_08","BB","L","E",0,"2012–2016"
2014,5,"BB_L_1_E_08","BB","L","E",1.79175946922805,"2012–2016"
2015,1,"BB_L_1_E_08","BB","L","E",0.693147180559945,"2012–2016"
2016,1,"BB_L_1_E_08","BB","L","E",0.693147180559945,"2012–2016"
2017,3,"BB_L_1_E_08","BB","L","E",1.38629436111989,"2017–2021"
2018,0,"BB_L_1_E_08","BB","L","E",0,"2017–2021"
2019,4,"BB_L_1_E_08","BB","L","E",1.6094379124341,"2017–2021"
2020,0,"BB_L_1_E_08","BB","L","E",0,"2017–2021"
2021,8,"BB_L_1_E_08","BB","L","E",2.19722457733622,"2017–2021"
2006,0,"BB_L_1_E_09","BB","L","E",0,"2006–2011"
2007,0,"BB_L_1_E_09","BB","L","E",0,"2006–2011"
2008,0,"BB_L_1_E_09","BB","L","E",0,"2006–2011"
2009,0,"BB_L_1_E_09","BB","L","E",0,"2006–2011"
2010,10,"BB_L_1_E_09","BB","L","E",2.39789527279837,"2006–2011"
2011,0,"BB_L_1_E_09","BB","L","E",0,"2006–2011"
2012,4,"BB_L_1_E_09","BB","L","E",1.6094379124341,"2012–2016"
2013,0,"BB_L_1_E_09","BB","L","E",0,"2012–2016"
2014,2,"BB_L_1_E_09","BB","L","E",1.09861228866811,"2012–2016"
2015,0,"BB_L_1_E_09","BB","L","E",0,"2012–2016"
2016,11,"BB_L_1_E_09","BB","L","E",2.484906649788,"2012–2016"
2017,1,"BB_L_1_E_09","BB","L","E",0.693147180559945,"2017–2021"
2018,8,"BB_L_1_E_09","BB","L","E",2.19722457733622,"2017–2021"
2019,0,"BB_L_1_E_09","BB","L","E",0,"2017–2021"
2020,0,"BB_L_1_E_09","BB","L","E",0,"2017–2021"
2021,2,"BB_L_1_E_09","BB","L","E",1.09861228866811,"2017–2021"
2006,0,"BB_L_1_E_10","BB","L","E",0,"2006–2011"
2007,0,"BB_L_1_E_10","BB","L","E",0,"2006–2011"
2008,0,"BB_L_1_E_10","BB","L","E",0,"2006–2011"
2009,0,"BB_L_1_E_10","BB","L","E",0,"2006–2011"
2010,0,"BB_L_1_E_10","BB","L","E",0,"2006–2011"
2011,0,"BB_L_1_E_10","BB","L","E",0,"2006–2011"
2012,5,"BB_L_1_E_10","BB","L","E",1.79175946922805,"2012–2016"
2013,8,"BB_L_1_E_10","BB","L","E",2.19722457733622,"2012–2016"
2014,0,"BB_L_1_E_10","BB","L","E",0,"2012–2016"
2015,0,"BB_L_1_E_10","BB","L","E",0,"2012–2016"
2016,45,"BB_L_1_E_10","BB","L","E",3.8286413964891,"2012–2016"
2017,1,"BB_L_1_E_10","BB","L","E",0.693147180559945,"2017–2021"
2018,1,"BB_L_1_E_10","BB","L","E",0.693147180559945,"2017–2021"
2019,0,"BB_L_1_E_10","BB","L","E",0,"2017–2021"
2020,0,"BB_L_1_E_10","BB","L","E",0,"2017–2021"
2021,0,"BB_L_1_E_10","BB","L","E",0,"2017–2021"
2007,0,"BB_L_1_E_11","BB","L","E",0,"2006–2011"
2006,0,"BB_L_2_E_01","BB","L","E",0,"2006–2011"
2008,0,"BB_L_2_E_01","BB","L","E",0,"2006–2011"
2009,4,"BB_L_2_E_01","BB","L","E",1.6094379124341,"2006–2011"
2010,0,"BB_L_2_E_01","BB","L","E",0,"2006–2011"
2011,0,"BB_L_2_E_01","BB","L","E",0,"2006–2011"
2012,0,"BB_L_2_E_01","BB","L","E",0,"2012–2016"
2013,3,"BB_L_2_E_01","BB","L","E",1.38629436111989,"2012–2016"
2014,0,"BB_L_2_E_01","BB","L","E",0,"2012–2016"
2015,1,"BB_L_2_E_01","BB","L","E",0.693147180559945,"2012–2016"
2016,3,"BB_L_2_E_01","BB","L","E",1.38629436111989,"2012–2016"
2017,16,"BB_L_2_E_01","BB","L","E",2.83321334405622,"2017–2021"
2018,2,"BB_L_2_E_01","BB","L","E",1.09861228866811,"2017–2021"
2019,25,"BB_L_2_E_01","BB","L","E",3.25809653802148,"2017–2021"
2020,10,"BB_L_2_E_01","BB","L","E",2.39789527279837,"2017–2021"
2021,15,"BB_L_2_E_01","BB","L","E",2.77258872223978,"2017–2021"
2006,0,"BB_L_2_E_02","BB","L","E",0,"2006–2011"
2008,0,"BB_L_2_E_02","BB","L","E",0,"2006–2011"
2009,0,"BB_L_2_E_02","BB","L","E",0,"2006–2011"
2010,0,"BB_L_2_E_02","BB","L","E",0,"2006–2011"
2011,0,"BB_L_2_E_02","BB","L","E",0,"2006–2011"
2012,0,"BB_L_2_E_02","BB","L","E",0,"2012–2016"
2013,0,"BB_L_2_E_02","BB","L","E",0,"2012–2016"
2014,0,"BB_L_2_E_02","BB","L","E",0,"2012–2016"
2015,0,"BB_L_2_E_02","BB","L","E",0,"2012–2016"
2016,1,"BB_L_2_E_02","BB","L","E",0.693147180559945,"2012–2016"
2017,0,"BB_L_2_E_02","BB","L","E",0,"2017–2021"
2018,7,"BB_L_2_E_02","BB","L","E",2.07944154167984,"2017–2021"
2019,2,"BB_L_2_E_02","BB","L","E",1.09861228866811,"2017–2021"
2020,3,"BB_L_2_E_02","BB","L","E",1.38629436111989,"2017–2021"
2021,22,"BB_L_2_E_02","BB","L","E",3.13549421592915,"2017–2021"
2006,3,"BB_L_2_E_03","BB","L","E",1.38629436111989,"2006–2011"
2008,0,"BB_L_2_E_03","BB","L","E",0,"2006–2011"
2009,3,"BB_L_2_E_03","BB","L","E",1.38629436111989,"2006–2011"
2010,0,"BB_L_2_E_03","BB","L","E",0,"2006–2011"
2011,0,"BB_L_2_E_03","BB","L","E",0,"2006–2011"
2012,0,"BB_L_2_E_03","BB","L","E",0,"2012–2016"
2013,2,"BB_L_2_E_03","BB","L","E",1.09861228866811,"2012–2016"
2014,3,"BB_L_2_E_03","BB","L","E",1.38629436111989,"2012–2016"
2015,3,"BB_L_2_E_03","BB","L","E",1.38629436111989,"2012–2016"
2016,1,"BB_L_2_E_03","BB","L","E",0.693147180559945,"2012–2016"
2017,3,"BB_L_2_E_03","BB","L","E",1.38629436111989,"2017–2021"
2018,0,"BB_L_2_E_03","BB","L","E",0,"2017–2021"
2019,0,"BB_L_2_E_03","BB","L","E",0,"2017–2021"
2020,25,"BB_L_2_E_03","BB","L","E",3.25809653802148,"2017–2021"
2021,26,"BB_L_2_E_03","BB","L","E",3.29583686600433,"2017–2021"
2006,0,"BB_L_2_E_04","BB","L","E",0,"2006–2011"
2008,0,"BB_L_2_E_04","BB","L","E",0,"2006–2011"
2009,0,"BB_L_2_E_04","BB","L","E",0,"2006–2011"
2010,3,"BB_L_2_E_04","BB","L","E",1.38629436111989,"2006–2011"
2011,0,"BB_L_2_E_04","BB","L","E",0,"2006–2011"
2012,5,"BB_L_2_E_04","BB","L","E",1.79175946922805,"2012–2016"
2013,3,"BB_L_2_E_04","BB","L","E",1.38629436111989,"2012–2016"
2014,0,"BB_L_2_E_04","BB","L","E",0,"2012–2016"
2015,0,"BB_L_2_E_04","BB","L","E",0,"2012–2016"
2016,2,"BB_L_2_E_04","BB","L","E",1.09861228866811,"2012–2016"
2017,42,"BB_L_2_E_04","BB","L","E",3.76120011569356,"2017–2021"
2018,1,"BB_L_2_E_04","BB","L","E",0.693147180559945,"2017–2021"
2019,4,"BB_L_2_E_04","BB","L","E",1.6094379124341,"2017–2021"
2020,36,"BB_L_2_E_04","BB","L","E",3.61091791264422,"2017–2021"
2021,14,"BB_L_2_E_04","BB","L","E",2.70805020110221,"2017–2021"
2006,0,"BB_L_2_E_05","BB","L","E",0,"2006–2011"
2008,1,"BB_L_2_E_05","BB","L","E",0.693147180559945,"2006–2011"
2009,0,"BB_L_2_E_05","BB","L","E",0,"2006–2011"
2010,2,"BB_L_2_E_05","BB","L","E",1.09861228866811,"2006–2011"
2011,3,"BB_L_2_E_05","BB","L","E",1.38629436111989,"2006–2011"
2012,0,"BB_L_2_E_05","BB","L","E",0,"2012–2016"
2013,0,"BB_L_2_E_05","BB","L","E",0,"2012–2016"
2014,0,"BB_L_2_E_05","BB","L","E",0,"2012–2016"
2015,0,"BB_L_2_E_05","BB","L","E",0,"2012–2016"
2016,0,"BB_L_2_E_05","BB","L","E",0,"2012–2016"
2017,14,"BB_L_2_E_05","BB","L","E",2.70805020110221,"2017–2021"
2018,0,"BB_L_2_E_05","BB","L","E",0,"2017–2021"
2019,2,"BB_L_2_E_05","BB","L","E",1.09861228866811,"2017–2021"
2020,24,"BB_L_2_E_05","BB","L","E",3.2188758248682,"2017–2021"
2021,10,"BB_L_2_E_05","BB","L","E",2.39789527279837,"2017–2021"
2006,0,"BB_L_2_E_06","BB","L","E",0,"2006–2011"
2008,5,"BB_L_2_E_06","BB","L","E",1.79175946922805,"2006–2011"
2009,5,"BB_L_2_E_06","BB","L","E",1.79175946922805,"2006–2011"
2010,1,"BB_L_2_E_06","BB","L","E",0.693147180559945,"2006–2011"
2011,0,"BB_L_2_E_06","BB","L","E",0,"2006–2011"
2012,0,"BB_L_2_E_06","BB","L","E",0,"2012–2016"
2013,0,"BB_L_2_E_06","BB","L","E",0,"2012–2016"
2014,0,"BB_L_2_E_06","BB","L","E",0,"2012–2016"
2015,0,"BB_L_2_E_06","BB","L","E",0,"2012–2016"
2016,7,"BB_L_2_E_06","BB","L","E",2.07944154167984,"2012–2016"
2017,0,"BB_L_2_E_06","BB","L","E",0,"2017–2021"
2018,0,"BB_L_2_E_06","BB","L","E",0,"2017–2021"
2019,5,"BB_L_2_E_06","BB","L","E",1.79175946922805,"2017–2021"
2020,16,"BB_L_2_E_06","BB","L","E",2.83321334405622,"2017–2021"
2021,22,"BB_L_2_E_06","BB","L","E",3.13549421592915,"2017–2021"
2006,0,"BB_L_2_E_07","BB","L","E",0,"2006–2011"
2008,0,"BB_L_2_E_07","BB","L","E",0,"2006–2011"
2009,9,"BB_L_2_E_07","BB","L","E",2.30258509299405,"2006–2011"
2010,5,"BB_L_2_E_07","BB","L","E",1.79175946922805,"2006–2011"
2011,1,"BB_L_2_E_07","BB","L","E",0.693147180559945,"2006–2011"
2012,0,"BB_L_2_E_07","BB","L","E",0,"2012–2016"
2013,0,"BB_L_2_E_07","BB","L","E",0,"2012–2016"
2014,0,"BB_L_2_E_07","BB","L","E",0,"2012–2016"
2015,1,"BB_L_2_E_07","BB","L","E",0.693147180559945,"2012–2016"
2016,1,"BB_L_2_E_07","BB","L","E",0.693147180559945,"2012–2016"
2017,0,"BB_L_2_E_07","BB","L","E",0,"2017–2021"
2018,0,"BB_L_2_E_07","BB","L","E",0,"2017–2021"
2019,1,"BB_L_2_E_07","BB","L","E",0.693147180559945,"2017–2021"
2020,11,"BB_L_2_E_07","BB","L","E",2.484906649788,"2017–2021"
2021,37,"BB_L_2_E_07","BB","L","E",3.63758615972639,"2017–2021"
2006,0,"BB_L_2_E_08","BB","L","E",0,"2006–2011"
2008,0,"BB_L_2_E_08","BB","L","E",0,"2006–2011"
2009,0,"BB_L_2_E_08","BB","L","E",0,"2006–2011"
2010,23,"BB_L_2_E_08","BB","L","E",3.17805383034795,"2006–2011"
2011,5,"BB_L_2_E_08","BB","L","E",1.79175946922805,"2006–2011"
2012,0,"BB_L_2_E_08","BB","L","E",0,"2012–2016"
2013,0,"BB_L_2_E_08","BB","L","E",0,"2012–2016"
2014,0,"BB_L_2_E_08","BB","L","E",0,"2012–2016"
2015,0,"BB_L_2_E_08","BB","L","E",0,"2012–2016"
2016,7,"BB_L_2_E_08","BB","L","E",2.07944154167984,"2012–2016"
2017,2,"BB_L_2_E_08","BB","L","E",1.09861228866811,"2017–2021"
2018,7,"BB_L_2_E_08","BB","L","E",2.07944154167984,"2017–2021"
2018,0,"BB_L_2_E_08","BB","L","E",0,"2017–2021"
2019,0,"BB_L_2_E_08","BB","L","E",0,"2017–2021"
2020,0,"BB_L_2_E_08","BB","L","E",0,"2017–2021"
2021,27,"BB_L_2_E_08","BB","L","E",3.3322045101752,"2017–2021"
2006,0,"BB_L_2_E_09","BB","L","E",0,"2006–2011"
2008,2,"BB_L_2_E_09","BB","L","E",1.09861228866811,"2006–2011"
2009,0,"BB_L_2_E_09","BB","L","E",0,"2006–2011"
2010,1,"BB_L_2_E_09","BB","L","E",0.693147180559945,"2006–2011"
2011,7,"BB_L_2_E_09","BB","L","E",2.07944154167984,"2006–2011"
2012,0,"BB_L_2_E_09","BB","L","E",0,"2012–2016"
2013,0,"BB_L_2_E_09","BB","L","E",0,"2012–2016"
2014,1,"BB_L_2_E_09","BB","L","E",0.693147180559945,"2012–2016"
2015,4,"BB_L_2_E_09","BB","L","E",1.6094379124341,"2012–2016"
2016,7,"BB_L_2_E_09","BB","L","E",2.07944154167984,"2012–2016"
2017,0,"BB_L_2_E_09","BB","L","E",0,"2017–2021"
2019,0,"BB_L_2_E_09","BB","L","E",0,"2017–2021"
2020,0,"BB_L_2_E_09","BB","L","E",0,"2017–2021"
2021,62,"BB_L_2_E_09","BB","L","E",4.14313472639153,"2017–2021"
2006,1,"BB_L_2_E_10","BB","L","E",0.693147180559945,"2006–2011"
2008,14,"BB_L_2_E_10","BB","L","E",2.70805020110221,"2006–2011"
2009,0,"BB_L_2_E_10","BB","L","E",0,"2006–2011"
2010,8,"BB_L_2_E_10","BB","L","E",2.19722457733622,"2006–2011"
2011,11,"BB_L_2_E_10","BB","L","E",2.484906649788,"2006–2011"
2012,11,"BB_L_2_E_10","BB","L","E",2.484906649788,"2012–2016"
2013,10,"BB_L_2_E_10","BB","L","E",2.39789527279837,"2012–2016"
2014,1,"BB_L_2_E_10","BB","L","E",0.693147180559945,"2012–2016"
2015,0,"BB_L_2_E_10","BB","L","E",0,"2012–2016"
2016,0,"BB_L_2_E_10","BB","L","E",0,"2012–2016"
2017,1,"BB_L_2_E_10","BB","L","E",0.693147180559945,"2017–2021"
2018,1,"BB_L_2_E_10","BB","L","E",0.693147180559945,"2017–2021"
2019,6,"BB_L_2_E_10","BB","L","E",1.94591014905531,"2017–2021"
2020,0,"BB_L_2_E_10","BB","L","E",0,"2017–2021"
2021,40,"BB_L_2_E_10","BB","L","E",3.71357206670431,"2017–2021"
2006,1,"BB_L_3_E_01","BB","L","E",0.693147180559945,"2006–2011"
2011,2,"BB_L_3_E_01","BB","L","E",1.09861228866811,"2006–2011"
2012,0,"BB_L_3_E_01","BB","L","E",0,"2012–2016"
2013,5,"BB_L_3_E_01","BB","L","E",1.79175946922805,"2012–2016"
2014,3,"BB_L_3_E_01","BB","L","E",1.38629436111989,"2012–2016"
2015,3,"BB_L_3_E_01","BB","L","E",1.38629436111989,"2012–2016"
2016,0,"BB_L_3_E_01","BB","L","E",0,"2012–2016"
2017,2,"BB_L_3_E_01","BB","L","E",1.09861228866811,"2017–2021"
2018,55,"BB_L_3_E_01","BB","L","E",4.02535169073515,"2017–2021"
2019,1,"BB_L_3_E_01","BB","L","E",0.693147180559945,"2017–2021"
2020,0,"BB_L_3_E_01","BB","L","E",0,"2017–2021"
2021,0,"BB_L_3_E_01","BB","L","E",0,"2017–2021"
2006,4,"BB_L_3_E_02","BB","L","E",1.6094379124341,"2006–2011"
2011,1,"BB_L_3_E_02","BB","L","E",0.693147180559945,"2006–2011"
2012,9,"BB_L_3_E_02","BB","L","E",2.30258509299405,"2012–2016"
2013,2,"BB_L_3_E_02","BB","L","E",1.09861228866811,"2012–2016"
2014,1,"BB_L_3_E_02","BB","L","E",0.693147180559945,"2012–2016"
2015,0,"BB_L_3_E_02","BB","L","E",0,"2012–2016"
2016,0,"BB_L_3_E_02","BB","L","E",0,"2012–2016"
2017,0,"BB_L_3_E_02","BB","L","E",0,"2017–2021"
2018,0,"BB_L_3_E_02","BB","L","E",0,"2017–2021"
2019,1,"BB_L_3_E_02","BB","L","E",0.693147180559945,"2017–2021"
2020,0,"BB_L_3_E_02","BB","L","E",0,"2017–2021"
2021,0,"BB_L_3_E_02","BB","L","E",0,"2017–2021"
2006,0,"BB_L_3_E_03","BB","L","E",0,"2006–2011"
2011,0,"BB_L_3_E_03","BB","L","E",0,"2006–2011"
2012,0,"BB_L_3_E_03","BB","L","E",0,"2012–2016"
2013,1,"BB_L_3_E_03","BB","L","E",0.693147180559945,"2012–2016"
2014,3,"BB_L_3_E_03","BB","L","E",1.38629436111989,"2012–2016"
2015,13,"BB_L_3_E_03","BB","L","E",2.63905732961526,"2012–2016"
2016,15,"BB_L_3_E_03","BB","L","E",2.77258872223978,"2012–2016"
2017,0,"BB_L_3_E_03","BB","L","E",0,"2017–2021"
2018,2,"BB_L_3_E_03","BB","L","E",1.09861228866811,"2017–2021"
2019,0,"BB_L_3_E_03","BB","L","E",0,"2017–2021"
2020,5,"BB_L_3_E_03","BB","L","E",1.79175946922805,"2017–2021"
2021,0,"BB_L_3_E_03","BB","L","E",0,"2017–2021"
2006,0,"BB_L_3_E_04","BB","L","E",0,"2006–2011"
2011,0,"BB_L_3_E_04","BB","L","E",0,"2006–2011"
2012,0,"BB_L_3_E_04","BB","L","E",0,"2012–2016"
2013,0,"BB_L_3_E_04","BB","L","E",0,"2012–2016"
2014,4,"BB_L_3_E_04","BB","L","E",1.6094379124341,"2012–2016"
2015,0,"BB_L_3_E_04","BB","L","E",0,"2012–2016"
2016,1,"BB_L_3_E_04","BB","L","E",0.693147180559945,"2012–2016"
2017,28,"BB_L_3_E_04","BB","L","E",3.36729582998647,"2017–2021"
2018,1,"BB_L_3_E_04","BB","L","E",0.693147180559945,"2017–2021"
2019,0,"BB_L_3_E_04","BB","L","E",0,"2017–2021"
2020,0,"BB_L_3_E_04","BB","L","E",0,"2017–2021"
2021,6,"BB_L_3_E_04","BB","L","E",1.94591014905531,"2017–2021"
2006,0,"BB_L_3_E_05","BB","L","E",0,"2006–2011"
2011,8,"BB_L_3_E_05","BB","L","E",2.19722457733622,"2006–2011"
2012,0,"BB_L_3_E_05","BB","L","E",0,"2012–2016"
2013,0,"BB_L_3_E_05","BB","L","E",0,"2012–2016"
2014,0,"BB_L_3_E_05","BB","L","E",0,"2012–2016"
2015,0,"BB_L_3_E_05","BB","L","E",0,"2012–2016"
2016,1,"BB_L_3_E_05","BB","L","E",0.693147180559945,"2012–2016"
2017,0,"BB_L_3_E_05","BB","L","E",0,"2017–2021"
2018,0,"BB_L_3_E_05","BB","L","E",0,"2017–2021"
2019,0,"BB_L_3_E_05","BB","L","E",0,"2017–2021"
2020,0,"BB_L_3_E_05","BB","L","E",0,"2017–2021"
2021,0,"BB_L_3_E_05","BB","L","E",0,"2017–2021"
2006,5,"BB_L_3_E_06","BB","L","E",1.79175946922805,"2006–2011"
2011,0,"BB_L_3_E_06","BB","L","E",0,"2006–2011"
2012,1,"BB_L_3_E_06","BB","L","E",0.693147180559945,"2012–2016"
2013,4,"BB_L_3_E_06","BB","L","E",1.6094379124341,"2012–2016"
2014,0,"BB_L_3_E_06","BB","L","E",0,"2012–2016"
2015,0,"BB_L_3_E_06","BB","L","E",0,"2012–2016"
2016,2,"BB_L_3_E_06","BB","L","E",1.09861228866811,"2012–2016"
2017,0,"BB_L_3_E_06","BB","L","E",0,"2017–2021"
2018,0,"BB_L_3_E_06","BB","L","E",0,"2017–2021"
2019,1,"BB_L_3_E_06","BB","L","E",0.693147180559945,"2017–2021"
2020,0,"BB_L_3_E_06","BB","L","E",0,"2017–2021"
2021,5,"BB_L_3_E_06","BB","L","E",1.79175946922805,"2017–2021"
2006,5,"BB_L_3_E_07","BB","L","E",1.79175946922805,"2006–2011"
2011,15,"BB_L_3_E_07","BB","L","E",2.77258872223978,"2006–2011"
2012,2,"BB_L_3_E_07","BB","L","E",1.09861228866811,"2012–2016"
2013,2,"BB_L_3_E_07","BB","L","E",1.09861228866811,"2012–2016"
2014,0,"BB_L_3_E_07","BB","L","E",0,"2012–2016"
2015,0,"BB_L_3_E_07","BB","L","E",0,"2012–2016"
2016,7,"BB_L_3_E_07","BB","L","E",2.07944154167984,"2012–2016"
2017,43,"BB_L_3_E_07","BB","L","E",3.78418963391826,"2017–2021"
2018,0,"BB_L_3_E_07","BB","L","E",0,"2017–2021"
2019,0,"BB_L_3_E_07","BB","L","E",0,"2017–2021"
2020,0,"BB_L_3_E_07","BB","L","E",0,"2017–2021"
2021,5,"BB_L_3_E_07","BB","L","E",1.79175946922805,"2017–2021"
2006,5,"BB_L_3_E_08","BB","L","E",1.79175946922805,"2006–2011"
2011,0,"BB_L_3_E_08","BB","L","E",0,"2006–2011"
2012,0,"BB_L_3_E_08","BB","L","E",0,"2012–2016"
2013,0,"BB_L_3_E_08","BB","L","E",0,"2012–2016"
2014,0,"BB_L_3_E_08","BB","L","E",0,"2012–2016"
2015,0,"BB_L_3_E_08","BB","L","E",0,"2012–2016"
2016,4,"BB_L_3_E_08","BB","L","E",1.6094379124341,"2012–2016"
2017,5,"BB_L_3_E_08","BB","L","E",1.79175946922805,"2017–2021"
2018,1,"BB_L_3_E_08","BB","L","E",0.693147180559945,"2017–2021"
2019,0,"BB_L_3_E_08","BB","L","E",0,"2017–2021"
2020,0,"BB_L_3_E_08","BB","L","E",0,"2017–2021"
2021,9,"BB_L_3_E_08","BB","L","E",2.30258509299405,"2017–2021"
2006,6,"BB_L_3_E_09","BB","L","E",1.94591014905531,"2006–2011"
2011,0,"BB_L_3_E_09","BB","L","E",0,"2006–2011"
2012,2,"BB_L_3_E_09","BB","L","E",1.09861228866811,"2012–2016"
2013,0,"BB_L_3_E_09","BB","L","E",0,"2012–2016"
2014,2,"BB_L_3_E_09","BB","L","E",1.09861228866811,"2012–2016"
2015,1,"BB_L_3_E_09","BB","L","E",0.693147180559945,"2012–2016"
2016,0,"BB_L_3_E_09","BB","L","E",0,"2012–2016"
2017,1,"BB_L_3_E_09","BB","L","E",0.693147180559945,"2017–2021"
2018,0,"BB_L_3_E_09","BB","L","E",0,"2017–2021"
2019,0,"BB_L_3_E_09","BB","L","E",0,"2017–2021"
2020,0,"BB_L_3_E_09","BB","L","E",0,"2017–2021"
2021,0,"BB_L_3_E_09","BB","L","E",0,"2017–2021"
2006,4,"BB_L_3_E_10","BB","L","E",1.6094379124341,"2006–2011"
2011,0,"BB_L_3_E_10","BB","L","E",0,"2006–2011"
2012,0,"BB_L_3_E_10","BB","L","E",0,"2012–2016"
2013,1,"BB_L_3_E_10","BB","L","E",0.693147180559945,"2012–2016"
2014,0,"BB_L_3_E_10","BB","L","E",0,"2012–2016"
2015,2,"BB_L_3_E_10","BB","L","E",1.09861228866811,"2012–2016"
2017,91,"BB_L_3_E_10","BB","L","E",4.52178857704904,"2017–2021"
2018,0,"BB_L_3_E_10","BB","L","E",0,"2017–2021"
2019,1,"BB_L_3_E_10","BB","L","E",0.693147180559945,"2017–2021"
2020,1,"BB_L_3_E_10","BB","L","E",0.693147180559945,"2017–2021"
2021,8,"BB_L_3_E_10","BB","L","E",2.19722457733622,"2017–2021"
2011,8,"BB_L_4_E_01","BB","L","E",2.19722457733622,"2006–2011"
2017,24,"BB_L_4_E_01","BB","L","E",3.2188758248682,"2017–2021"
2011,0,"BB_L_4_E_02","BB","L","E",0,"2006–2011"
2017,20,"BB_L_4_E_02","BB","L","E",3.04452243772342,"2017–2021"
2011,0,"BB_L_4_E_03","BB","L","E",0,"2006–2011"
2017,8,"BB_L_4_E_03","BB","L","E",2.19722457733622,"2017–2021"
2011,0,"BB_L_4_E_04","BB","L","E",0,"2006–2011"
2017,31,"BB_L_4_E_04","BB","L","E",3.46573590279973,"2017–2021"
2011,0,"BB_L_4_E_05","BB","L","E",0,"2006–2011"
2017,3,"BB_L_4_E_05","BB","L","E",1.38629436111989,"2017–2021"
2011,0,"BB_L_4_E_06","BB","L","E",0,"2006–2011"
2017,0,"BB_L_4_E_06","BB","L","E",0,"2017–2021"
2011,0,"BB_L_4_E_07","BB","L","E",0,"2006–2011"
2017,3,"BB_L_4_E_07","BB","L","E",1.38629436111989,"2017–2021"
2011,0,"BB_L_4_E_08","BB","L","E",0,"2006–2011"
2017,0,"BB_L_4_E_08","BB","L","E",0,"2017–2021"
2011,0,"BB_L_4_E_09","BB","L","E",0,"2006–2011"
2017,0,"BB_L_4_E_09","BB","L","E",0,"2017–2021"
2011,0,"BB_L_4_E_10","BB","L","E",0,"2006–2011"
2017,0,"BB_L_4_E_10","BB","L","E",0,"2017–2021"
2006,0,"CBN_L_1_E_01","CB","L","E",0,"2006–2011"
2008,0,"CBN_L_1_E_01","CB","L","E",0,"2006–2011"
2009,0,"CBN_L_1_E_01","CB","L","E",0,"2006–2011"
2010,0,"CBN_L_1_E_01","CB","L","E",0,"2006–2011"
2011,11,"CBN_L_1_E_01","CB","L","E",2.484906649788,"2006–2011"
2012,11,"CBN_L_1_E_01","CB","L","E",2.484906649788,"2012–2016"
2013,55,"CBN_L_1_E_01","CB","L","E",4.02535169073515,"2012–2016"
2014,0,"CBN_L_1_E_01","CB","L","E",0,"2012–2016"
2015,15,"CBN_L_1_E_01","CB","L","E",2.77258872223978,"2012–2016"
2016,4,"CBN_L_1_E_01","CB","L","E",1.6094379124341,"2012–2016"
2017,18,"CBN_L_1_E_01","CB","L","E",2.94443897916644,"2017–2021"
2018,0,"CBN_L_1_E_01","CB","L","E",0,"2017–2021"
2019,21,"CBN_L_1_E_01","CB","L","E",3.09104245335832,"2017–2021"
2020,0,"CBN_L_1_E_01","CB","L","E",0,"2017–2021"
2006,0,"CBN_L_1_E_02","CB","L","E",0,"2006–2011"
2008,3,"CBN_L_1_E_02","CB","L","E",1.38629436111989,"2006–2011"
2009,0,"CBN_L_1_E_02","CB","L","E",0,"2006–2011"
2010,0,"CBN_L_1_E_02","CB","L","E",0,"2006–2011"
2011,11,"CBN_L_1_E_02","CB","L","E",2.484906649788,"2006–2011"
2012,16,"CBN_L_1_E_02","CB","L","E",2.83321334405622,"2012–2016"
2013,15,"CBN_L_1_E_02","CB","L","E",2.77258872223978,"2012–2016"
2014,0,"CBN_L_1_E_02","CB","L","E",0,"2012–2016"
2015,38,"CBN_L_1_E_02","CB","L","E",3.66356164612965,"2012–2016"
2016,1,"CBN_L_1_E_02","CB","L","E",0.693147180559945,"2012–2016"
2017,23,"CBN_L_1_E_02","CB","L","E",3.17805383034795,"2017–2021"
2018,0,"CBN_L_1_E_02","CB","L","E",0,"2017–2021"
2019,0,"CBN_L_1_E_02","CB","L","E",0,"2017–2021"
2020,0,"CBN_L_1_E_02","CB","L","E",0,"2017–2021"
2006,11,"CBN_L_1_E_03","CB","L","E",2.484906649788,"2006–2011"
2008,4,"CBN_L_1_E_03","CB","L","E",1.6094379124341,"2006–2011"
2009,6,"CBN_L_1_E_03","CB","L","E",1.94591014905531,"2006–2011"
2010,0,"CBN_L_1_E_03","CB","L","E",0,"2006–2011"
2011,3,"CBN_L_1_E_03","CB","L","E",1.38629436111989,"2006–2011"
2012,6,"CBN_L_1_E_03","CB","L","E",1.94591014905531,"2012–2016"
2013,1,"CBN_L_1_E_03","CB","L","E",0.693147180559945,"2012–2016"
2014,23,"CBN_L_1_E_03","CB","L","E",3.17805383034795,"2012–2016"
2015,10,"CBN_L_1_E_03","CB","L","E",2.39789527279837,"2012–2016"
2016,5,"CBN_L_1_E_03","CB","L","E",1.79175946922805,"2012–2016"
2017,10,"CBN_L_1_E_03","CB","L","E",2.39789527279837,"2017–2021"
2018,1,"CBN_L_1_E_03","CB","L","E",0.693147180559945,"2017–2021"
2019,23,"CBN_L_1_E_03","CB","L","E",3.17805383034795,"2017–2021"
2020,0,"CBN_L_1_E_03","CB","L","E",0,"2017–2021"
2006,0,"CBN_L_1_E_04","CB","L","E",0,"2006–2011"
2008,10,"CBN_L_1_E_04","CB","L","E",2.39789527279837,"2006–2011"
2009,0,"CBN_L_1_E_04","CB","L","E",0,"2006–2011"
2010,0,"CBN_L_1_E_04","CB","L","E",0,"2006–2011"
2011,3,"CBN_L_1_E_04","CB","L","E",1.38629436111989,"2006–2011"
2012,0,"CBN_L_1_E_04","CB","L","E",0,"2012–2016"
2013,15,"CBN_L_1_E_04","CB","L","E",2.77258872223978,"2012–2016"
2014,21,"CBN_L_1_E_04","CB","L","E",3.09104245335832,"2012–2016"
2015,8,"CBN_L_1_E_04","CB","L","E",2.19722457733622,"2012–2016"
2016,11,"CBN_L_1_E_04","CB","L","E",2.484906649788,"2012–2016"
2017,16,"CBN_L_1_E_04","CB","L","E",2.83321334405622,"2017–2021"
2018,1,"CBN_L_1_E_04","CB","L","E",0.693147180559945,"2017–2021"
2019,5,"CBN_L_1_E_04","CB","L","E",1.79175946922805,"2017–2021"
2020,0,"CBN_L_1_E_04","CB","L","E",0,"2017–2021"
2006,5,"CBN_L_1_E_05","CB","L","E",1.79175946922805,"2006–2011"
2008,0,"CBN_L_1_E_05","CB","L","E",0,"2006–2011"
2009,0,"CBN_L_1_E_05","CB","L","E",0,"2006–2011"
2010,0,"CBN_L_1_E_05","CB","L","E",0,"2006–2011"
2011,19,"CBN_L_1_E_05","CB","L","E",2.99573227355399,"2006–2011"
2012,12,"CBN_L_1_E_05","CB","L","E",2.56494935746154,"2012–2016"
2013,10,"CBN_L_1_E_05","CB","L","E",2.39789527279837,"2012–2016"
2014,3,"CBN_L_1_E_05","CB","L","E",1.38629436111989,"2012–2016"
2015,13,"CBN_L_1_E_05","CB","L","E",2.63905732961526,"2012–2016"
2016,0,"CBN_L_1_E_05","CB","L","E",0,"2012–2016"
2017,6,"CBN_L_1_E_05","CB","L","E",1.94591014905531,"2017–2021"
2018,2,"CBN_L_1_E_05","CB","L","E",1.09861228866811,"2017–2021"
2019,4,"CBN_L_1_E_05","CB","L","E",1.6094379124341,"2017–2021"
2020,0,"CBN_L_1_E_05","CB","L","E",0,"2017–2021"
2006,19,"CBN_L_1_E_06","CB","L","E",2.99573227355399,"2006–2011"
2008,1,"CBN_L_1_E_06","CB","L","E",0.693147180559945,"2006–2011"
2009,0,"CBN_L_1_E_06","CB","L","E",0,"2006–2011"
2010,0,"CBN_L_1_E_06","CB","L","E",0,"2006–2011"
2011,4,"CBN_L_1_E_06","CB","L","E",1.6094379124341,"2006–2011"
2012,0,"CBN_L_1_E_06","CB","L","E",0,"2012–2016"
2013,3,"CBN_L_1_E_06","CB","L","E",1.38629436111989,"2012–2016"
2014,6,"CBN_L_1_E_06","CB","L","E",1.94591014905531,"2012–2016"
2015,4,"CBN_L_1_E_06","CB","L","E",1.6094379124341,"2012–2016"
2016,10,"CBN_L_1_E_06","CB","L","E",2.39789527279837,"2012–2016"
2017,3,"CBN_L_1_E_06","CB","L","E",1.38629436111989,"2017–2021"
2018,2,"CBN_L_1_E_06","CB","L","E",1.09861228866811,"2017–2021"
2019,57,"CBN_L_1_E_06","CB","L","E",4.06044301054642,"2017–2021"
2020,0,"CBN_L_1_E_06","CB","L","E",0,"2017–2021"
2006,0,"CBN_L_1_E_07","CB","L","E",0,"2006–2011"
2008,3,"CBN_L_1_E_07","CB","L","E",1.38629436111989,"2006–2011"
2009,0,"CBN_L_1_E_07","CB","L","E",0,"2006–2011"
2010,1,"CBN_L_1_E_07","CB","L","E",0.693147180559945,"2006–2011"
2011,27,"CBN_L_1_E_07","CB","L","E",3.3322045101752,"2006–2011"
2012,11,"CBN_L_1_E_07","CB","L","E",2.484906649788,"2012–2016"
2013,3,"CBN_L_1_E_07","CB","L","E",1.38629436111989,"2012–2016"
2014,0,"CBN_L_1_E_07","CB","L","E",0,"2012–2016"
2015,8,"CBN_L_1_E_07","CB","L","E",2.19722457733622,"2012–2016"
2016,5,"CBN_L_1_E_07","CB","L","E",1.79175946922805,"2012–2016"
2017,0,"CBN_L_1_E_07","CB","L","E",0,"2017–2021"
2018,1,"CBN_L_1_E_07","CB","L","E",0.693147180559945,"2017–2021"
2019,6,"CBN_L_1_E_07","CB","L","E",1.94591014905531,"2017–2021"
2020,0,"CBN_L_1_E_07","CB","L","E",0,"2017–2021"
2006,9,"CBN_L_1_E_08","CB","L","E",2.30258509299405,"2006–2011"
2008,10,"CBN_L_1_E_08","CB","L","E",2.39789527279837,"2006–2011"
2009,0,"CBN_L_1_E_08","CB","L","E",0,"2006–2011"
2010,0,"CBN_L_1_E_08","CB","L","E",0,"2006–2011"
2011,0,"CBN_L_1_E_08","CB","L","E",0,"2006–2011"
2012,0,"CBN_L_1_E_08","CB","L","E",0,"2012–2016"
2013,12,"CBN_L_1_E_08","CB","L","E",2.56494935746154,"2012–2016"
2014,0,"CBN_L_1_E_08","CB","L","E",0,"2012–2016"
2015,11,"CBN_L_1_E_08","CB","L","E",2.484906649788,"2012–2016"
2016,32,"CBN_L_1_E_08","CB","L","E",3.49650756146648,"2012–2016"
2017,9,"CBN_L_1_E_08","CB","L","E",2.30258509299405,"2017–2021"
2018,0,"CBN_L_1_E_08","CB","L","E",0,"2017–2021"
2019,13,"CBN_L_1_E_08","CB","L","E",2.63905732961526,"2017–2021"
2020,7,"CBN_L_1_E_08","CB","L","E",2.07944154167984,"2017–2021"
2006,1,"CBN_L_1_E_09","CB","L","E",0.693147180559945,"2006–2011"
2008,3,"CBN_L_1_E_09","CB","L","E",1.38629436111989,"2006–2011"
2009,0,"CBN_L_1_E_09","CB","L","E",0,"2006–2011"
2010,0,"CBN_L_1_E_09","CB","L","E",0,"2006–2011"
2011,2,"CBN_L_1_E_09","CB","L","E",1.09861228866811,"2006–2011"
2012,0,"CBN_L_1_E_09","CB","L","E",0,"2012–2016"
2013,10,"CBN_L_1_E_09","CB","L","E",2.39789527279837,"2012–2016"
2014,0,"CBN_L_1_E_09","CB","L","E",0,"2012–2016"
2015,11,"CBN_L_1_E_09","CB","L","E",2.484906649788,"2012–2016"
2016,29,"CBN_L_1_E_09","CB","L","E",3.40119738166216,"2012–2016"
2017,11,"CBN_L_1_E_09","CB","L","E",2.484906649788,"2017–2021"
2018,16,"CBN_L_1_E_09","CB","L","E",2.83321334405622,"2017–2021"
2019,17,"CBN_L_1_E_09","CB","L","E",2.89037175789616,"2017–2021"
2020,0,"CBN_L_1_E_09","CB","L","E",0,"2017–2021"
2006,0,"CBN_L_1_E_10","CB","L","E",0,"2006–2011"
2008,3,"CBN_L_1_E_10","CB","L","E",1.38629436111989,"2006–2011"
2009,1,"CBN_L_1_E_10","CB","L","E",0.693147180559945,"2006–2011"
2010,1,"CBN_L_1_E_10","CB","L","E",0.693147180559945,"2006–2011"
2011,37,"CBN_L_1_E_10","CB","L","E",3.63758615972639,"2006–2011"
2012,7,"CBN_L_1_E_10","CB","L","E",2.07944154167984,"2012–2016"
2013,4,"CBN_L_1_E_10","CB","L","E",1.6094379124341,"2012–2016"
2014,0,"CBN_L_1_E_10","CB","L","E",0,"2012–2016"
2015,3,"CBN_L_1_E_10","CB","L","E",1.38629436111989,"2012–2016"
2016,3,"CBN_L_1_E_10","CB","L","E",1.38629436111989,"2012–2016"
2017,4,"CBN_L_1_E_10","CB","L","E",1.6094379124341,"2017–2021"
2018,22,"CBN_L_1_E_10","CB","L","E",3.13549421592915,"2017–2021"
2019,15,"CBN_L_1_E_10","CB","L","E",2.77258872223978,"2017–2021"
2020,0,"CBN_L_1_E_10","CB","L","E",0,"2017–2021"
2006,1,"CBN_L_2_E_01","CB","L","E",0.693147180559945,"2006–2011"
2008,1,"CBN_L_2_E_01","CB","L","E",0.693147180559945,"2006–2011"
2009,17,"CBN_L_2_E_01","CB","L","E",2.89037175789616,"2006–2011"
2010,5,"CBN_L_2_E_01","CB","L","E",1.79175946922805,"2006–2011"
2011,0,"CBN_L_2_E_01","CB","L","E",0,"2006–2011"
2012,5,"CBN_L_2_E_01","CB","L","E",1.79175946922805,"2012–2016"
2013,3,"CBN_L_2_E_01","CB","L","E",1.38629436111989,"2012–2016"
2014,0,"CBN_L_2_E_01","CB","L","E",0,"2012–2016"
2015,19,"CBN_L_2_E_01","CB","L","E",2.99573227355399,"2012–2016"
2016,2,"CBN_L_2_E_01","CB","L","E",1.09861228866811,"2012–2016"
2017,0,"CBN_L_2_E_01","CB","L","E",0,"2017–2021"
2018,3,"CBN_L_2_E_01","CB","L","E",1.38629436111989,"2017–2021"
2019,22,"CBN_L_2_E_01","CB","L","E",3.13549421592915,"2017–2021"
2019,8,"CBN_L_2_E_01","CB","L","E",2.19722457733622,"2017–2021"
2020,0,"CBN_L_2_E_01","CB","L","E",0,"2017–2021"
2006,4,"CBN_L_2_E_02","CB","L","E",1.6094379124341,"2006–2011"
2008,3,"CBN_L_2_E_02","CB","L","E",1.38629436111989,"2006–2011"
2009,0,"CBN_L_2_E_02","CB","L","E",0,"2006–2011"
2010,0,"CBN_L_2_E_02","CB","L","E",0,"2006–2011"
2011,0,"CBN_L_2_E_02","CB","L","E",0,"2006–2011"
2012,11,"CBN_L_2_E_02","CB","L","E",2.484906649788,"2012–2016"
2013,55,"CBN_L_2_E_02","CB","L","E",4.02535169073515,"2012–2016"
2014,0,"CBN_L_2_E_02","CB","L","E",0,"2012–2016"
2015,1,"CBN_L_2_E_02","CB","L","E",0.693147180559945,"2012–2016"
2016,2,"CBN_L_2_E_02","CB","L","E",1.09861228866811,"2012–2016"
2017,0,"CBN_L_2_E_02","CB","L","E",0,"2017–2021"
2018,20,"CBN_L_2_E_02","CB","L","E",3.04452243772342,"2017–2021"
2019,25,"CBN_L_2_E_02","CB","L","E",3.25809653802148,"2017–2021"
2019,35,"CBN_L_2_E_02","CB","L","E",3.58351893845611,"2017–2021"
2020,0,"CBN_L_2_E_02","CB","L","E",0,"2017–2021"
2006,1,"CBN_L_2_E_03","CB","L","E",0.693147180559945,"2006–2011"
2008,9,"CBN_L_2_E_03","CB","L","E",2.30258509299405,"2006–2011"
2009,1,"CBN_L_2_E_03","CB","L","E",0.693147180559945,"2006–2011"
2010,0,"CBN_L_2_E_03","CB","L","E",0,"2006–2011"
2011,4,"CBN_L_2_E_03","CB","L","E",1.6094379124341,"2006–2011"
2012,16,"CBN_L_2_E_03","CB","L","E",2.83321334405622,"2012–2016"
2013,15,"CBN_L_2_E_03","CB","L","E",2.77258872223978,"2012–2016"
2014,3,"CBN_L_2_E_03","CB","L","E",1.38629436111989,"2012–2016"
2015,0,"CBN_L_2_E_03","CB","L","E",0,"2012–2016"
2016,0,"CBN_L_2_E_03","CB","L","E",0,"2012–2016"
2017,0,"CBN_L_2_E_03","CB","L","E",0,"2017–2021"
2018,10,"CBN_L_2_E_03","CB","L","E",2.39789527279837,"2017–2021"
2019,46,"CBN_L_2_E_03","CB","L","E",3.85014760171006,"2017–2021"
2019,7,"CBN_L_2_E_03","CB","L","E",2.07944154167984,"2017–2021"
2020,0,"CBN_L_2_E_03","CB","L","E",0,"2017–2021"
2006,8,"CBN_L_2_E_04","CB","L","E",2.19722457733622,"2006–2011"
2008,0,"CBN_L_2_E_04","CB","L","E",0,"2006–2011"
2009,3,"CBN_L_2_E_04","CB","L","E",1.38629436111989,"2006–2011"
2010,0,"CBN_L_2_E_04","CB","L","E",0,"2006–2011"
2011,6,"CBN_L_2_E_04","CB","L","E",1.94591014905531,"2006–2011"
2012,19,"CBN_L_2_E_04","CB","L","E",2.99573227355399,"2012–2016"
2013,2,"CBN_L_2_E_04","CB","L","E",1.09861228866811,"2012–2016"
2014,7,"CBN_L_2_E_04","CB","L","E",2.07944154167984,"2012–2016"
2015,12,"CBN_L_2_E_04","CB","L","E",2.56494935746154,"2012–2016"
2016,16,"CBN_L_2_E_04","CB","L","E",2.83321334405622,"2012–2016"
2017,0,"CBN_L_2_E_04","CB","L","E",0,"2017–2021"
2018,33,"CBN_L_2_E_04","CB","L","E",3.52636052461616,"2017–2021"
2019,4,"CBN_L_2_E_04","CB","L","E",1.6094379124341,"2017–2021"
2019,113,"CBN_L_2_E_04","CB","L","E",4.7361984483945,"2017–2021"
2020,0,"CBN_L_2_E_04","CB","L","E",0,"2017–2021"
2006,4,"CBN_L_2_E_05","CB","L","E",1.6094379124341,"2006–2011"
2008,2,"CBN_L_2_E_05","CB","L","E",1.09861228866811,"2006–2011"
2009,5,"CBN_L_2_E_05","CB","L","E",1.79175946922805,"2006–2011"
2010,6,"CBN_L_2_E_05","CB","L","E",1.94591014905531,"2006–2011"
2011,7,"CBN_L_2_E_05","CB","L","E",2.07944154167984,"2006–2011"
2012,24,"CBN_L_2_E_05","CB","L","E",3.2188758248682,"2012–2016"
2013,0,"CBN_L_2_E_05","CB","L","E",0,"2012–2016"
2014,0,"CBN_L_2_E_05","CB","L","E",0,"2012–2016"
2015,13,"CBN_L_2_E_05","CB","L","E",2.63905732961526,"2012–2016"
2016,12,"CBN_L_2_E_05","CB","L","E",2.56494935746154,"2012–2016"
2017,0,"CBN_L_2_E_05","CB","L","E",0,"2017–2021"
2018,7,"CBN_L_2_E_05","CB","L","E",2.07944154167984,"2017–2021"
2019,7,"CBN_L_2_E_05","CB","L","E",2.07944154167984,"2017–2021"
2019,28,"CBN_L_2_E_05","CB","L","E",3.36729582998647,"2017–2021"
2020,0,"CBN_L_2_E_05","CB","L","E",0,"2017–2021"
2006,2,"CBN_L_2_E_06","CB","L","E",1.09861228866811,"2006–2011"
2008,1,"CBN_L_2_E_06","CB","L","E",0.693147180559945,"2006–2011"
2009,13,"CBN_L_2_E_06","CB","L","E",2.63905732961526,"2006–2011"
2010,0,"CBN_L_2_E_06","CB","L","E",0,"2006–2011"
2011,7,"CBN_L_2_E_06","CB","L","E",2.07944154167984,"2006–2011"
2012,11,"CBN_L_2_E_06","CB","L","E",2.484906649788,"2012–2016"
2013,10,"CBN_L_2_E_06","CB","L","E",2.39789527279837,"2012–2016"
2014,7,"CBN_L_2_E_06","CB","L","E",2.07944154167984,"2012–2016"
2015,0,"CBN_L_2_E_06","CB","L","E",0,"2012–2016"
2016,12,"CBN_L_2_E_06","CB","L","E",2.56494935746154,"2012–2016"
2017,0,"CBN_L_2_E_06","CB","L","E",0,"2017–2021"
2018,37,"CBN_L_2_E_06","CB","L","E",3.63758615972639,"2017–2021"
2019,72,"CBN_L_2_E_06","CB","L","E",4.29045944114839,"2017–2021"
2019,23,"CBN_L_2_E_06","CB","L","E",3.17805383034795,"2017–2021"
2020,0,"CBN_L_2_E_06","CB","L","E",0,"2017–2021"
2006,3,"CBN_L_2_E_07","CB","L","E",1.38629436111989,"2006–2011"
2008,0,"CBN_L_2_E_07","CB","L","E",0,"2006–2011"
2009,0,"CBN_L_2_E_07","CB","L","E",0,"2006–2011"
2010,1,"CBN_L_2_E_07","CB","L","E",0.693147180559945,"2006–2011"
2011,8,"CBN_L_2_E_07","CB","L","E",2.19722457733622,"2006–2011"
2012,71,"CBN_L_2_E_07","CB","L","E",4.27666611901606,"2012–2016"
2013,16,"CBN_L_2_E_07","CB","L","E",2.83321334405622,"2012–2016"
2014,0,"CBN_L_2_E_07","CB","L","E",0,"2012–2016"
2015,0,"CBN_L_2_E_07","CB","L","E",0,"2012–2016"
2016,1,"CBN_L_2_E_07","CB","L","E",0.693147180559945,"2012–2016"
2017,15,"CBN_L_2_E_07","CB","L","E",2.77258872223978,"2017–2021"
2018,20,"CBN_L_2_E_07","CB","L","E",3.04452243772342,"2017–2021"
2019,1,"CBN_L_2_E_07","CB","L","E",0.693147180559945,"2017–2021"
2020,0,"CBN_L_2_E_07","CB","L","E",0,"2017–2021"
2006,5,"CBN_L_2_E_08","CB","L","E",1.79175946922805,"2006–2011"
2008,0,"CBN_L_2_E_08","CB","L","E",0,"2006–2011"
2009,0,"CBN_L_2_E_08","CB","L","E",0,"2006–2011"
2010,0,"CBN_L_2_E_08","CB","L","E",0,"2006–2011"
2011,18,"CBN_L_2_E_08","CB","L","E",2.94443897916644,"2006–2011"
2012,5,"CBN_L_2_E_08","CB","L","E",1.79175946922805,"2012–2016"
2013,6,"CBN_L_2_E_08","CB","L","E",1.94591014905531,"2012–2016"
2014,4,"CBN_L_2_E_08","CB","L","E",1.6094379124341,"2012–2016"
2015,0,"CBN_L_2_E_08","CB","L","E",0,"2012–2016"
2016,56,"CBN_L_2_E_08","CB","L","E",4.04305126783455,"2012–2016"
2017,0,"CBN_L_2_E_08","CB","L","E",0,"2017–2021"
2018,17,"CBN_L_2_E_08","CB","L","E",2.89037175789616,"2017–2021"
2019,48,"CBN_L_2_E_08","CB","L","E",3.89182029811063,"2017–2021"
2020,0,"CBN_L_2_E_08","CB","L","E",0,"2017–2021"
2006,0,"CBN_L_2_E_09","CB","L","E",0,"2006–2011"
2008,11,"CBN_L_2_E_09","CB","L","E",2.484906649788,"2006–2011"
2009,0,"CBN_L_2_E_09","CB","L","E",0,"2006–2011"
2010,0,"CBN_L_2_E_09","CB","L","E",0,"2006–2011"
2011,3,"CBN_L_2_E_09","CB","L","E",1.38629436111989,"2006–2011"
2012,0,"CBN_L_2_E_09","CB","L","E",0,"2012–2016"
2013,0,"CBN_L_2_E_09","CB","L","E",0,"2012–2016"
2014,0,"CBN_L_2_E_09","CB","L","E",0,"2012–2016"
2015,4,"CBN_L_2_E_09","CB","L","E",1.6094379124341,"2012–2016"
2016,21,"CBN_L_2_E_09","CB","L","E",3.09104245335832,"2012–2016"
2017,0,"CBN_L_2_E_09","CB","L","E",0,"2017–2021"
2018,3,"CBN_L_2_E_09","CB","L","E",1.38629436111989,"2017–2021"
2019,8,"CBN_L_2_E_09","CB","L","E",2.19722457733622,"2017–2021"
2020,0,"CBN_L_2_E_09","CB","L","E",0,"2017–2021"
2006,0,"CBN_L_2_E_10","CB","L","E",0,"2006–2011"
2008,19,"CBN_L_2_E_10","CB","L","E",2.99573227355399,"2006–2011"
2009,0,"CBN_L_2_E_10","CB","L","E",0,"2006–2011"
2010,0,"CBN_L_2_E_10","CB","L","E",0,"2006–2011"
2011,12,"CBN_L_2_E_10","CB","L","E",2.56494935746154,"2006–2011"
2013,0,"CBN_L_2_E_10","CB","L","E",0,"2012–2016"
2014,0,"CBN_L_2_E_10","CB","L","E",0,"2012–2016"
2015,2,"CBN_L_2_E_10","CB","L","E",1.09861228866811,"2012–2016"
2016,5,"CBN_L_2_E_10","CB","L","E",1.79175946922805,"2012–2016"
2017,9,"CBN_L_2_E_10","CB","L","E",2.30258509299405,"2017–2021"
2018,30,"CBN_L_2_E_10","CB","L","E",3.43398720448515,"2017–2021"
2019,33,"CBN_L_2_E_10","CB","L","E",3.52636052461616,"2017–2021"
2020,0,"CBN_L_2_E_10","CB","L","E",0,"2017–2021"
2006,0,"CBN_L_3_E_01","CB","L","E",0,"2006–2011"
2008,19,"CBN_L_3_E_01","CB","L","E",2.99573227355399,"2006–2011"
2009,0,"CBN_L_3_E_01","CB","L","E",0,"2006–2011"
2010,0,"CBN_L_3_E_01","CB","L","E",0,"2006–2011"
2011,0,"CBN_L_3_E_01","CB","L","E",0,"2006–2011"
2015,48,"CBN_L_3_E_01","CB","L","E",3.89182029811063,"2012–2016"
2016,1,"CBN_L_3_E_01","CB","L","E",0.693147180559945,"2012–2016"
2017,17,"CBN_L_3_E_01","CB","L","E",2.89037175789616,"2017–2021"
2018,38,"CBN_L_3_E_01","CB","L","E",3.66356164612965,"2017–2021"
2020,19,"CBN_L_3_E_01","CB","L","E",2.99573227355399,"2017–2021"
2006,0,"CBN_L_3_E_02","CB","L","E",0,"2006–2011"
2008,8,"CBN_L_3_E_02","CB","L","E",2.19722457733622,"2006–2011"
2009,0,"CBN_L_3_E_02","CB","L","E",0,"2006–2011"
2010,0,"CBN_L_3_E_02","CB","L","E",0,"2006–2011"
2011,0,"CBN_L_3_E_02","CB","L","E",0,"2006–2011"
2015,2,"CBN_L_3_E_02","CB","L","E",1.09861228866811,"2012–2016"
2016,0,"CBN_L_3_E_02","CB","L","E",0,"2012–2016"
2017,19,"CBN_L_3_E_02","CB","L","E",2.99573227355399,"2017–2021"
2018,21,"CBN_L_3_E_02","CB","L","E",3.09104245335832,"2017–2021"
2020,10,"CBN_L_3_E_02","CB","L","E",2.39789527279837,"2017–2021"
2006,4,"CBN_L_3_E_03","CB","L","E",1.6094379124341,"2006–2011"
2008,26,"CBN_L_3_E_03","CB","L","E",3.29583686600433,"2006–2011"
2009,1,"CBN_L_3_E_03","CB","L","E",0.693147180559945,"2006–2011"
2010,0,"CBN_L_3_E_03","CB","L","E",0,"2006–2011"
2011,0,"CBN_L_3_E_03","CB","L","E",0,"2006–2011"
2015,46,"CBN_L_3_E_03","CB","L","E",3.85014760171006,"2012–2016"
2016,0,"CBN_L_3_E_03","CB","L","E",0,"2012–2016"
2017,28,"CBN_L_3_E_03","CB","L","E",3.36729582998647,"2017–2021"
2018,5,"CBN_L_3_E_03","CB","L","E",1.79175946922805,"2017–2021"
2020,1,"CBN_L_3_E_03","CB","L","E",0.693147180559945,"2017–2021"
2006,2,"CBN_L_3_E_04","CB","L","E",1.09861228866811,"2006–2011"
2008,5,"CBN_L_3_E_04","CB","L","E",1.79175946922805,"2006–2011"
2009,0,"CBN_L_3_E_04","CB","L","E",0,"2006–2011"
2010,0,"CBN_L_3_E_04","CB","L","E",0,"2006–2011"
2011,4,"CBN_L_3_E_04","CB","L","E",1.6094379124341,"2006–2011"
2015,40,"CBN_L_3_E_04","CB","L","E",3.71357206670431,"2012–2016"
2016,0,"CBN_L_3_E_04","CB","L","E",0,"2012–2016"
2017,14,"CBN_L_3_E_04","CB","L","E",2.70805020110221,"2017–2021"
2018,1,"CBN_L_3_E_04","CB","L","E",0.693147180559945,"2017–2021"
2020,22,"CBN_L_3_E_04","CB","L","E",3.13549421592915,"2017–2021"
2006,0,"CBN_L_3_E_05","CB","L","E",0,"2006–2011"
2008,1,"CBN_L_3_E_05","CB","L","E",0.693147180559945,"2006–2011"
2009,4,"CBN_L_3_E_05","CB","L","E",1.6094379124341,"2006–2011"
2011,0,"CBN_L_3_E_05","CB","L","E",0,"2006–2011"
2015,15,"CBN_L_3_E_05","CB","L","E",2.77258872223978,"2012–2016"
2016,1,"CBN_L_3_E_05","CB","L","E",0.693147180559945,"2012–2016"
2017,0,"CBN_L_3_E_05","CB","L","E",0,"2017–2021"
2018,56,"CBN_L_3_E_05","CB","L","E",4.04305126783455,"2017–2021"
2020,27,"CBN_L_3_E_05","CB","L","E",3.3322045101752,"2017–2021"
2006,0,"CBN_L_3_E_06","CB","L","E",0,"2006–2011"
2008,3,"CBN_L_3_E_06","CB","L","E",1.38629436111989,"2006–2011"
2009,4,"CBN_L_3_E_06","CB","L","E",1.6094379124341,"2006–2011"
2011,0,"CBN_L_3_E_06","CB","L","E",0,"2006–2011"
2015,0,"CBN_L_3_E_06","CB","L","E",0,"2012–2016"
2016,0,"CBN_L_3_E_06","CB","L","E",0,"2012–2016"
2017,0,"CBN_L_3_E_06","CB","L","E",0,"2017–2021"
2018,18,"CBN_L_3_E_06","CB","L","E",2.94443897916644,"2017–2021"
2018,22,"CBN_L_3_E_06","CB","L","E",3.13549421592915,"2017–2021"
2020,23,"CBN_L_3_E_06","CB","L","E",3.17805383034795,"2017–2021"
2006,6,"CBN_L_3_E_07","CB","L","E",1.94591014905531,"2006–2011"
2008,2,"CBN_L_3_E_07","CB","L","E",1.09861228866811,"2006–2011"
2009,0,"CBN_L_3_E_07","CB","L","E",0,"2006–2011"
2011,0,"CBN_L_3_E_07","CB","L","E",0,"2006–2011"
2015,6,"CBN_L_3_E_07","CB","L","E",1.94591014905531,"2012–2016"
2016,0,"CBN_L_3_E_07","CB","L","E",0,"2012–2016"
2017,0,"CBN_L_3_E_07","CB","L","E",0,"2017–2021"
2019,5,"CBN_L_3_E_07","CB","L","E",1.79175946922805,"2017–2021"
2020,0,"CBN_L_3_E_07","CB","L","E",0,"2017–2021"
2006,4,"CBN_L_3_E_08","CB","L","E",1.6094379124341,"2006–2011"
2008,6,"CBN_L_3_E_08","CB","L","E",1.94591014905531,"2006–2011"
2009,0,"CBN_L_3_E_08","CB","L","E",0,"2006–2011"
2011,0,"CBN_L_3_E_08","CB","L","E",0,"2006–2011"
2015,0,"CBN_L_3_E_08","CB","L","E",0,"2012–2016"
2016,9,"CBN_L_3_E_08","CB","L","E",2.30258509299405,"2012–2016"
2017,30,"CBN_L_3_E_08","CB","L","E",3.43398720448515,"2017–2021"
2018,13,"CBN_L_3_E_08","CB","L","E",2.63905732961526,"2017–2021"
2019,7,"CBN_L_3_E_08","CB","L","E",2.07944154167984,"2017–2021"
2020,12,"CBN_L_3_E_08","CB","L","E",2.56494935746154,"2017–2021"
2006,0,"CBN_L_3_E_09","CB","L","E",0,"2006–2011"
2008,17,"CBN_L_3_E_09","CB","L","E",2.89037175789616,"2006–2011"
2009,0,"CBN_L_3_E_09","CB","L","E",0,"2006–2011"
2011,0,"CBN_L_3_E_09","CB","L","E",0,"2006–2011"
2015,0,"CBN_L_3_E_09","CB","L","E",0,"2012–2016"
2016,1,"CBN_L_3_E_09","CB","L","E",0.693147180559945,"2012–2016"
2017,47,"CBN_L_3_E_09","CB","L","E",3.87120101090789,"2017–2021"
2018,23,"CBN_L_3_E_09","CB","L","E",3.17805383034795,"2017–2021"
2019,16,"CBN_L_3_E_09","CB","L","E",2.83321334405622,"2017–2021"
2020,5,"CBN_L_3_E_09","CB","L","E",1.79175946922805,"2017–2021"
2006,0,"CBN_L_3_E_10","CB","L","E",0,"2006–2011"
2008,27,"CBN_L_3_E_10","CB","L","E",3.3322045101752,"2006–2011"
2009,2,"CBN_L_3_E_10","CB","L","E",1.09861228866811,"2006–2011"
2011,1,"CBN_L_3_E_10","CB","L","E",0.693147180559945,"2006–2011"
2015,0,"CBN_L_3_E_10","CB","L","E",0,"2012–2016"
2016,0,"CBN_L_3_E_10","CB","L","E",0,"2012–2016"
2017,22,"CBN_L_3_E_10","CB","L","E",3.13549421592915,"2017–2021"
2018,0,"CBN_L_3_E_10","CB","L","E",0,"2017–2021"
2019,5,"CBN_L_3_E_10","CB","L","E",1.79175946922805,"2017–2021"
2020,24,"CBN_L_3_E_10","CB","L","E",3.2188758248682,"2017–2021"
2011,1,"CBN_L_3_E_11","CB","L","E",0.693147180559945,"2006–2011"
2019,4,"CBN_L_3_E_11","CB","L","E",1.6094379124341,"2017–2021"
2006,0,"FC_L_1_E_01","FC","L","E",0,"2006–2011"
2008,1,"FC_L_1_E_01","FC","L","E",0.693147180559945,"2006–2011"
2009,7,"FC_L_1_E_01","FC","L","E",2.07944154167984,"2006–2011"
2010,15,"FC_L_1_E_01","FC","L","E",2.77258872223978,"2006–2011"
2011,0,"FC_L_1_E_01","FC","L","E",0,"2006–2011"
2012,0,"FC_L_1_E_01","FC","L","E",0,"2012–2016"
2013,4,"FC_L_1_E_01","FC","L","E",1.6094379124341,"2012–2016"
2014,0,"FC_L_1_E_01","FC","L","E",0,"2012–2016"
2015,2,"FC_L_1_E_01","FC","L","E",1.09861228866811,"2012–2016"
2016,0,"FC_L_1_E_01","FC","L","E",0,"2012–2016"
2017,0,"FC_L_1_E_01","FC","L","E",0,"2017–2021"
2018,0,"FC_L_1_E_01","FC","L","E",0,"2017–2021"
2019,1,"FC_L_1_E_01","FC","L","E",0.693147180559945,"2017–2021"
2020,6,"FC_L_1_E_01","FC","L","E",1.94591014905531,"2017–2021"
2006,5,"FC_L_1_E_02","FC","L","E",1.79175946922805,"2006–2011"
2008,2,"FC_L_1_E_02","FC","L","E",1.09861228866811,"2006–2011"
2009,6,"FC_L_1_E_02","FC","L","E",1.94591014905531,"2006–2011"
2010,5,"FC_L_1_E_02","FC","L","E",1.79175946922805,"2006–2011"
2011,25,"FC_L_1_E_02","FC","L","E",3.25809653802148,"2006–2011"
2012,0,"FC_L_1_E_02","FC","L","E",0,"2012–2016"
2013,3,"FC_L_1_E_02","FC","L","E",1.38629436111989,"2012–2016"
2014,10,"FC_L_1_E_02","FC","L","E",2.39789527279837,"2012–2016"
2015,15,"FC_L_1_E_02","FC","L","E",2.77258872223978,"2012–2016"
2016,8,"FC_L_1_E_02","FC","L","E",2.19722457733622,"2012–2016"
2017,6,"FC_L_1_E_02","FC","L","E",1.94591014905531,"2017–2021"
2018,1,"FC_L_1_E_02","FC","L","E",0.693147180559945,"2017–2021"
2019,0,"FC_L_1_E_02","FC","L","E",0,"2017–2021"
2020,13,"FC_L_1_E_02","FC","L","E",2.63905732961526,"2017–2021"
2006,0,"FC_L_1_E_03","FC","L","E",0,"2006–2011"
2008,0,"FC_L_1_E_03","FC","L","E",0,"2006–2011"
2009,0,"FC_L_1_E_03","FC","L","E",0,"2006–2011"
2010,15,"FC_L_1_E_03","FC","L","E",2.77258872223978,"2006–2011"
2011,0,"FC_L_1_E_03","FC","L","E",0,"2006–2011"
2012,0,"FC_L_1_E_03","FC","L","E",0,"2012–2016"
2013,4,"FC_L_1_E_03","FC","L","E",1.6094379124341,"2012–2016"
2014,5,"FC_L_1_E_03","FC","L","E",1.79175946922805,"2012–2016"
2015,0,"FC_L_1_E_03","FC","L","E",0,"2012–2016"
2016,0,"FC_L_1_E_03","FC","L","E",0,"2012–2016"
2017,0,"FC_L_1_E_03","FC","L","E",0,"2017–2021"
2018,1,"FC_L_1_E_03","FC","L","E",0.693147180559945,"2017–2021"
2019,0,"FC_L_1_E_03","FC","L","E",0,"2017–2021"
2020,5,"FC_L_1_E_03","FC","L","E",1.79175946922805,"2017–2021"
2006,1,"FC_L_1_E_04","FC","L","E",0.693147180559945,"2006–2011"
2008,0,"FC_L_1_E_04","FC","L","E",0,"2006–2011"
2009,6,"FC_L_1_E_04","FC","L","E",1.94591014905531,"2006–2011"
2010,2,"FC_L_1_E_04","FC","L","E",1.09861228866811,"2006–2011"
2011,6,"FC_L_1_E_04","FC","L","E",1.94591014905531,"2006–2011"
2012,10,"FC_L_1_E_04","FC","L","E",2.39789527279837,"2012–2016"
2013,0,"FC_L_1_E_04","FC","L","E",0,"2012–2016"
2014,4,"FC_L_1_E_04","FC","L","E",1.6094379124341,"2012–2016"
2015,0,"FC_L_1_E_04","FC","L","E",0,"2012–2016"
2016,0,"FC_L_1_E_04","FC","L","E",0,"2012–2016"
2017,0,"FC_L_1_E_04","FC","L","E",0,"2017–2021"
2018,1,"FC_L_1_E_04","FC","L","E",0.693147180559945,"2017–2021"
2019,1,"FC_L_1_E_04","FC","L","E",0.693147180559945,"2017–2021"
2020,3,"FC_L_1_E_04","FC","L","E",1.38629436111989,"2017–2021"
2006,3,"FC_L_1_E_05","FC","L","E",1.38629436111989,"2006–2011"
2008,1,"FC_L_1_E_05","FC","L","E",0.693147180559945,"2006–2011"
2009,20,"FC_L_1_E_05","FC","L","E",3.04452243772342,"2006–2011"
2010,16,"FC_L_1_E_05","FC","L","E",2.83321334405622,"2006–2011"
2011,20,"FC_L_1_E_05","FC","L","E",3.04452243772342,"2006–2011"
2012,0,"FC_L_1_E_05","FC","L","E",0,"2012–2016"
2013,0,"FC_L_1_E_05","FC","L","E",0,"2012–2016"
2014,0,"FC_L_1_E_05","FC","L","E",0,"2012–2016"
2015,0,"FC_L_1_E_05","FC","L","E",0,"2012–2016"
2016,5,"FC_L_1_E_05","FC","L","E",1.79175946922805,"2012–2016"
2017,0,"FC_L_1_E_05","FC","L","E",0,"2017–2021"
2018,3,"FC_L_1_E_05","FC","L","E",1.38629436111989,"2017–2021"
2019,14,"FC_L_1_E_05","FC","L","E",2.70805020110221,"2017–2021"
2020,5,"FC_L_1_E_05","FC","L","E",1.79175946922805,"2017–2021"
2006,3,"FC_L_1_E_06","FC","L","E",1.38629436111989,"2006–2011"
2008,0,"FC_L_1_E_06","FC","L","E",0,"2006–2011"
2009,3,"FC_L_1_E_06","FC","L","E",1.38629436111989,"2006–2011"
2010,5,"FC_L_1_E_06","FC","L","E",1.79175946922805,"2006–2011"
2011,34,"FC_L_1_E_06","FC","L","E",3.55534806148941,"2006–2011"
2012,0,"FC_L_1_E_06","FC","L","E",0,"2012–2016"
2013,3,"FC_L_1_E_06","FC","L","E",1.38629436111989,"2012–2016"
2014,5,"FC_L_1_E_06","FC","L","E",1.79175946922805,"2012–2016"
2015,6,"FC_L_1_E_06","FC","L","E",1.94591014905531,"2012–2016"
2016,0,"FC_L_1_E_06","FC","L","E",0,"2012–2016"
2017,0,"FC_L_1_E_06","FC","L","E",0,"2017–2021"
2018,2,"FC_L_1_E_06","FC","L","E",1.09861228866811,"2017–2021"
2019,2,"FC_L_1_E_06","FC","L","E",1.09861228866811,"2017–2021"
2020,8,"FC_L_1_E_06","FC","L","E",2.19722457733622,"2017–2021"
2006,1,"FC_L_1_E_07","FC","L","E",0.693147180559945,"2006–2011"
2008,0,"FC_L_1_E_07","FC","L","E",0,"2006–2011"
2009,0,"FC_L_1_E_07","FC","L","E",0,"2006–2011"
2010,0,"FC_L_1_E_07","FC","L","E",0,"2006–2011"
2011,20,"FC_L_1_E_07","FC","L","E",3.04452243772342,"2006–2011"
2012,0,"FC_L_1_E_07","FC","L","E",0,"2012–2016"
2013,1,"FC_L_1_E_07","FC","L","E",0.693147180559945,"2012–2016"
2014,27,"FC_L_1_E_07","FC","L","E",3.3322045101752,"2012–2016"
2015,3,"FC_L_1_E_07","FC","L","E",1.38629436111989,"2012–2016"
2016,2,"FC_L_1_E_07","FC","L","E",1.09861228866811,"2012–2016"
2017,0,"FC_L_1_E_07","FC","L","E",0,"2017–2021"
2018,14,"FC_L_1_E_07","FC","L","E",2.70805020110221,"2017–2021"
2019,0,"FC_L_1_E_07","FC","L","E",0,"2017–2021"
2020,13,"FC_L_1_E_07","FC","L","E",2.63905732961526,"2017–2021"
2006,0,"FC_L_1_E_08","FC","L","E",0,"2006–2011"
2008,0,"FC_L_1_E_08","FC","L","E",0,"2006–2011"
2009,5,"FC_L_1_E_08","FC","L","E",1.79175946922805,"2006–2011"
2010,2,"FC_L_1_E_08","FC","L","E",1.09861228866811,"2006–2011"
2011,6,"FC_L_1_E_08","FC","L","E",1.94591014905531,"2006–2011"
2012,1,"FC_L_1_E_08","FC","L","E",0.693147180559945,"2012–2016"
2013,3,"FC_L_1_E_08","FC","L","E",1.38629436111989,"2012–2016"
2014,19,"FC_L_1_E_08","FC","L","E",2.99573227355399,"2012–2016"
2015,8,"FC_L_1_E_08","FC","L","E",2.19722457733622,"2012–2016"
2016,11,"FC_L_1_E_08","FC","L","E",2.484906649788,"2012–2016"
2017,0,"FC_L_1_E_08","FC","L","E",0,"2017–2021"
2018,1,"FC_L_1_E_08","FC","L","E",0.693147180559945,"2017–2021"
2019,0,"FC_L_1_E_08","FC","L","E",0,"2017–2021"
2020,3,"FC_L_1_E_08","FC","L","E",1.38629436111989,"2017–2021"
2006,9,"FC_L_1_E_09","FC","L","E",2.30258509299405,"2006–2011"
2008,3,"FC_L_1_E_09","FC","L","E",1.38629436111989,"2006–2011"
2009,0,"FC_L_1_E_09","FC","L","E",0,"2006–2011"
2010,2,"FC_L_1_E_09","FC","L","E",1.09861228866811,"2006–2011"
2011,19,"FC_L_1_E_09","FC","L","E",2.99573227355399,"2006–2011"
2012,16,"FC_L_1_E_09","FC","L","E",2.83321334405622,"2012–2016"
2013,3,"FC_L_1_E_09","FC","L","E",1.38629436111989,"2012–2016"
2014,13,"FC_L_1_E_09","FC","L","E",2.63905732961526,"2012–2016"
2015,9,"FC_L_1_E_09","FC","L","E",2.30258509299405,"2012–2016"
2016,7,"FC_L_1_E_09","FC","L","E",2.07944154167984,"2012–2016"
2017,0,"FC_L_1_E_09","FC","L","E",0,"2017–2021"
2018,8,"FC_L_1_E_09","FC","L","E",2.19722457733622,"2017–2021"
2019,4,"FC_L_1_E_09","FC","L","E",1.6094379124341,"2017–2021"
2020,8,"FC_L_1_E_09","FC","L","E",2.19722457733622,"2017–2021"
2008,15,"FC_L_1_E_10","FC","L","E",2.77258872223978,"2006–2011"
2009,0,"FC_L_1_E_10","FC","L","E",0,"2006–2011"
2010,3,"FC_L_1_E_10","FC","L","E",1.38629436111989,"2006–2011"
2011,2,"FC_L_1_E_10","FC","L","E",1.09861228866811,"2006–2011"
2012,4,"FC_L_1_E_10","FC","L","E",1.6094379124341,"2012–2016"
2013,8,"FC_L_1_E_10","FC","L","E",2.19722457733622,"2012–2016"
2014,0,"FC_L_1_E_10","FC","L","E",0,"2012–2016"
2015,1,"FC_L_1_E_10","FC","L","E",0.693147180559945,"2012–2016"
2016,0,"FC_L_1_E_10","FC","L","E",0,"2012–2016"
2017,6,"FC_L_1_E_10","FC","L","E",1.94591014905531,"2017–2021"
2018,5,"FC_L_1_E_10","FC","L","E",1.79175946922805,"2017–2021"
2019,4,"FC_L_1_E_10","FC","L","E",1.6094379124341,"2017–2021"
2020,12,"FC_L_1_E_10","FC","L","E",2.56494935746154,"2017–2021"
2006,1,"FC_L_2_E_01","FC","L","E",0.693147180559945,"2006–2011"
2008,0,"FC_L_2_E_01","FC","L","E",0,"2006–2011"
2009,0,"FC_L_2_E_01","FC","L","E",0,"2006–2011"
2010,1,"FC_L_2_E_01","FC","L","E",0.693147180559945,"2006–2011"
2011,3,"FC_L_2_E_01","FC","L","E",1.38629436111989,"2006–2011"
2012,1,"FC_L_2_E_01","FC","L","E",0.693147180559945,"2012–2016"
2013,12,"FC_L_2_E_01","FC","L","E",2.56494935746154,"2012–2016"
2014,9,"FC_L_2_E_01","FC","L","E",2.30258509299405,"2012–2016"
2015,4,"FC_L_2_E_01","FC","L","E",1.6094379124341,"2012–2016"
2016,14,"FC_L_2_E_01","FC","L","E",2.70805020110221,"2012–2016"
2017,1,"FC_L_2_E_01","FC","L","E",0.693147180559945,"2017–2021"
2018,6,"FC_L_2_E_01","FC","L","E",1.94591014905531,"2017–2021"
2018,30,"FC_L_2_E_01","FC","L","E",3.43398720448515,"2017–2021"
2019,32,"FC_L_2_E_01","FC","L","E",3.49650756146648,"2017–2021"
2006,0,"FC_L_2_E_02","FC","L","E",0,"2006–2011"
2008,15,"FC_L_2_E_02","FC","L","E",2.77258872223978,"2006–2011"
2009,0,"FC_L_2_E_02","FC","L","E",0,"2006–2011"
2010,0,"FC_L_2_E_02","FC","L","E",0,"2006–2011"
2011,6,"FC_L_2_E_02","FC","L","E",1.94591014905531,"2006–2011"
2012,0,"FC_L_2_E_02","FC","L","E",0,"2012–2016"
2013,0,"FC_L_2_E_02","FC","L","E",0,"2012–2016"
2014,0,"FC_L_2_E_02","FC","L","E",0,"2012–2016"
2015,5,"FC_L_2_E_02","FC","L","E",1.79175946922805,"2012–2016"
2016,6,"FC_L_2_E_02","FC","L","E",1.94591014905531,"2012–2016"
2017,23,"FC_L_2_E_02","FC","L","E",3.17805383034795,"2017–2021"
2018,38,"FC_L_2_E_02","FC","L","E",3.66356164612965,"2017–2021"
2018,43,"FC_L_2_E_02","FC","L","E",3.78418963391826,"2017–2021"
2019,22,"FC_L_2_E_02","FC","L","E",3.13549421592915,"2017–2021"
2006,0,"FC_L_2_E_03","FC","L","E",0,"2006–2011"
2008,18,"FC_L_2_E_03","FC","L","E",2.94443897916644,"2006–2011"
2009,0,"FC_L_2_E_03","FC","L","E",0,"2006–2011"
2010,13,"FC_L_2_E_03","FC","L","E",2.63905732961526,"2006–2011"
2011,0,"FC_L_2_E_03","FC","L","E",0,"2006–2011"
2012,13,"FC_L_2_E_03","FC","L","E",2.63905732961526,"2012–2016"
2013,13,"FC_L_2_E_03","FC","L","E",2.63905732961526,"2012–2016"
2014,0,"FC_L_2_E_03","FC","L","E",0,"2012–2016"
2015,26,"FC_L_2_E_03","FC","L","E",3.29583686600433,"2012–2016"
2016,20,"FC_L_2_E_03","FC","L","E",3.04452243772342,"2012–2016"
2017,7,"FC_L_2_E_03","FC","L","E",2.07944154167984,"2017–2021"
2018,1,"FC_L_2_E_03","FC","L","E",0.693147180559945,"2017–2021"
2019,3,"FC_L_2_E_03","FC","L","E",1.38629436111989,"2017–2021"
2006,8,"FC_L_2_E_04","FC","L","E",2.19722457733622,"2006–2011"
2008,2,"FC_L_2_E_04","FC","L","E",1.09861228866811,"2006–2011"
2009,4,"FC_L_2_E_04","FC","L","E",1.6094379124341,"2006–2011"
2010,18,"FC_L_2_E_04","FC","L","E",2.94443897916644,"2006–2011"
2011,4,"FC_L_2_E_04","FC","L","E",1.6094379124341,"2006–2011"
2012,0,"FC_L_2_E_04","FC","L","E",0,"2012–2016"
2013,8,"FC_L_2_E_04","FC","L","E",2.19722457733622,"2012–2016"
2014,2,"FC_L_2_E_04","FC","L","E",1.09861228866811,"2012–2016"
2015,42,"FC_L_2_E_04","FC","L","E",3.76120011569356,"2012–2016"
2016,5,"FC_L_2_E_04","FC","L","E",1.79175946922805,"2012–2016"
2017,9,"FC_L_2_E_04","FC","L","E",2.30258509299405,"2017–2021"
2018,35,"FC_L_2_E_04","FC","L","E",3.58351893845611,"2017–2021"
2019,11,"FC_L_2_E_04","FC","L","E",2.484906649788,"2017–2021"
2006,1,"FC_L_2_E_05","FC","L","E",0.693147180559945,"2006–2011"
2008,0,"FC_L_2_E_05","FC","L","E",0,"2006–2011"
2009,6,"FC_L_2_E_05","FC","L","E",1.94591014905531,"2006–2011"
2010,13,"FC_L_2_E_05","FC","L","E",2.63905732961526,"2006–2011"
2011,3,"FC_L_2_E_05","FC","L","E",1.38629436111989,"2006–2011"
2012,3,"FC_L_2_E_05","FC","L","E",1.38629436111989,"2012–2016"
2013,3,"FC_L_2_E_05","FC","L","E",1.38629436111989,"2012–2016"
2014,0,"FC_L_2_E_05","FC","L","E",0,"2012–2016"
2015,3,"FC_L_2_E_05","FC","L","E",1.38629436111989,"2012–2016"
2016,7,"FC_L_2_E_05","FC","L","E",2.07944154167984,"2012–2016"
2017,42,"FC_L_2_E_05","FC","L","E",3.76120011569356,"2017–2021"
2018,28,"FC_L_2_E_05","FC","L","E",3.36729582998647,"2017–2021"
2019,18,"FC_L_2_E_05","FC","L","E",2.94443897916644,"2017–2021"
2006,25,"FC_L_2_E_06","FC","L","E",3.25809653802148,"2006–2011"
2008,0,"FC_L_2_E_06","FC","L","E",0,"2006–2011"
2009,2,"FC_L_2_E_06","FC","L","E",1.09861228866811,"2006–2011"
2010,14,"FC_L_2_E_06","FC","L","E",2.70805020110221,"2006–2011"
2011,7,"FC_L_2_E_06","FC","L","E",2.07944154167984,"2006–2011"
2012,33,"FC_L_2_E_06","FC","L","E",3.52636052461616,"2012–2016"
2013,15,"FC_L_2_E_06","FC","L","E",2.77258872223978,"2012–2016"
2014,8,"FC_L_2_E_06","FC","L","E",2.19722457733622,"2012–2016"
2015,2,"FC_L_2_E_06","FC","L","E",1.09861228866811,"2012–2016"
2016,0,"FC_L_2_E_06","FC","L","E",0,"2012–2016"
2017,10,"FC_L_2_E_06","FC","L","E",2.39789527279837,"2017–2021"
2019,3,"FC_L_2_E_06","FC","L","E",1.38629436111989,"2017–2021"
2006,1,"FC_L_2_E_07","FC","L","E",0.693147180559945,"2006–2011"
2008,0,"FC_L_2_E_07","FC","L","E",0,"2006–2011"
2009,18,"FC_L_2_E_07","FC","L","E",2.94443897916644,"2006–2011"
2010,4,"FC_L_2_E_07","FC","L","E",1.6094379124341,"2006–2011"
2011,16,"FC_L_2_E_07","FC","L","E",2.83321334405622,"2006–2011"
2012,0,"FC_L_2_E_07","FC","L","E",0,"2012–2016"
2013,13,"FC_L_2_E_07","FC","L","E",2.63905732961526,"2012–2016"
2014,2,"FC_L_2_E_07","FC","L","E",1.09861228866811,"2012–2016"
2015,1,"FC_L_2_E_07","FC","L","E",0.693147180559945,"2012–2016"
2016,5,"FC_L_2_E_07","FC","L","E",1.79175946922805,"2012–2016"
2017,8,"FC_L_2_E_07","FC","L","E",2.19722457733622,"2017–2021"
2018,3,"FC_L_2_E_07","FC","L","E",1.38629436111989,"2017–2021"
2019,17,"FC_L_2_E_07","FC","L","E",2.89037175789616,"2017–2021"
2006,12,"FC_L_2_E_08","FC","L","E",2.56494935746154,"2006–2011"
2008,0,"FC_L_2_E_08","FC","L","E",0,"2006–2011"
2009,0,"FC_L_2_E_08","FC","L","E",0,"2006–2011"
2010,8,"FC_L_2_E_08","FC","L","E",2.19722457733622,"2006–2011"
2011,15,"FC_L_2_E_08","FC","L","E",2.77258872223978,"2006–2011"
2012,14,"FC_L_2_E_08","FC","L","E",2.70805020110221,"2012–2016"
2013,4,"FC_L_2_E_08","FC","L","E",1.6094379124341,"2012–2016"
2014,0,"FC_L_2_E_08","FC","L","E",0,"2012–2016"
2015,12,"FC_L_2_E_08","FC","L","E",2.56494935746154,"2012–2016"
2016,7,"FC_L_2_E_08","FC","L","E",2.07944154167984,"2012–2016"
2017,13,"FC_L_2_E_08","FC","L","E",2.63905732961526,"2017–2021"
2018,13,"FC_L_2_E_08","FC","L","E",2.63905732961526,"2017–2021"
2019,0,"FC_L_2_E_08","FC","L","E",0,"2017–2021"
2006,0,"FC_L_2_E_09","FC","L","E",0,"2006–2011"
2008,1,"FC_L_2_E_09","FC","L","E",0.693147180559945,"2006–2011"
2009,6,"FC_L_2_E_09","FC","L","E",1.94591014905531,"2006–2011"
2010,4,"FC_L_2_E_09","FC","L","E",1.6094379124341,"2006–2011"
2011,12,"FC_L_2_E_09","FC","L","E",2.56494935746154,"2006–2011"
2012,3,"FC_L_2_E_09","FC","L","E",1.38629436111989,"2012–2016"
2013,5,"FC_L_2_E_09","FC","L","E",1.79175946922805,"2012–2016"
2014,5,"FC_L_2_E_09","FC","L","E",1.79175946922805,"2012–2016"
2015,22,"FC_L_2_E_09","FC","L","E",3.13549421592915,"2012–2016"
2016,6,"FC_L_2_E_09","FC","L","E",1.94591014905531,"2012–2016"
2017,41,"FC_L_2_E_09","FC","L","E",3.73766961828337,"2017–2021"
2019,27,"FC_L_2_E_09","FC","L","E",3.3322045101752,"2017–2021"
2006,3,"FC_L_2_E_10","FC","L","E",1.38629436111989,"2006–2011"
2008,0,"FC_L_2_E_10","FC","L","E",0,"2006–2011"
2009,0,"FC_L_2_E_10","FC","L","E",0,"2006–2011"
2010,0,"FC_L_2_E_10","FC","L","E",0,"2006–2011"
2011,19,"FC_L_2_E_10","FC","L","E",2.99573227355399,"2006–2011"
2013,12,"FC_L_2_E_10","FC","L","E",2.56494935746154,"2012–2016"
2014,20,"FC_L_2_E_10","FC","L","E",3.04452243772342,"2012–2016"
2015,1,"FC_L_2_E_10","FC","L","E",0.693147180559945,"2012–2016"
2016,42,"FC_L_2_E_10","FC","L","E",3.76120011569356,"2012–2016"
2017,47,"FC_L_2_E_10","FC","L","E",3.87120101090789,"2017–2021"
2018,3,"FC_L_2_E_10","FC","L","E",1.38629436111989,"2017–2021"
2019,9,"FC_L_2_E_10","FC","L","E",2.30258509299405,"2017–2021"
2015,0,"FC_L_2_E_11","FC","L","E",0,"2012–2016"
2006,13,"FC_L_3_E_01","FC","L","E",2.63905732961526,"2006–2011"
2011,0,"FC_L_3_E_01","FC","L","E",0,"2006–2011"
2012,5,"FC_L_3_E_01","FC","L","E",1.79175946922805,"2012–2016"
2013,5,"FC_L_3_E_01","FC","L","E",1.79175946922805,"2012–2016"
2014,0,"FC_L_3_E_01","FC","L","E",0,"2012–2016"
2015,3,"FC_L_3_E_01","FC","L","E",1.38629436111989,"2012–2016"
2016,2,"FC_L_3_E_01","FC","L","E",1.09861228866811,"2012–2016"
2017,32,"FC_L_3_E_01","FC","L","E",3.49650756146648,"2017–2021"
2018,12,"FC_L_3_E_01","FC","L","E",2.56494935746154,"2017–2021"
2019,5,"FC_L_3_E_01","FC","L","E",1.79175946922805,"2017–2021"
2020,4,"FC_L_3_E_01","FC","L","E",1.6094379124341,"2017–2021"
2006,0,"FC_L_3_E_02","FC","L","E",0,"2006–2011"
2011,3,"FC_L_3_E_02","FC","L","E",1.38629436111989,"2006–2011"
2012,8,"FC_L_3_E_02","FC","L","E",2.19722457733622,"2012–2016"
2013,0,"FC_L_3_E_02","FC","L","E",0,"2012–2016"
2014,35,"FC_L_3_E_02","FC","L","E",3.58351893845611,"2012–2016"
2015,3,"FC_L_3_E_02","FC","L","E",1.38629436111989,"2012–2016"
2016,8,"FC_L_3_E_02","FC","L","E",2.19722457733622,"2012–2016"
2017,28,"FC_L_3_E_02","FC","L","E",3.36729582998647,"2017–2021"
2018,0,"FC_L_3_E_02","FC","L","E",0,"2017–2021"
2018,8,"FC_L_3_E_02","FC","L","E",2.19722457733622,"2017–2021"
2018,10,"FC_L_3_E_02","FC","L","E",2.39789527279837,"2017–2021"
2019,33,"FC_L_3_E_02","FC","L","E",3.52636052461616,"2017–2021"
2020,10,"FC_L_3_E_02","FC","L","E",2.39789527279837,"2017–2021"
2006,0,"FC_L_3_E_03","FC","L","E",0,"2006–2011"
2011,0,"FC_L_3_E_03","FC","L","E",0,"2006–2011"
2012,8,"FC_L_3_E_03","FC","L","E",2.19722457733622,"2012–2016"
2013,10,"FC_L_3_E_03","FC","L","E",2.39789527279837,"2012–2016"
2014,6,"FC_L_3_E_03","FC","L","E",1.94591014905531,"2012–2016"
2015,23,"FC_L_3_E_03","FC","L","E",3.17805383034795,"2012–2016"
2016,19,"FC_L_3_E_03","FC","L","E",2.99573227355399,"2012–2016"
2017,32,"FC_L_3_E_03","FC","L","E",3.49650756146648,"2017–2021"
2019,8,"FC_L_3_E_03","FC","L","E",2.19722457733622,"2017–2021"
2020,23,"FC_L_3_E_03","FC","L","E",3.17805383034795,"2017–2021"
2006,14,"FC_L_3_E_04","FC","L","E",2.70805020110221,"2006–2011"
2011,17,"FC_L_3_E_04","FC","L","E",2.89037175789616,"2006–2011"
2012,0,"FC_L_3_E_04","FC","L","E",0,"2012–2016"
2013,17,"FC_L_3_E_04","FC","L","E",2.89037175789616,"2012–2016"
2014,24,"FC_L_3_E_04","FC","L","E",3.2188758248682,"2012–2016"
2015,1,"FC_L_3_E_04","FC","L","E",0.693147180559945,"2012–2016"
2016,20,"FC_L_3_E_04","FC","L","E",3.04452243772342,"2012–2016"
2017,43,"FC_L_3_E_04","FC","L","E",3.78418963391826,"2017–2021"
2018,4,"FC_L_3_E_04","FC","L","E",1.6094379124341,"2017–2021"
2019,5,"FC_L_3_E_04","FC","L","E",1.79175946922805,"2017–2021"
2020,15,"FC_L_3_E_04","FC","L","E",2.77258872223978,"2017–2021"
2006,4,"FC_L_3_E_05","FC","L","E",1.6094379124341,"2006–2011"
2011,13,"FC_L_3_E_05","FC","L","E",2.63905732961526,"2006–2011"
2012,15,"FC_L_3_E_05","FC","L","E",2.77258872223978,"2012–2016"
2013,1,"FC_L_3_E_05","FC","L","E",0.693147180559945,"2012–2016"
2014,7,"FC_L_3_E_05","FC","L","E",2.07944154167984,"2012–2016"
2015,0,"FC_L_3_E_05","FC","L","E",0,"2012–2016"
2016,3,"FC_L_3_E_05","FC","L","E",1.38629436111989,"2012–2016"
2017,5,"FC_L_3_E_05","FC","L","E",1.79175946922805,"2017–2021"
2018,0,"FC_L_3_E_05","FC","L","E",0,"2017–2021"
2019,4,"FC_L_3_E_05","FC","L","E",1.6094379124341,"2017–2021"
2020,36,"FC_L_3_E_05","FC","L","E",3.61091791264422,"2017–2021"
2006,0,"FC_L_3_E_06","FC","L","E",0,"2006–2011"
2011,5,"FC_L_3_E_06","FC","L","E",1.79175946922805,"2006–2011"
2012,18,"FC_L_3_E_06","FC","L","E",2.94443897916644,"2012–2016"
2013,45,"FC_L_3_E_06","FC","L","E",3.8286413964891,"2012–2016"
2014,0,"FC_L_3_E_06","FC","L","E",0,"2012–2016"
2015,2,"FC_L_3_E_06","FC","L","E",1.09861228866811,"2012–2016"
2016,0,"FC_L_3_E_06","FC","L","E",0,"2012–2016"
2017,16,"FC_L_3_E_06","FC","L","E",2.83321334405622,"2017–2021"
2018,14,"FC_L_3_E_06","FC","L","E",2.70805020110221,"2017–2021"
2019,13,"FC_L_3_E_06","FC","L","E",2.63905732961526,"2017–2021"
2020,9,"FC_L_3_E_06","FC","L","E",2.30258509299405,"2017–2021"
2006,15,"FC_L_3_E_07","FC","L","E",2.77258872223978,"2006–2011"
2011,0,"FC_L_3_E_07","FC","L","E",0,"2006–2011"
2012,1,"FC_L_3_E_07","FC","L","E",0.693147180559945,"2012–2016"
2013,20,"FC_L_3_E_07","FC","L","E",3.04452243772342,"2012–2016"
2014,0,"FC_L_3_E_07","FC","L","E",0,"2012–2016"
2015,0,"FC_L_3_E_07","FC","L","E",0,"2012–2016"
2016,16,"FC_L_3_E_07","FC","L","E",2.83321334405622,"2012–2016"
2017,11,"FC_L_3_E_07","FC","L","E",2.484906649788,"2017–2021"
2019,3,"FC_L_3_E_07","FC","L","E",1.38629436111989,"2017–2021"
2020,3,"FC_L_3_E_07","FC","L","E",1.38629436111989,"2017–2021"
2006,10,"FC_L_3_E_08","FC","L","E",2.39789527279837,"2006–2011"
2011,17,"FC_L_3_E_08","FC","L","E",2.89037175789616,"2006–2011"
2012,20,"FC_L_3_E_08","FC","L","E",3.04452243772342,"2012–2016"
2013,46,"FC_L_3_E_08","FC","L","E",3.85014760171006,"2012–2016"
2014,2,"FC_L_3_E_08","FC","L","E",1.09861228866811,"2012–2016"
2015,1,"FC_L_3_E_08","FC","L","E",0.693147180559945,"2012–2016"
2016,8,"FC_L_3_E_08","FC","L","E",2.19722457733622,"2012–2016"
2017,0,"FC_L_3_E_08","FC","L","E",0,"2017–2021"
2018,30,"FC_L_3_E_08","FC","L","E",3.43398720448515,"2017–2021"
2019,0,"FC_L_3_E_08","FC","L","E",0,"2017–2021"
2020,16,"FC_L_3_E_08","FC","L","E",2.83321334405622,"2017–2021"
2006,15,"FC_L_3_E_09","FC","L","E",2.77258872223978,"2006–2011"
2011,34,"FC_L_3_E_09","FC","L","E",3.55534806148941,"2006–2011"
2012,28,"FC_L_3_E_09","FC","L","E",3.36729582998647,"2012–2016"
2013,30,"FC_L_3_E_09","FC","L","E",3.43398720448515,"2012–2016"
2014,17,"FC_L_3_E_09","FC","L","E",2.89037175789616,"2012–2016"
2016,5,"FC_L_3_E_09","FC","L","E",1.79175946922805,"2012–2016"
2017,12,"FC_L_3_E_09","FC","L","E",2.56494935746154,"2017–2021"
2018,15,"FC_L_3_E_09","FC","L","E",2.77258872223978,"2017–2021"
2019,2,"FC_L_3_E_09","FC","L","E",1.09861228866811,"2017–2021"
2020,6,"FC_L_3_E_09","FC","L","E",1.94591014905531,"2017–2021"
2006,23,"FC_L_3_E_10","FC","L","E",3.17805383034795,"2006–2011"
2011,1,"FC_L_3_E_10","FC","L","E",0.693147180559945,"2006–2011"
2012,10,"FC_L_3_E_10","FC","L","E",2.39789527279837,"2012–2016"
2013,0,"FC_L_3_E_10","FC","L","E",0,"2012–2016"
2014,0,"FC_L_3_E_10","FC","L","E",0,"2012–2016"
2016,3,"FC_L_3_E_10","FC","L","E",1.38629436111989,"2012–2016"
2017,0,"FC_L_3_E_10","FC","L","E",0,"2017–2021"
2018,0,"FC_L_3_E_10","FC","L","E",0,"2017–2021"
2019,5,"FC_L_3_E_10","FC","L","E",1.79175946922805,"2017–2021"
2020,20,"FC_L_3_E_10","FC","L","E",3.04452243772342,"2017–2021"
2016,9,"FC_L_3_E_11","FC","L","E",2.30258509299405,"2012–2016"
2006,1,"RP_L_1_E_01","RP","L","E",0.693147180559945,"2006–2011"
2008,0,"RP_L_1_E_01","RP","L","E",0,"2006–2011"
2009,0,"RP_L_1_E_01","RP","L","E",0,"2006–2011"
2010,0,"RP_L_1_E_01","RP","L","E",0,"2006–2011"
2011,0,"RP_L_1_E_01","RP","L","E",0,"2006–2011"
2012,0,"RP_L_1_E_01","RP","L","E",0,"2012–2016"
2013,0,"RP_L_1_E_01","RP","L","E",0,"2012–2016"
2014,0,"RP_L_1_E_01","RP","L","E",0,"2012–2016"
2015,0,"RP_L_1_E_01","RP","L","E",0,"2012–2016"
2016,0,"RP_L_1_E_01","RP","L","E",0,"2012–2016"
2017,0,"RP_L_1_E_01","RP","L","E",0,"2017–2021"
2018,0,"RP_L_1_E_01","RP","L","E",0,"2017–2021"
2019,0,"RP_L_1_E_01","RP","L","E",0,"2017–2021"
2020,0,"RP_L_1_E_01","RP","L","E",0,"2017–2021"
2021,0,"RP_L_1_E_01","RP","L","E",0,"2017–2021"
2006,0,"RP_L_1_E_02","RP","L","E",0,"2006–2011"
2008,0,"RP_L_1_E_02","RP","L","E",0,"2006–2011"
2009,0,"RP_L_1_E_02","RP","L","E",0,"2006–2011"
2010,0,"RP_L_1_E_02","RP","L","E",0,"2006–2011"
2011,0,"RP_L_1_E_02","RP","L","E",0,"2006–2011"
2012,0,"RP_L_1_E_02","RP","L","E",0,"2012–2016"
2013,0,"RP_L_1_E_02","RP","L","E",0,"2012–2016"
2014,0,"RP_L_1_E_02","RP","L","E",0,"2012–2016"
2015,0,"RP_L_1_E_02","RP","L","E",0,"2012–2016"
2016,0,"RP_L_1_E_02","RP","L","E",0,"2012–2016"
2017,0,"RP_L_1_E_02","RP","L","E",0,"2017–2021"
2018,0,"RP_L_1_E_02","RP","L","E",0,"2017–2021"
2019,0,"RP_L_1_E_02","RP","L","E",0,"2017–2021"
2020,0,"RP_L_1_E_02","RP","L","E",0,"2017–2021"
2021,0,"RP_L_1_E_02","RP","L","E",0,"2017–2021"
2006,0,"RP_L_1_E_03","RP","L","E",0,"2006–2011"
2008,0,"RP_L_1_E_03","RP","L","E",0,"2006–2011"
2009,0,"RP_L_1_E_03","RP","L","E",0,"2006–2011"
2010,0,"RP_L_1_E_03","RP","L","E",0,"2006–2011"
2011,0,"RP_L_1_E_03","RP","L","E",0,"2006–2011"
2012,0,"RP_L_1_E_03","RP","L","E",0,"2012–2016"
2013,4,"RP_L_1_E_03","RP","L","E",1.6094379124341,"2012–2016"
2014,0,"RP_L_1_E_03","RP","L","E",0,"2012–2016"
2015,0,"RP_L_1_E_03","RP","L","E",0,"2012–2016"
2016,0,"RP_L_1_E_03","RP","L","E",0,"2012–2016"
2017,0,"RP_L_1_E_03","RP","L","E",0,"2017–2021"
2018,1,"RP_L_1_E_03","RP","L","E",0.693147180559945,"2017–2021"
2019,0,"RP_L_1_E_03","RP","L","E",0,"2017–2021"
2020,0,"RP_L_1_E_03","RP","L","E",0,"2017–2021"
2021,0,"RP_L_1_E_03","RP","L","E",0,"2017–2021"
2006,0,"RP_L_1_E_04","RP","L","E",0,"2006–2011"
2008,0,"RP_L_1_E_04","RP","L","E",0,"2006–2011"
2009,0,"RP_L_1_E_04","RP","L","E",0,"2006–2011"
2010,0,"RP_L_1_E_04","RP","L","E",0,"2006–2011"
2011,0,"RP_L_1_E_04","RP","L","E",0,"2006–2011"
2012,0,"RP_L_1_E_04","RP","L","E",0,"2012–2016"
2013,0,"RP_L_1_E_04","RP","L","E",0,"2012–2016"
2014,0,"RP_L_1_E_04","RP","L","E",0,"2012–2016"
2015,0,"RP_L_1_E_04","RP","L","E",0,"2012–2016"
2016,0,"RP_L_1_E_04","RP","L","E",0,"2012–2016"
2017,0,"RP_L_1_E_04","RP","L","E",0,"2017–2021"
2018,0,"RP_L_1_E_04","RP","L","E",0,"2017–2021"
2019,9,"RP_L_1_E_04","RP","L","E",2.30258509299405,"2017–2021"
2020,7,"RP_L_1_E_04","RP","L","E",2.07944154167984,"2017–2021"
2021,3,"RP_L_1_E_04","RP","L","E",1.38629436111989,"2017–2021"
2006,0,"RP_L_1_E_05","RP","L","E",0,"2006–2011"
2008,0,"RP_L_1_E_05","RP","L","E",0,"2006–2011"
2009,0,"RP_L_1_E_05","RP","L","E",0,"2006–2011"
2010,0,"RP_L_1_E_05","RP","L","E",0,"2006–2011"
2011,0,"RP_L_1_E_05","RP","L","E",0,"2006–2011"
2012,0,"RP_L_1_E_05","RP","L","E",0,"2012–2016"
2013,0,"RP_L_1_E_05","RP","L","E",0,"2012–2016"
2014,0,"RP_L_1_E_05","RP","L","E",0,"2012–2016"
2015,0,"RP_L_1_E_05","RP","L","E",0,"2012–2016"
2016,0,"RP_L_1_E_05","RP","L","E",0,"2012–2016"
2017,0,"RP_L_1_E_05","RP","L","E",0,"2017–2021"
2018,2,"RP_L_1_E_05","RP","L","E",1.09861228866811,"2017–2021"
2019,13,"RP_L_1_E_05","RP","L","E",2.63905732961526,"2017–2021"
2020,13,"RP_L_1_E_05","RP","L","E",2.63905732961526,"2017–2021"
2021,0,"RP_L_1_E_05","RP","L","E",0,"2017–2021"
2006,0,"RP_L_1_E_06","RP","L","E",0,"2006–2011"
2008,0,"RP_L_1_E_06","RP","L","E",0,"2006–2011"
2009,0,"RP_L_1_E_06","RP","L","E",0,"2006–2011"
2010,0,"RP_L_1_E_06","RP","L","E",0,"2006–2011"
2011,0,"RP_L_1_E_06","RP","L","E",0,"2006–2011"
2012,0,"RP_L_1_E_06","RP","L","E",0,"2012–2016"
2013,0,"RP_L_1_E_06","RP","L","E",0,"2012–2016"
2014,0,"RP_L_1_E_06","RP","L","E",0,"2012–2016"
2015,0,"RP_L_1_E_06","RP","L","E",0,"2012–2016"
2016,0,"RP_L_1_E_06","RP","L","E",0,"2012–2016"
2017,0,"RP_L_1_E_06","RP","L","E",0,"2017–2021"
2018,0,"RP_L_1_E_06","RP","L","E",0,"2017–2021"
2019,0,"RP_L_1_E_06","RP","L","E",0,"2017–2021"
2020,0,"RP_L_1_E_06","RP","L","E",0,"2017–2021"
2021,0,"RP_L_1_E_06","RP","L","E",0,"2017–2021"
2006,0,"RP_L_1_E_07","RP","L","E",0,"2006–2011"
2008,0,"RP_L_1_E_07","RP","L","E",0,"2006–2011"
2009,0,"RP_L_1_E_07","RP","L","E",0,"2006–2011"
2010,0,"RP_L_1_E_07","RP","L","E",0,"2006–2011"
2011,0,"RP_L_1_E_07","RP","L","E",0,"2006–2011"
2012,0,"RP_L_1_E_07","RP","L","E",0,"2012–2016"
2013,0,"RP_L_1_E_07","RP","L","E",0,"2012–2016"
2014,0,"RP_L_1_E_07","RP","L","E",0,"2012–2016"
2015,0,"RP_L_1_E_07","RP","L","E",0,"2012–2016"
2016,0,"RP_L_1_E_07","RP","L","E",0,"2012–2016"
2017,0,"RP_L_1_E_07","RP","L","E",0,"2017–2021"
2018,0,"RP_L_1_E_07","RP","L","E",0,"2017–2021"
2019,2,"RP_L_1_E_07","RP","L","E",1.09861228866811,"2017–2021"
2020,1,"RP_L_1_E_07","RP","L","E",0.693147180559945,"2017–2021"
2021,0,"RP_L_1_E_07","RP","L","E",0,"2017–2021"
2006,0,"RP_L_1_E_08","RP","L","E",0,"2006–2011"
2008,0,"RP_L_1_E_08","RP","L","E",0,"2006–2011"
2009,0,"RP_L_1_E_08","RP","L","E",0,"2006–2011"
2010,0,"RP_L_1_E_08","RP","L","E",0,"2006–2011"
2011,0,"RP_L_1_E_08","RP","L","E",0,"2006–2011"
2012,0,"RP_L_1_E_08","RP","L","E",0,"2012–2016"
2013,0,"RP_L_1_E_08","RP","L","E",0,"2012–2016"
2014,0,"RP_L_1_E_08","RP","L","E",0,"2012–2016"
2015,0,"RP_L_1_E_08","RP","L","E",0,"2012–2016"
2016,0,"RP_L_1_E_08","RP","L","E",0,"2012–2016"
2017,0,"RP_L_1_E_08","RP","L","E",0,"2017–2021"
2018,1,"RP_L_1_E_08","RP","L","E",0.693147180559945,"2017–2021"
2019,0,"RP_L_1_E_08","RP","L","E",0,"2017–2021"
2020,17,"RP_L_1_E_08","RP","L","E",2.89037175789616,"2017–2021"
2021,2,"RP_L_1_E_08","RP","L","E",1.09861228866811,"2017–2021"
2006,0,"RP_L_1_E_09","RP","L","E",0,"2006–2011"
2008,2,"RP_L_1_E_09","RP","L","E",1.09861228866811,"2006–2011"
2009,0,"RP_L_1_E_09","RP","L","E",0,"2006–2011"
2010,0,"RP_L_1_E_09","RP","L","E",0,"2006–2011"
2011,0,"RP_L_1_E_09","RP","L","E",0,"2006–2011"
2012,0,"RP_L_1_E_09","RP","L","E",0,"2012–2016"
2013,0,"RP_L_1_E_09","RP","L","E",0,"2012–2016"
2014,0,"RP_L_1_E_09","RP","L","E",0,"2012–2016"
2015,0,"RP_L_1_E_09","RP","L","E",0,"2012–2016"
2016,0,"RP_L_1_E_09","RP","L","E",0,"2012–2016"
2017,0,"RP_L_1_E_09","RP","L","E",0,"2017–2021"
2018,10,"RP_L_1_E_09","RP","L","E",2.39789527279837,"2017–2021"
2019,0,"RP_L_1_E_09","RP","L","E",0,"2017–2021"
2020,0,"RP_L_1_E_09","RP","L","E",0,"2017–2021"
2021,0,"RP_L_1_E_09","RP","L","E",0,"2017–2021"
2006,0,"RP_L_1_E_10","RP","L","E",0,"2006–2011"
2008,0,"RP_L_1_E_10","RP","L","E",0,"2006–2011"
2009,0,"RP_L_1_E_10","RP","L","E",0,"2006–2011"
2010,0,"RP_L_1_E_10","RP","L","E",0,"2006–2011"
2011,0,"RP_L_1_E_10","RP","L","E",0,"2006–2011"
2012,0,"RP_L_1_E_10","RP","L","E",0,"2012–2016"
2013,0,"RP_L_1_E_10","RP","L","E",0,"2012–2016"
2014,0,"RP_L_1_E_10","RP","L","E",0,"2012–2016"
2015,0,"RP_L_1_E_10","RP","L","E",0,"2012–2016"
2016,0,"RP_L_1_E_10","RP","L","E",0,"2012–2016"
2017,0,"RP_L_1_E_10","RP","L","E",0,"2017–2021"
2018,0,"RP_L_1_E_10","RP","L","E",0,"2017–2021"
2019,0,"RP_L_1_E_10","RP","L","E",0,"2017–2021"
2020,0,"RP_L_1_E_10","RP","L","E",0,"2017–2021"
2021,0,"RP_L_1_E_10","RP","L","E",0,"2017–2021"
2006,0,"RP_L_2_E_01","RP","L","E",0,"2006–2011"
2006,0,"RP_L_2_E_01","RP","L","E",0,"2006–2011"
2008,0,"RP_L_2_E_01","RP","L","E",0,"2006–2011"
2009,0,"RP_L_2_E_01","RP","L","E",0,"2006–2011"
2010,0,"RP_L_2_E_01","RP","L","E",0,"2006–2011"
2011,0,"RP_L_2_E_01","RP","L","E",0,"2006–2011"
2012,0,"RP_L_2_E_01","RP","L","E",0,"2012–2016"
2013,0,"RP_L_2_E_01","RP","L","E",0,"2012–2016"
2014,0,"RP_L_2_E_01","RP","L","E",0,"2012–2016"
2015,0,"RP_L_2_E_01","RP","L","E",0,"2012–2016"
2016,0,"RP_L_2_E_01","RP","L","E",0,"2012–2016"
2017,0,"RP_L_2_E_01","RP","L","E",0,"2017–2021"
2018,2,"RP_L_2_E_01","RP","L","E",1.09861228866811,"2017–2021"
2019,0,"RP_L_2_E_01","RP","L","E",0,"2017–2021"
2020,0,"RP_L_2_E_01","RP","L","E",0,"2017–2021"
2021,0,"RP_L_2_E_01","RP","L","E",0,"2017–2021"
2006,0,"RP_L_2_E_02","RP","L","E",0,"2006–2011"
2008,0,"RP_L_2_E_02","RP","L","E",0,"2006–2011"
2009,0,"RP_L_2_E_02","RP","L","E",0,"2006–2011"
2010,0,"RP_L_2_E_02","RP","L","E",0,"2006–2011"
2011,0,"RP_L_2_E_02","RP","L","E",0,"2006–2011"
2012,0,"RP_L_2_E_02","RP","L","E",0,"2012–2016"
2013,0,"RP_L_2_E_02","RP","L","E",0,"2012–2016"
2014,0,"RP_L_2_E_02","RP","L","E",0,"2012–2016"
2015,0,"RP_L_2_E_02","RP","L","E",0,"2012–2016"
2016,2,"RP_L_2_E_02","RP","L","E",1.09861228866811,"2012–2016"
2017,0,"RP_L_2_E_02","RP","L","E",0,"2017–2021"
2018,0,"RP_L_2_E_02","RP","L","E",0,"2017–2021"
2019,4,"RP_L_2_E_02","RP","L","E",1.6094379124341,"2017–2021"
2020,0,"RP_L_2_E_02","RP","L","E",0,"2017–2021"
2021,0,"RP_L_2_E_02","RP","L","E",0,"2017–2021"
2006,0,"RP_L_2_E_03","RP","L","E",0,"2006–2011"
2008,0,"RP_L_2_E_03","RP","L","E",0,"2006–2011"
2009,0,"RP_L_2_E_03","RP","L","E",0,"2006–2011"
2010,0,"RP_L_2_E_03","RP","L","E",0,"2006–2011"
2011,0,"RP_L_2_E_03","RP","L","E",0,"2006–2011"
2012,0,"RP_L_2_E_03","RP","L","E",0,"2012–2016"
2013,0,"RP_L_2_E_03","RP","L","E",0,"2012–2016"
2014,0,"RP_L_2_E_03","RP","L","E",0,"2012–2016"
2015,0,"RP_L_2_E_03","RP","L","E",0,"2012–2016"
2016,0,"RP_L_2_E_03","RP","L","E",0,"2012–2016"
2017,0,"RP_L_2_E_03","RP","L","E",0,"2017–2021"
2018,0,"RP_L_2_E_03","RP","L","E",0,"2017–2021"
2019,7,"RP_L_2_E_03","RP","L","E",2.07944154167984,"2017–2021"
2020,0,"RP_L_2_E_03","RP","L","E",0,"2017–2021"
2021,7,"RP_L_2_E_03","RP","L","E",2.07944154167984,"2017–2021"
2006,0,"RP_L_2_E_04","RP","L","E",0,"2006–2011"
2008,0,"RP_L_2_E_04","RP","L","E",0,"2006–2011"
2009,0,"RP_L_2_E_04","RP","L","E",0,"2006–2011"
2010,0,"RP_L_2_E_04","RP","L","E",0,"2006–2011"
2011,0,"RP_L_2_E_04","RP","L","E",0,"2006–2011"
2012,0,"RP_L_2_E_04","RP","L","E",0,"2012–2016"
2013,0,"RP_L_2_E_04","RP","L","E",0,"2012–2016"
2014,0,"RP_L_2_E_04","RP","L","E",0,"2012–2016"
2015,0,"RP_L_2_E_04","RP","L","E",0,"2012–2016"
2016,0,"RP_L_2_E_04","RP","L","E",0,"2012–2016"
2017,0,"RP_L_2_E_04","RP","L","E",0,"2017–2021"
2018,7,"RP_L_2_E_04","RP","L","E",2.07944154167984,"2017–2021"
2019,0,"RP_L_2_E_04","RP","L","E",0,"2017–2021"
2020,0,"RP_L_2_E_04","RP","L","E",0,"2017–2021"
2021,0,"RP_L_2_E_04","RP","L","E",0,"2017–2021"
2006,1,"RP_L_2_E_05","RP","L","E",0.693147180559945,"2006–2011"
2008,0,"RP_L_2_E_05","RP","L","E",0,"2006–2011"
2009,0,"RP_L_2_E_05","RP","L","E",0,"2006–2011"
2010,0,"RP_L_2_E_05","RP","L","E",0,"2006–2011"
2011,0,"RP_L_2_E_05","RP","L","E",0,"2006–2011"
2012,0,"RP_L_2_E_05","RP","L","E",0,"2012–2016"
2013,0,"RP_L_2_E_05","RP","L","E",0,"2012–2016"
2014,0,"RP_L_2_E_05","RP","L","E",0,"2012–2016"
2015,0,"RP_L_2_E_05","RP","L","E",0,"2012–2016"
2016,0,"RP_L_2_E_05","RP","L","E",0,"2012–2016"
2017,0,"RP_L_2_E_05","RP","L","E",0,"2017–2021"
2018,0,"RP_L_2_E_05","RP","L","E",0,"2017–2021"
2019,0,"RP_L_2_E_05","RP","L","E",0,"2017–2021"
2020,0,"RP_L_2_E_05","RP","L","E",0,"2017–2021"
2021,0,"RP_L_2_E_05","RP","L","E",0,"2017–2021"
2006,0,"RP_L_2_E_06","RP","L","E",0,"2006–2011"
2008,0,"RP_L_2_E_06","RP","L","E",0,"2006–2011"
2009,0,"RP_L_2_E_06","RP","L","E",0,"2006–2011"
2010,0,"RP_L_2_E_06","RP","L","E",0,"2006–2011"
2011,0,"RP_L_2_E_06","RP","L","E",0,"2006–2011"
2012,0,"RP_L_2_E_06","RP","L","E",0,"2012–2016"
2013,0,"RP_L_2_E_06","RP","L","E",0,"2012–2016"
2014,0,"RP_L_2_E_06","RP","L","E",0,"2012–2016"
2015,1,"RP_L_2_E_06","RP","L","E",0.693147180559945,"2012–2016"
2016,0,"RP_L_2_E_06","RP","L","E",0,"2012–2016"
2017,0,"RP_L_2_E_06","RP","L","E",0,"2017–2021"
2018,0,"RP_L_2_E_06","RP","L","E",0,"2017–2021"
2019,10,"RP_L_2_E_06","RP","L","E",2.39789527279837,"2017–2021"
2020,0,"RP_L_2_E_06","RP","L","E",0,"2017–2021"
2021,1,"RP_L_2_E_06","RP","L","E",0.693147180559945,"2017–2021"
2006,0,"RP_L_2_E_07","RP","L","E",0,"2006–2011"
2008,0,"RP_L_2_E_07","RP","L","E",0,"2006–2011"
2009,0,"RP_L_2_E_07","RP","L","E",0,"2006–2011"
2010,0,"RP_L_2_E_07","RP","L","E",0,"2006–2011"
2011,0,"RP_L_2_E_07","RP","L","E",0,"2006–2011"
2012,0,"RP_L_2_E_07","RP","L","E",0,"2012–2016"
2013,0,"RP_L_2_E_07","RP","L","E",0,"2012–2016"
2014,0,"RP_L_2_E_07","RP","L","E",0,"2012–2016"
2015,0,"RP_L_2_E_07","RP","L","E",0,"2012–2016"
2016,0,"RP_L_2_E_07","RP","L","E",0,"2012–2016"
2017,0,"RP_L_2_E_07","RP","L","E",0,"2017–2021"
2018,0,"RP_L_2_E_07","RP","L","E",0,"2017–2021"
2019,0,"RP_L_2_E_07","RP","L","E",0,"2017–2021"
2020,0,"RP_L_2_E_07","RP","L","E",0,"2017–2021"
2021,0,"RP_L_2_E_07","RP","L","E",0,"2017–2021"
2006,0,"RP_L_2_E_08","RP","L","E",0,"2006–2011"
2008,0,"RP_L_2_E_08","RP","L","E",0,"2006–2011"
2009,0,"RP_L_2_E_08","RP","L","E",0,"2006–2011"
2010,0,"RP_L_2_E_08","RP","L","E",0,"2006–2011"
2011,0,"RP_L_2_E_08","RP","L","E",0,"2006–2011"
2012,0,"RP_L_2_E_08","RP","L","E",0,"2012–2016"
2013,0,"RP_L_2_E_08","RP","L","E",0,"2012–2016"
2014,0,"RP_L_2_E_08","RP","L","E",0,"2012–2016"
2015,0,"RP_L_2_E_08","RP","L","E",0,"2012–2016"
2016,0,"RP_L_2_E_08","RP","L","E",0,"2012–2016"
2017,0,"RP_L_2_E_08","RP","L","E",0,"2017–2021"
2018,0,"RP_L_2_E_08","RP","L","E",0,"2017–2021"
2019,0,"RP_L_2_E_08","RP","L","E",0,"2017–2021"
2020,0,"RP_L_2_E_08","RP","L","E",0,"2017–2021"
2021,0,"RP_L_2_E_08","RP","L","E",0,"2017–2021"
2006,0,"RP_L_2_E_09","RP","L","E",0,"2006–2011"
2008,0,"RP_L_2_E_09","RP","L","E",0,"2006–2011"
2009,0,"RP_L_2_E_09","RP","L","E",0,"2006–2011"
2010,0,"RP_L_2_E_09","RP","L","E",0,"2006–2011"
2011,0,"RP_L_2_E_09","RP","L","E",0,"2006–2011"
2012,0,"RP_L_2_E_09","RP","L","E",0,"2012–2016"
2013,0,"RP_L_2_E_09","RP","L","E",0,"2012–2016"
2014,0,"RP_L_2_E_09","RP","L","E",0,"2012–2016"
2015,0,"RP_L_2_E_09","RP","L","E",0,"2012–2016"
2016,0,"RP_L_2_E_09","RP","L","E",0,"2012–2016"
2017,0,"RP_L_2_E_09","RP","L","E",0,"2017–2021"
2018,0,"RP_L_2_E_09","RP","L","E",0,"2017–2021"
2019,0,"RP_L_2_E_09","RP","L","E",0,"2017–2021"
2020,38,"RP_L_2_E_09","RP","L","E",3.66356164612965,"2017–2021"
2021,0,"RP_L_2_E_09","RP","L","E",0,"2017–2021"
2008,0,"RP_L_2_E_10","RP","L","E",0,"2006–2011"
2009,0,"RP_L_2_E_10","RP","L","E",0,"2006–2011"
2010,0,"RP_L_2_E_10","RP","L","E",0,"2006–2011"
2011,0,"RP_L_2_E_10","RP","L","E",0,"2006–2011"
2012,0,"RP_L_2_E_10","RP","L","E",0,"2012–2016"
2013,0,"RP_L_2_E_10","RP","L","E",0,"2012–2016"
2014,0,"RP_L_2_E_10","RP","L","E",0,"2012–2016"
2015,0,"RP_L_2_E_10","RP","L","E",0,"2012–2016"
2016,0,"RP_L_2_E_10","RP","L","E",0,"2012–2016"
2017,0,"RP_L_2_E_10","RP","L","E",0,"2017–2021"
2018,0,"RP_L_2_E_10","RP","L","E",0,"2017–2021"
2019,0,"RP_L_2_E_10","RP","L","E",0,"2017–2021"
2020,0,"RP_L_2_E_10","RP","L","E",0,"2017–2021"
2021,0,"RP_L_2_E_10","RP","L","E",0,"2017–2021"
2017,0,"RP_L_2_E_11","RP","L","E",0,"2017–2021"
2006,0,"RP_L_3_E_01","RP","L","E",0,"2006–2011"
2008,0,"RP_L_3_E_01","RP","L","E",0,"2006–2011"
2009,0,"RP_L_3_E_01","RP","L","E",0,"2006–2011"
2010,0,"RP_L_3_E_01","RP","L","E",0,"2006–2011"
2012,0,"RP_L_3_E_01","RP","L","E",0,"2012–2016"
2013,0,"RP_L_3_E_01","RP","L","E",0,"2012–2016"
2014,0,"RP_L_3_E_01","RP","L","E",0,"2012–2016"
2015,0,"RP_L_3_E_01","RP","L","E",0,"2012–2016"
2016,0,"RP_L_3_E_01","RP","L","E",0,"2012–2016"
2017,0,"RP_L_3_E_01","RP","L","E",0,"2017–2021"
2018,7,"RP_L_3_E_01","RP","L","E",2.07944154167984,"2017–2021"
2019,0,"RP_L_3_E_01","RP","L","E",0,"2017–2021"
2020,0,"RP_L_3_E_01","RP","L","E",0,"2017–2021"
2021,0,"RP_L_3_E_01","RP","L","E",0,"2017–2021"
2006,0,"RP_L_3_E_02","RP","L","E",0,"2006–2011"
2008,0,"RP_L_3_E_02","RP","L","E",0,"2006–2011"
2009,0,"RP_L_3_E_02","RP","L","E",0,"2006–2011"
2010,0,"RP_L_3_E_02","RP","L","E",0,"2006–2011"
2012,0,"RP_L_3_E_02","RP","L","E",0,"2012–2016"
2013,0,"RP_L_3_E_02","RP","L","E",0,"2012–2016"
2014,0,"RP_L_3_E_02","RP","L","E",0,"2012–2016"
2015,0,"RP_L_3_E_02","RP","L","E",0,"2012–2016"
2016,0,"RP_L_3_E_02","RP","L","E",0,"2012–2016"
2017,0,"RP_L_3_E_02","RP","L","E",0,"2017–2021"
2018,2,"RP_L_3_E_02","RP","L","E",1.09861228866811,"2017–2021"
2019,0,"RP_L_3_E_02","RP","L","E",0,"2017–2021"
2020,0,"RP_L_3_E_02","RP","L","E",0,"2017–2021"
2021,0,"RP_L_3_E_02","RP","L","E",0,"2017–2021"
2006,0,"RP_L_3_E_03","RP","L","E",0,"2006–2011"
2008,0,"RP_L_3_E_03","RP","L","E",0,"2006–2011"
2009,0,"RP_L_3_E_03","RP","L","E",0,"2006–2011"
2010,0,"RP_L_3_E_03","RP","L","E",0,"2006–2011"
2012,0,"RP_L_3_E_03","RP","L","E",0,"2012–2016"
2013,0,"RP_L_3_E_03","RP","L","E",0,"2012–2016"
2014,0,"RP_L_3_E_03","RP","L","E",0,"2012–2016"
2015,0,"RP_L_3_E_03","RP","L","E",0,"2012–2016"
2016,0,"RP_L_3_E_03","RP","L","E",0,"2012–2016"
2017,0,"RP_L_3_E_03","RP","L","E",0,"2017–2021"
2018,0,"RP_L_3_E_03","RP","L","E",0,"2017–2021"
2019,0,"RP_L_3_E_03","RP","L","E",0,"2017–2021"
2020,13,"RP_L_3_E_03","RP","L","E",2.63905732961526,"2017–2021"
2021,0,"RP_L_3_E_03","RP","L","E",0,"2017–2021"
2006,0,"RP_L_3_E_04","RP","L","E",0,"2006–2011"
2008,0,"RP_L_3_E_04","RP","L","E",0,"2006–2011"
2009,0,"RP_L_3_E_04","RP","L","E",0,"2006–2011"
2010,0,"RP_L_3_E_04","RP","L","E",0,"2006–2011"
2012,0,"RP_L_3_E_04","RP","L","E",0,"2012–2016"
2013,0,"RP_L_3_E_04","RP","L","E",0,"2012–2016"
2014,0,"RP_L_3_E_04","RP","L","E",0,"2012–2016"
2015,0,"RP_L_3_E_04","RP","L","E",0,"2012–2016"
2016,0,"RP_L_3_E_04","RP","L","E",0,"2012–2016"
2017,1,"RP_L_3_E_04","RP","L","E",0.693147180559945,"2017–2021"
2018,1,"RP_L_3_E_04","RP","L","E",0.693147180559945,"2017–2021"
2019,0,"RP_L_3_E_04","RP","L","E",0,"2017–2021"
2020,0,"RP_L_3_E_04","RP","L","E",0,"2017–2021"
2021,0,"RP_L_3_E_04","RP","L","E",0,"2017–2021"
2006,0,"RP_L_3_E_05","RP","L","E",0,"2006–2011"
2008,0,"RP_L_3_E_05","RP","L","E",0,"2006–2011"
2009,0,"RP_L_3_E_05","RP","L","E",0,"2006–2011"
2010,0,"RP_L_3_E_05","RP","L","E",0,"2006–2011"
2012,0,"RP_L_3_E_05","RP","L","E",0,"2012–2016"
2013,0,"RP_L_3_E_05","RP","L","E",0,"2012–2016"
2014,0,"RP_L_3_E_05","RP","L","E",0,"2012–2016"
2015,0,"RP_L_3_E_05","RP","L","E",0,"2012–2016"
2016,0,"RP_L_3_E_05","RP","L","E",0,"2012–2016"
2017,0,"RP_L_3_E_05","RP","L","E",0,"2017–2021"
2018,0,"RP_L_3_E_05","RP","L","E",0,"2017–2021"
2019,0,"RP_L_3_E_05","RP","L","E",0,"2017–2021"
2020,0,"RP_L_3_E_05","RP","L","E",0,"2017–2021"
2021,0,"RP_L_3_E_05","RP","L","E",0,"2017–2021"
2006,0,"RP_L_3_E_06","RP","L","E",0,"2006–2011"
2008,0,"RP_L_3_E_06","RP","L","E",0,"2006–2011"
2009,0,"RP_L_3_E_06","RP","L","E",0,"2006–2011"
2010,0,"RP_L_3_E_06","RP","L","E",0,"2006–2011"
2012,0,"RP_L_3_E_06","RP","L","E",0,"2012–2016"
2013,0,"RP_L_3_E_06","RP","L","E",0,"2012–2016"
2014,0,"RP_L_3_E_06","RP","L","E",0,"2012–2016"
2015,0,"RP_L_3_E_06","RP","L","E",0,"2012–2016"
2016,0,"RP_L_3_E_06","RP","L","E",0,"2012–2016"
2017,0,"RP_L_3_E_06","RP","L","E",0,"2017–2021"
2018,5,"RP_L_3_E_06","RP","L","E",1.79175946922805,"2017–2021"
2019,0,"RP_L_3_E_06","RP","L","E",0,"2017–2021"
2020,0,"RP_L_3_E_06","RP","L","E",0,"2017–2021"
2021,0,"RP_L_3_E_06","RP","L","E",0,"2017–2021"
2006,0,"RP_L_3_E_07","RP","L","E",0,"2006–2011"
2008,0,"RP_L_3_E_07","RP","L","E",0,"2006–2011"
2009,0,"RP_L_3_E_07","RP","L","E",0,"2006–2011"
2010,0,"RP_L_3_E_07","RP","L","E",0,"2006–2011"
2012,0,"RP_L_3_E_07","RP","L","E",0,"2012–2016"
2013,0,"RP_L_3_E_07","RP","L","E",0,"2012–2016"
2014,0,"RP_L_3_E_07","RP","L","E",0,"2012–2016"
2015,0,"RP_L_3_E_07","RP","L","E",0,"2012–2016"
2016,1,"RP_L_3_E_07","RP","L","E",0.693147180559945,"2012–2016"
2017,0,"RP_L_3_E_07","RP","L","E",0,"2017–2021"
2018,0,"RP_L_3_E_07","RP","L","E",0,"2017–2021"
2019,0,"RP_L_3_E_07","RP","L","E",0,"2017–2021"
2020,0,"RP_L_3_E_07","RP","L","E",0,"2017–2021"
2021,0,"RP_L_3_E_07","RP","L","E",0,"2017–2021"
2006,0,"RP_L_3_E_08","RP","L","E",0,"2006–2011"
2008,0,"RP_L_3_E_08","RP","L","E",0,"2006–2011"
2009,0,"RP_L_3_E_08","RP","L","E",0,"2006–2011"
2010,0,"RP_L_3_E_08","RP","L","E",0,"2006–2011"
2012,0,"RP_L_3_E_08","RP","L","E",0,"2012–2016"
2013,0,"RP_L_3_E_08","RP","L","E",0,"2012–2016"
2014,0,"RP_L_3_E_08","RP","L","E",0,"2012–2016"
2015,0,"RP_L_3_E_08","RP","L","E",0,"2012–2016"
2016,0,"RP_L_3_E_08","RP","L","E",0,"2012–2016"
2017,0,"RP_L_3_E_08","RP","L","E",0,"2017–2021"
2018,0,"RP_L_3_E_08","RP","L","E",0,"2017–2021"
2019,0,"RP_L_3_E_08","RP","L","E",0,"2017–2021"
2020,3,"RP_L_3_E_08","RP","L","E",1.38629436111989,"2017–2021"
2021,0,"RP_L_3_E_08","RP","L","E",0,"2017–2021"
2006,0,"RP_L_3_E_09","RP","L","E",0,"2006–2011"
2008,0,"RP_L_3_E_09","RP","L","E",0,"2006–2011"
2009,0,"RP_L_3_E_09","RP","L","E",0,"2006–2011"
2010,0,"RP_L_3_E_09","RP","L","E",0,"2006–2011"
2012,0,"RP_L_3_E_09","RP","L","E",0,"2012–2016"
2013,0,"RP_L_3_E_09","RP","L","E",0,"2012–2016"
2014,0,"RP_L_3_E_09","RP","L","E",0,"2012–2016"
2015,0,"RP_L_3_E_09","RP","L","E",0,"2012–2016"
2016,0,"RP_L_3_E_09","RP","L","E",0,"2012–2016"
2017,0,"RP_L_3_E_09","RP","L","E",0,"2017–2021"
2018,0,"RP_L_3_E_09","RP","L","E",0,"2017–2021"
2019,0,"RP_L_3_E_09","RP","L","E",0,"2017–2021"
2020,37,"RP_L_3_E_09","RP","L","E",3.63758615972639,"2017–2021"
2021,0,"RP_L_3_E_09","RP","L","E",0,"2017–2021"
2006,0,"RP_L_3_E_10","RP","L","E",0,"2006–2011"
2008,0,"RP_L_3_E_10","RP","L","E",0,"2006–2011"
2009,0,"RP_L_3_E_10","RP","L","E",0,"2006–2011"
2010,0,"RP_L_3_E_10","RP","L","E",0,"2006–2011"
2013,0,"RP_L_3_E_10","RP","L","E",0,"2012–2016"
2014,0,"RP_L_3_E_10","RP","L","E",0,"2012–2016"
2015,0,"RP_L_3_E_10","RP","L","E",0,"2012–2016"
2016,0,"RP_L_3_E_10","RP","L","E",0,"2012–2016"
2017,0,"RP_L_3_E_10","RP","L","E",0,"2017–2021"
2018,0,"RP_L_3_E_10","RP","L","E",0,"2017–2021"
2019,0,"RP_L_3_E_10","RP","L","E",0,"2017–2021"
2020,3,"RP_L_3_E_10","RP","L","E",1.38629436111989,"2017–2021"
2021,0,"RP_L_3_E_10","RP","L","E",0,"2017–2021"
2006,1,"SH_L_1_E_01","SH","L","E",0.693147180559945,"2006–2011"
2008,0,"SH_L_1_E_01","SH","L","E",0,"2006–2011"
2009,0,"SH_L_1_E_01","SH","L","E",0,"2006–2011"
2010,0,"SH_L_1_E_01","SH","L","E",0,"2006–2011"
2011,0,"SH_L_1_E_01","SH","L","E",0,"2006–2011"
2012,0,"SH_L_1_E_01","SH","L","E",0,"2012–2016"
2013,0,"SH_L_1_E_01","SH","L","E",0,"2012–2016"
2014,0,"SH_L_1_E_01","SH","L","E",0,"2012–2016"
2015,0,"SH_L_1_E_01","SH","L","E",0,"2012–2016"
2016,0,"SH_L_1_E_01","SH","L","E",0,"2012–2016"
2017,0,"SH_L_1_E_01","SH","L","E",0,"2017–2021"
2018,3,"SH_L_1_E_01","SH","L","E",1.38629436111989,"2017–2021"
2019,2,"SH_L_1_E_01","SH","L","E",1.09861228866811,"2017–2021"
2019,0,"SH_L_1_E_01","SH","L","E",0,"2017–2021"
2021,1,"SH_L_1_E_01","SH","L","E",0.693147180559945,"2017–2021"
2006,0,"SH_L_1_E_02","SH","L","E",0,"2006–2011"
2008,0,"SH_L_1_E_02","SH","L","E",0,"2006–2011"
2009,0,"SH_L_1_E_02","SH","L","E",0,"2006–2011"
2010,0,"SH_L_1_E_02","SH","L","E",0,"2006–2011"
2011,0,"SH_L_1_E_02","SH","L","E",0,"2006–2011"
2012,0,"SH_L_1_E_02","SH","L","E",0,"2012–2016"
2013,0,"SH_L_1_E_02","SH","L","E",0,"2012–2016"
2014,0,"SH_L_1_E_02","SH","L","E",0,"2012–2016"
2015,0,"SH_L_1_E_02","SH","L","E",0,"2012–2016"
2016,0,"SH_L_1_E_02","SH","L","E",0,"2012–2016"
2017,0,"SH_L_1_E_02","SH","L","E",0,"2017–2021"
2018,1,"SH_L_1_E_02","SH","L","E",0.693147180559945,"2017–2021"
2019,2,"SH_L_1_E_02","SH","L","E",1.09861228866811,"2017–2021"
2021,0,"SH_L_1_E_02","SH","L","E",0,"2017–2021"
2006,1,"SH_L_1_E_03","SH","L","E",0.693147180559945,"2006–2011"
2008,0,"SH_L_1_E_03","SH","L","E",0,"2006–2011"
2009,0,"SH_L_1_E_03","SH","L","E",0,"2006–2011"
2010,0,"SH_L_1_E_03","SH","L","E",0,"2006–2011"
2011,0,"SH_L_1_E_03","SH","L","E",0,"2006–2011"
2012,0,"SH_L_1_E_03","SH","L","E",0,"2012–2016"
2013,2,"SH_L_1_E_03","SH","L","E",1.09861228866811,"2012–2016"
2014,0,"SH_L_1_E_03","SH","L","E",0,"2012–2016"
2015,0,"SH_L_1_E_03","SH","L","E",0,"2012–2016"
2016,0,"SH_L_1_E_03","SH","L","E",0,"2012–2016"
2017,2,"SH_L_1_E_03","SH","L","E",1.09861228866811,"2017–2021"
2018,0,"SH_L_1_E_03","SH","L","E",0,"2017–2021"
2019,0,"SH_L_1_E_03","SH","L","E",0,"2017–2021"
2019,2,"SH_L_1_E_03","SH","L","E",1.09861228866811,"2017–2021"
2021,0,"SH_L_1_E_03","SH","L","E",0,"2017–2021"
2006,0,"SH_L_1_E_04","SH","L","E",0,"2006–2011"
2008,0,"SH_L_1_E_04","SH","L","E",0,"2006–2011"
2009,0,"SH_L_1_E_04","SH","L","E",0,"2006–2011"
2010,0,"SH_L_1_E_04","SH","L","E",0,"2006–2011"
2011,0,"SH_L_1_E_04","SH","L","E",0,"2006–2011"
2012,0,"SH_L_1_E_04","SH","L","E",0,"2012–2016"
2013,0,"SH_L_1_E_04","SH","L","E",0,"2012–2016"
2014,0,"SH_L_1_E_04","SH","L","E",0,"2012–2016"
2015,0,"SH_L_1_E_04","SH","L","E",0,"2012–2016"
2016,0,"SH_L_1_E_04","SH","L","E",0,"2012–2016"
2017,0,"SH_L_1_E_04","SH","L","E",0,"2017–2021"
2018,0,"SH_L_1_E_04","SH","L","E",0,"2017–2021"
2019,0,"SH_L_1_E_04","SH","L","E",0,"2017–2021"
2021,0,"SH_L_1_E_04","SH","L","E",0,"2017–2021"
2006,2,"SH_L_1_E_05","SH","L","E",1.09861228866811,"2006–2011"
2008,0,"SH_L_1_E_05","SH","L","E",0,"2006–2011"
2009,0,"SH_L_1_E_05","SH","L","E",0,"2006–2011"
2010,1,"SH_L_1_E_05","SH","L","E",0.693147180559945,"2006–2011"
2011,0,"SH_L_1_E_05","SH","L","E",0,"2006–2011"
2012,1,"SH_L_1_E_05","SH","L","E",0.693147180559945,"2012–2016"
2013,0,"SH_L_1_E_05","SH","L","E",0,"2012–2016"
2014,0,"SH_L_1_E_05","SH","L","E",0,"2012–2016"
2015,0,"SH_L_1_E_05","SH","L","E",0,"2012–2016"
2016,0,"SH_L_1_E_05","SH","L","E",0,"2012–2016"
2017,0,"SH_L_1_E_05","SH","L","E",0,"2017–2021"
2018,1,"SH_L_1_E_05","SH","L","E",0.693147180559945,"2017–2021"
2019,0,"SH_L_1_E_05","SH","L","E",0,"2017–2021"
2019,8,"SH_L_1_E_05","SH","L","E",2.19722457733622,"2017–2021"
2021,0,"SH_L_1_E_05","SH","L","E",0,"2017–2021"
2006,0,"SH_L_1_E_06","SH","L","E",0,"2006–2011"
2008,0,"SH_L_1_E_06","SH","L","E",0,"2006–2011"
2009,0,"SH_L_1_E_06","SH","L","E",0,"2006–2011"
2010,0,"SH_L_1_E_06","SH","L","E",0,"2006–2011"
2011,0,"SH_L_1_E_06","SH","L","E",0,"2006–2011"
2012,0,"SH_L_1_E_06","SH","L","E",0,"2012–2016"
2013,0,"SH_L_1_E_06","SH","L","E",0,"2012–2016"
2014,0,"SH_L_1_E_06","SH","L","E",0,"2012–2016"
2015,0,"SH_L_1_E_06","SH","L","E",0,"2012–2016"
2016,0,"SH_L_1_E_06","SH","L","E",0,"2012–2016"
2017,2,"SH_L_1_E_06","SH","L","E",1.09861228866811,"2017–2021"
2018,1,"SH_L_1_E_06","SH","L","E",0.693147180559945,"2017–2021"
2021,1,"SH_L_1_E_06","SH","L","E",0.693147180559945,"2017–2021"
2006,0,"SH_L_1_E_07","SH","L","E",0,"2006–2011"
2008,0,"SH_L_1_E_07","SH","L","E",0,"2006–2011"
2009,0,"SH_L_1_E_07","SH","L","E",0,"2006–2011"
2010,0,"SH_L_1_E_07","SH","L","E",0,"2006–2011"
2011,0,"SH_L_1_E_07","SH","L","E",0,"2006–2011"
2012,0,"SH_L_1_E_07","SH","L","E",0,"2012–2016"
2013,1,"SH_L_1_E_07","SH","L","E",0.693147180559945,"2012–2016"
2014,0,"SH_L_1_E_07","SH","L","E",0,"2012–2016"
2015,1,"SH_L_1_E_07","SH","L","E",0.693147180559945,"2012–2016"
2016,0,"SH_L_1_E_07","SH","L","E",0,"2012–2016"
2017,0,"SH_L_1_E_07","SH","L","E",0,"2017–2021"
2018,2,"SH_L_1_E_07","SH","L","E",1.09861228866811,"2017–2021"
2019,1,"SH_L_1_E_07","SH","L","E",0.693147180559945,"2017–2021"
2021,0,"SH_L_1_E_07","SH","L","E",0,"2017–2021"
2006,0,"SH_L_1_E_08","SH","L","E",0,"2006–2011"
2008,0,"SH_L_1_E_08","SH","L","E",0,"2006–2011"
2009,0,"SH_L_1_E_08","SH","L","E",0,"2006–2011"
2010,0,"SH_L_1_E_08","SH","L","E",0,"2006–2011"
2011,0,"SH_L_1_E_08","SH","L","E",0,"2006–2011"
2012,0,"SH_L_1_E_08","SH","L","E",0,"2012–2016"
2013,0,"SH_L_1_E_08","SH","L","E",0,"2012–2016"
2014,0,"SH_L_1_E_08","SH","L","E",0,"2012–2016"
2015,0,"SH_L_1_E_08","SH","L","E",0,"2012–2016"
2016,0,"SH_L_1_E_08","SH","L","E",0,"2012–2016"
2017,0,"SH_L_1_E_08","SH","L","E",0,"2017–2021"
2018,1,"SH_L_1_E_08","SH","L","E",0.693147180559945,"2017–2021"
2021,0,"SH_L_1_E_08","SH","L","E",0,"2017–2021"
2006,0,"SH_L_1_E_09","SH","L","E",0,"2006–2011"
2008,0,"SH_L_1_E_09","SH","L","E",0,"2006–2011"
2009,0,"SH_L_1_E_09","SH","L","E",0,"2006–2011"
2010,0,"SH_L_1_E_09","SH","L","E",0,"2006–2011"
2011,0,"SH_L_1_E_09","SH","L","E",0,"2006–2011"
2012,0,"SH_L_1_E_09","SH","L","E",0,"2012–2016"
2013,0,"SH_L_1_E_09","SH","L","E",0,"2012–2016"
2014,2,"SH_L_1_E_09","SH","L","E",1.09861228866811,"2012–2016"
2015,1,"SH_L_1_E_09","SH","L","E",0.693147180559945,"2012–2016"
2016,0,"SH_L_1_E_09","SH","L","E",0,"2012–2016"
2017,0,"SH_L_1_E_09","SH","L","E",0,"2017–2021"
2018,2,"SH_L_1_E_09","SH","L","E",1.09861228866811,"2017–2021"
2021,0,"SH_L_1_E_09","SH","L","E",0,"2017–2021"
2006,0,"SH_L_1_E_10","SH","L","E",0,"2006–2011"
2008,0,"SH_L_1_E_10","SH","L","E",0,"2006–2011"
2009,0,"SH_L_1_E_10","SH","L","E",0,"2006–2011"
2010,0,"SH_L_1_E_10","SH","L","E",0,"2006–2011"
2011,0,"SH_L_1_E_10","SH","L","E",0,"2006–2011"
2012,0,"SH_L_1_E_10","SH","L","E",0,"2012–2016"
2013,0,"SH_L_1_E_10","SH","L","E",0,"2012–2016"
2014,0,"SH_L_1_E_10","SH","L","E",0,"2012–2016"
2015,5,"SH_L_1_E_10","SH","L","E",1.79175946922805,"2012–2016"
2016,0,"SH_L_1_E_10","SH","L","E",0,"2012–2016"
2017,0,"SH_L_1_E_10","SH","L","E",0,"2017–2021"
2018,0,"SH_L_1_E_10","SH","L","E",0,"2017–2021"
2019,2,"SH_L_1_E_10","SH","L","E",1.09861228866811,"2017–2021"
2021,0,"SH_L_1_E_10","SH","L","E",0,"2017–2021"
2006,0,"SH_L_2_E_01","SH","L","E",0,"2006–2011"
2008,0,"SH_L_2_E_01","SH","L","E",0,"2006–2011"
2009,0,"SH_L_2_E_01","SH","L","E",0,"2006–2011"
2010,0,"SH_L_2_E_01","SH","L","E",0,"2006–2011"
2011,0,"SH_L_2_E_01","SH","L","E",0,"2006–2011"
2012,0,"SH_L_2_E_01","SH","L","E",0,"2012–2016"
2013,0,"SH_L_2_E_01","SH","L","E",0,"2012–2016"
2014,0,"SH_L_2_E_01","SH","L","E",0,"2012–2016"
2015,2,"SH_L_2_E_01","SH","L","E",1.09861228866811,"2012–2016"
2016,0,"SH_L_2_E_01","SH","L","E",0,"2012–2016"
2017,0,"SH_L_2_E_01","SH","L","E",0,"2017–2021"
2018,3,"SH_L_2_E_01","SH","L","E",1.38629436111989,"2017–2021"
2019,0,"SH_L_2_E_01","SH","L","E",0,"2017–2021"
2020,0,"SH_L_2_E_01","SH","L","E",0,"2017–2021"
2021,0,"SH_L_2_E_01","SH","L","E",0,"2017–2021"
2006,1,"SH_L_2_E_02","SH","L","E",0.693147180559945,"2006–2011"
2008,0,"SH_L_2_E_02","SH","L","E",0,"2006–2011"
2009,0,"SH_L_2_E_02","SH","L","E",0,"2006–2011"
2010,0,"SH_L_2_E_02","SH","L","E",0,"2006–2011"
2011,0,"SH_L_2_E_02","SH","L","E",0,"2006–2011"
2012,0,"SH_L_2_E_02","SH","L","E",0,"2012–2016"
2013,0,"SH_L_2_E_02","SH","L","E",0,"2012–2016"
2014,0,"SH_L_2_E_02","SH","L","E",0,"2012–2016"
2015,0,"SH_L_2_E_02","SH","L","E",0,"2012–2016"
2016,2,"SH_L_2_E_02","SH","L","E",1.09861228866811,"2012–2016"
2017,0,"SH_L_2_E_02","SH","L","E",0,"2017–2021"
2018,0,"SH_L_2_E_02","SH","L","E",0,"2017–2021"
2019,2,"SH_L_2_E_02","SH","L","E",1.09861228866811,"2017–2021"
2020,0,"SH_L_2_E_02","SH","L","E",0,"2017–2021"
2021,0,"SH_L_2_E_02","SH","L","E",0,"2017–2021"
2006,0,"SH_L_2_E_03","SH","L","E",0,"2006–2011"
2008,0,"SH_L_2_E_03","SH","L","E",0,"2006–2011"
2009,1,"SH_L_2_E_03","SH","L","E",0.693147180559945,"2006–2011"
2010,0,"SH_L_2_E_03","SH","L","E",0,"2006–2011"
2011,0,"SH_L_2_E_03","SH","L","E",0,"2006–2011"
2012,0,"SH_L_2_E_03","SH","L","E",0,"2012–2016"
2013,0,"SH_L_2_E_03","SH","L","E",0,"2012–2016"
2014,0,"SH_L_2_E_03","SH","L","E",0,"2012–2016"
2015,0,"SH_L_2_E_03","SH","L","E",0,"2012–2016"
2016,0,"SH_L_2_E_03","SH","L","E",0,"2012–2016"
2017,1,"SH_L_2_E_03","SH","L","E",0.693147180559945,"2017–2021"
2018,3,"SH_L_2_E_03","SH","L","E",1.38629436111989,"2017–2021"
2019,0,"SH_L_2_E_03","SH","L","E",0,"2017–2021"
2019,0,"SH_L_2_E_03","SH","L","E",0,"2017–2021"
2020,0,"SH_L_2_E_03","SH","L","E",0,"2017–2021"
2021,0,"SH_L_2_E_03","SH","L","E",0,"2017–2021"
2006,0,"SH_L_2_E_04","SH","L","E",0,"2006–2011"
2008,0,"SH_L_2_E_04","SH","L","E",0,"2006–2011"
2009,0,"SH_L_2_E_04","SH","L","E",0,"2006–2011"
2010,0,"SH_L_2_E_04","SH","L","E",0,"2006–2011"
2011,0,"SH_L_2_E_04","SH","L","E",0,"2006–2011"
2012,0,"SH_L_2_E_04","SH","L","E",0,"2012–2016"
2013,0,"SH_L_2_E_04","SH","L","E",0,"2012–2016"
2014,0,"SH_L_2_E_04","SH","L","E",0,"2012–2016"
2015,0,"SH_L_2_E_04","SH","L","E",0,"2012–2016"
2016,0,"SH_L_2_E_04","SH","L","E",0,"2012–2016"
2017,0,"SH_L_2_E_04","SH","L","E",0,"2017–2021"
2018,0,"SH_L_2_E_04","SH","L","E",0,"2017–2021"
2019,0,"SH_L_2_E_04","SH","L","E",0,"2017–2021"
2020,1,"SH_L_2_E_04","SH","L","E",0.693147180559945,"2017–2021"
2021,0,"SH_L_2_E_04","SH","L","E",0,"2017–2021"
2006,0,"SH_L_2_E_05","SH","L","E",0,"2006–2011"
2008,0,"SH_L_2_E_05","SH","L","E",0,"2006–2011"
2009,0,"SH_L_2_E_05","SH","L","E",0,"2006–2011"
2010,0,"SH_L_2_E_05","SH","L","E",0,"2006–2011"
2011,0,"SH_L_2_E_05","SH","L","E",0,"2006–2011"
2012,0,"SH_L_2_E_05","SH","L","E",0,"2012–2016"
2013,0,"SH_L_2_E_05","SH","L","E",0,"2012–2016"
2014,4,"SH_L_2_E_05","SH","L","E",1.6094379124341,"2012–2016"
2015,2,"SH_L_2_E_05","SH","L","E",1.09861228866811,"2012–2016"
2016,0,"SH_L_2_E_05","SH","L","E",0,"2012–2016"
2017,0,"SH_L_2_E_05","SH","L","E",0,"2017–2021"
2018,0,"SH_L_2_E_05","SH","L","E",0,"2017–2021"
2019,3,"SH_L_2_E_05","SH","L","E",1.38629436111989,"2017–2021"
2019,0,"SH_L_2_E_05","SH","L","E",0,"2017–2021"
2020,0,"SH_L_2_E_05","SH","L","E",0,"2017–2021"
2021,0,"SH_L_2_E_05","SH","L","E",0,"2017–2021"
2006,0,"SH_L_2_E_06","SH","L","E",0,"2006–2011"
2008,0,"SH_L_2_E_06","SH","L","E",0,"2006–2011"
2009,0,"SH_L_2_E_06","SH","L","E",0,"2006–2011"
2010,1,"SH_L_2_E_06","SH","L","E",0.693147180559945,"2006–2011"
2011,0,"SH_L_2_E_06","SH","L","E",0,"2006–2011"
2012,0,"SH_L_2_E_06","SH","L","E",0,"2012–2016"
2013,2,"SH_L_2_E_06","SH","L","E",1.09861228866811,"2012–2016"
2014,0,"SH_L_2_E_06","SH","L","E",0,"2012–2016"
2015,0,"SH_L_2_E_06","SH","L","E",0,"2012–2016"
2016,0,"SH_L_2_E_06","SH","L","E",0,"2012–2016"
2017,0,"SH_L_2_E_06","SH","L","E",0,"2017–2021"
2018,0,"SH_L_2_E_06","SH","L","E",0,"2017–2021"
2019,0,"SH_L_2_E_06","SH","L","E",0,"2017–2021"
2020,0,"SH_L_2_E_06","SH","L","E",0,"2017–2021"
2021,0,"SH_L_2_E_06","SH","L","E",0,"2017–2021"
2006,0,"SH_L_2_E_07","SH","L","E",0,"2006–2011"
2008,0,"SH_L_2_E_07","SH","L","E",0,"2006–2011"
2009,0,"SH_L_2_E_07","SH","L","E",0,"2006–2011"
2010,0,"SH_L_2_E_07","SH","L","E",0,"2006–2011"
2011,0,"SH_L_2_E_07","SH","L","E",0,"2006–2011"
2012,0,"SH_L_2_E_07","SH","L","E",0,"2012–2016"
2013,0,"SH_L_2_E_07","SH","L","E",0,"2012–2016"
2014,1,"SH_L_2_E_07","SH","L","E",0.693147180559945,"2012–2016"
2015,0,"SH_L_2_E_07","SH","L","E",0,"2012–2016"
2016,0,"SH_L_2_E_07","SH","L","E",0,"2012–2016"
2017,0,"SH_L_2_E_07","SH","L","E",0,"2017–2021"
2018,1,"SH_L_2_E_07","SH","L","E",0.693147180559945,"2017–2021"
2020,0,"SH_L_2_E_07","SH","L","E",0,"2017–2021"
2021,0,"SH_L_2_E_07","SH","L","E",0,"2017–2021"
2006,0,"SH_L_2_E_08","SH","L","E",0,"2006–2011"
2008,0,"SH_L_2_E_08","SH","L","E",0,"2006–2011"
2009,0,"SH_L_2_E_08","SH","L","E",0,"2006–2011"
2010,0,"SH_L_2_E_08","SH","L","E",0,"2006–2011"
2011,0,"SH_L_2_E_08","SH","L","E",0,"2006–2011"
2012,0,"SH_L_2_E_08","SH","L","E",0,"2012–2016"
2013,0,"SH_L_2_E_08","SH","L","E",0,"2012–2016"
2014,0,"SH_L_2_E_08","SH","L","E",0,"2012–2016"
2015,0,"SH_L_2_E_08","SH","L","E",0,"2012–2016"
2016,2,"SH_L_2_E_08","SH","L","E",1.09861228866811,"2012–2016"
2017,6,"SH_L_2_E_08","SH","L","E",1.94591014905531,"2017–2021"
2018,0,"SH_L_2_E_08","SH","L","E",0,"2017–2021"
2019,2,"SH_L_2_E_08","SH","L","E",1.09861228866811,"2017–2021"
2020,0,"SH_L_2_E_08","SH","L","E",0,"2017–2021"
2021,0,"SH_L_2_E_08","SH","L","E",0,"2017–2021"
2006,0,"SH_L_2_E_09","SH","L","E",0,"2006–2011"
2008,0,"SH_L_2_E_09","SH","L","E",0,"2006–2011"
2009,0,"SH_L_2_E_09","SH","L","E",0,"2006–2011"
2010,0,"SH_L_2_E_09","SH","L","E",0,"2006–2011"
2011,0,"SH_L_2_E_09","SH","L","E",0,"2006–2011"
2012,0,"SH_L_2_E_09","SH","L","E",0,"2012–2016"
2013,0,"SH_L_2_E_09","SH","L","E",0,"2012–2016"
2014,0,"SH_L_2_E_09","SH","L","E",0,"2012–2016"
2015,0,"SH_L_2_E_09","SH","L","E",0,"2012–2016"
2016,2,"SH_L_2_E_09","SH","L","E",1.09861228866811,"2012–2016"
2017,0,"SH_L_2_E_09","SH","L","E",0,"2017–2021"
2018,2,"SH_L_2_E_09","SH","L","E",1.09861228866811,"2017–2021"
2020,0,"SH_L_2_E_09","SH","L","E",0,"2017–2021"
2021,0,"SH_L_2_E_09","SH","L","E",0,"2017–2021"
2006,0,"SH_L_2_E_10","SH","L","E",0,"2006–2011"
2008,0,"SH_L_2_E_10","SH","L","E",0,"2006–2011"
2009,0,"SH_L_2_E_10","SH","L","E",0,"2006–2011"
2010,0,"SH_L_2_E_10","SH","L","E",0,"2006–2011"
2011,0,"SH_L_2_E_10","SH","L","E",0,"2006–2011"
2012,0,"SH_L_2_E_10","SH","L","E",0,"2012–2016"
2013,5,"SH_L_2_E_10","SH","L","E",1.79175946922805,"2012–2016"
2014,0,"SH_L_2_E_10","SH","L","E",0,"2012–2016"
2015,0,"SH_L_2_E_10","SH","L","E",0,"2012–2016"
2018,0,"SH_L_2_E_10","SH","L","E",0,"2017–2021"
2019,0,"SH_L_2_E_10","SH","L","E",0,"2017–2021"
2020,0,"SH_L_2_E_10","SH","L","E",0,"2017–2021"
2006,0,"SH_L_3_E_01","SH","L","E",0,"2006–2011"
2008,0,"SH_L_3_E_01","SH","L","E",0,"2006–2011"
2009,0,"SH_L_3_E_01","SH","L","E",0,"2006–2011"
2011,2,"SH_L_3_E_01","SH","L","E",1.09861228866811,"2006–2011"
2012,0,"SH_L_3_E_01","SH","L","E",0,"2012–2016"
2013,0,"SH_L_3_E_01","SH","L","E",0,"2012–2016"
2014,0,"SH_L_3_E_01","SH","L","E",0,"2012–2016"
2015,1,"SH_L_3_E_01","SH","L","E",0.693147180559945,"2012–2016"
2016,0,"SH_L_3_E_01","SH","L","E",0,"2012–2016"
2017,0,"SH_L_3_E_01","SH","L","E",0,"2017–2021"
2018,0,"SH_L_3_E_01","SH","L","E",0,"2017–2021"
2019,0,"SH_L_3_E_01","SH","L","E",0,"2017–2021"
2020,0,"SH_L_3_E_01","SH","L","E",0,"2017–2021"
2021,0,"SH_L_3_E_01","SH","L","E",0,"2017–2021"
2006,0,"SH_L_3_E_02","SH","L","E",0,"2006–2011"
2008,0,"SH_L_3_E_02","SH","L","E",0,"2006–2011"
2009,0,"SH_L_3_E_02","SH","L","E",0,"2006–2011"
2011,0,"SH_L_3_E_02","SH","L","E",0,"2006–2011"
2012,0,"SH_L_3_E_02","SH","L","E",0,"2012–2016"
2013,0,"SH_L_3_E_02","SH","L","E",0,"2012–2016"
2014,0,"SH_L_3_E_02","SH","L","E",0,"2012–2016"
2015,0,"SH_L_3_E_02","SH","L","E",0,"2012–2016"
2016,1,"SH_L_3_E_02","SH","L","E",0.693147180559945,"2012–2016"
2017,0,"SH_L_3_E_02","SH","L","E",0,"2017–2021"
2018,0,"SH_L_3_E_02","SH","L","E",0,"2017–2021"
2019,0,"SH_L_3_E_02","SH","L","E",0,"2017–2021"
2020,0,"SH_L_3_E_02","SH","L","E",0,"2017–2021"
2021,0,"SH_L_3_E_02","SH","L","E",0,"2017–2021"
2006,0,"SH_L_3_E_03","SH","L","E",0,"2006–2011"
2008,0,"SH_L_3_E_03","SH","L","E",0,"2006–2011"
2009,0,"SH_L_3_E_03","SH","L","E",0,"2006–2011"
2011,0,"SH_L_3_E_03","SH","L","E",0,"2006–2011"
2012,0,"SH_L_3_E_03","SH","L","E",0,"2012–2016"
2013,0,"SH_L_3_E_03","SH","L","E",0,"2012–2016"
2014,1,"SH_L_3_E_03","SH","L","E",0.693147180559945,"2012–2016"
2015,0,"SH_L_3_E_03","SH","L","E",0,"2012–2016"
2016,1,"SH_L_3_E_03","SH","L","E",0.693147180559945,"2012–2016"
2017,0,"SH_L_3_E_03","SH","L","E",0,"2017–2021"
2018,0,"SH_L_3_E_03","SH","L","E",0,"2017–2021"
2019,0,"SH_L_3_E_03","SH","L","E",0,"2017–2021"
2020,0,"SH_L_3_E_03","SH","L","E",0,"2017–2021"
2021,0,"SH_L_3_E_03","SH","L","E",0,"2017–2021"
2006,0,"SH_L_3_E_04","SH","L","E",0,"2006–2011"
2008,0,"SH_L_3_E_04","SH","L","E",0,"2006–2011"
2009,0,"SH_L_3_E_04","SH","L","E",0,"2006–2011"
2011,2,"SH_L_3_E_04","SH","L","E",1.09861228866811,"2006–2011"
2012,0,"SH_L_3_E_04","SH","L","E",0,"2012–2016"
2013,0,"SH_L_3_E_04","SH","L","E",0,"2012–2016"
2014,2,"SH_L_3_E_04","SH","L","E",1.09861228866811,"2012–2016"
2015,0,"SH_L_3_E_04","SH","L","E",0,"2012–2016"
2016,0,"SH_L_3_E_04","SH","L","E",0,"2012–2016"
2017,0,"SH_L_3_E_04","SH","L","E",0,"2017–2021"
2018,3,"SH_L_3_E_04","SH","L","E",1.38629436111989,"2017–2021"
2019,0,"SH_L_3_E_04","SH","L","E",0,"2017–2021"
2020,0,"SH_L_3_E_04","SH","L","E",0,"2017–2021"
2021,0,"SH_L_3_E_04","SH","L","E",0,"2017–2021"
2006,0,"SH_L_3_E_05","SH","L","E",0,"2006–2011"
2008,0,"SH_L_3_E_05","SH","L","E",0,"2006–2011"
2009,0,"SH_L_3_E_05","SH","L","E",0,"2006–2011"
2011,0,"SH_L_3_E_05","SH","L","E",0,"2006–2011"
2012,0,"SH_L_3_E_05","SH","L","E",0,"2012–2016"
2013,6,"SH_L_3_E_05","SH","L","E",1.94591014905531,"2012–2016"
2014,0,"SH_L_3_E_05","SH","L","E",0,"2012–2016"
2015,0,"SH_L_3_E_05","SH","L","E",0,"2012–2016"
2016,0,"SH_L_3_E_05","SH","L","E",0,"2012–2016"
2017,0,"SH_L_3_E_05","SH","L","E",0,"2017–2021"
2018,0,"SH_L_3_E_05","SH","L","E",0,"2017–2021"
2019,3,"SH_L_3_E_05","SH","L","E",1.38629436111989,"2017–2021"
2020,0,"SH_L_3_E_05","SH","L","E",0,"2017–2021"
2021,0,"SH_L_3_E_05","SH","L","E",0,"2017–2021"
2006,0,"SH_L_3_E_06","SH","L","E",0,"2006–2011"
2008,0,"SH_L_3_E_06","SH","L","E",0,"2006–2011"
2009,0,"SH_L_3_E_06","SH","L","E",0,"2006–2011"
2011,0,"SH_L_3_E_06","SH","L","E",0,"2006–2011"
2012,0,"SH_L_3_E_06","SH","L","E",0,"2012–2016"
2013,2,"SH_L_3_E_06","SH","L","E",1.09861228866811,"2012–2016"
2014,0,"SH_L_3_E_06","SH","L","E",0,"2012–2016"
2015,0,"SH_L_3_E_06","SH","L","E",0,"2012–2016"
2016,0,"SH_L_3_E_06","SH","L","E",0,"2012–2016"
2017,0,"SH_L_3_E_06","SH","L","E",0,"2017–2021"
2018,0,"SH_L_3_E_06","SH","L","E",0,"2017–2021"
2019,1,"SH_L_3_E_06","SH","L","E",0.693147180559945,"2017–2021"
2021,0,"SH_L_3_E_06","SH","L","E",0,"2017–2021"
2006,0,"SH_L_3_E_07","SH","L","E",0,"2006–2011"
2008,0,"SH_L_3_E_07","SH","L","E",0,"2006–2011"
2009,0,"SH_L_3_E_07","SH","L","E",0,"2006–2011"
2011,0,"SH_L_3_E_07","SH","L","E",0,"2006–2011"
2012,0,"SH_L_3_E_07","SH","L","E",0,"2012–2016"
2013,0,"SH_L_3_E_07","SH","L","E",0,"2012–2016"
2014,0,"SH_L_3_E_07","SH","L","E",0,"2012–2016"
2015,0,"SH_L_3_E_07","SH","L","E",0,"2012–2016"
2016,0,"SH_L_3_E_07","SH","L","E",0,"2012–2016"
2017,6,"SH_L_3_E_07","SH","L","E",1.94591014905531,"2017–2021"
2018,1,"SH_L_3_E_07","SH","L","E",0.693147180559945,"2017–2021"
2019,0,"SH_L_3_E_07","SH","L","E",0,"2017–2021"
2021,0,"SH_L_3_E_07","SH","L","E",0,"2017–2021"
2006,0,"SH_L_3_E_08","SH","L","E",0,"2006–2011"
2008,0,"SH_L_3_E_08","SH","L","E",0,"2006–2011"
2009,0,"SH_L_3_E_08","SH","L","E",0,"2006–2011"
2011,0,"SH_L_3_E_08","SH","L","E",0,"2006–2011"
2012,1,"SH_L_3_E_08","SH","L","E",0.693147180559945,"2012–2016"
2013,0,"SH_L_3_E_08","SH","L","E",0,"2012–2016"
2014,0,"SH_L_3_E_08","SH","L","E",0,"2012–2016"
2015,0,"SH_L_3_E_08","SH","L","E",0,"2012–2016"
2016,0,"SH_L_3_E_08","SH","L","E",0,"2012–2016"
2017,0,"SH_L_3_E_08","SH","L","E",0,"2017–2021"
2018,0,"SH_L_3_E_08","SH","L","E",0,"2017–2021"
2019,2,"SH_L_3_E_08","SH","L","E",1.09861228866811,"2017–2021"
2021,0,"SH_L_3_E_08","SH","L","E",0,"2017–2021"
2006,0,"SH_L_3_E_09","SH","L","E",0,"2006–2011"
2008,0,"SH_L_3_E_09","SH","L","E",0,"2006–2011"
2009,0,"SH_L_3_E_09","SH","L","E",0,"2006–2011"
2011,0,"SH_L_3_E_09","SH","L","E",0,"2006–2011"
2012,0,"SH_L_3_E_09","SH","L","E",0,"2012–2016"
2013,0,"SH_L_3_E_09","SH","L","E",0,"2012–2016"
2014,0,"SH_L_3_E_09","SH","L","E",0,"2012–2016"
2015,0,"SH_L_3_E_09","SH","L","E",0,"2012–2016"
2016,0,"SH_L_3_E_09","SH","L","E",0,"2012–2016"
2017,0,"SH_L_3_E_09","SH","L","E",0,"2017–2021"
2018,0,"SH_L_3_E_09","SH","L","E",0,"2017–2021"
2019,0,"SH_L_3_E_09","SH","L","E",0,"2017–2021"
2021,0,"SH_L_3_E_09","SH","L","E",0,"2017–2021"
2006,0,"SH_L_3_E_10","SH","L","E",0,"2006–2011"
2008,0,"SH_L_3_E_10","SH","L","E",0,"2006–2011"
2009,0,"SH_L_3_E_10","SH","L","E",0,"2006–2011"
2011,0,"SH_L_3_E_10","SH","L","E",0,"2006–2011"
2012,0,"SH_L_3_E_10","SH","L","E",0,"2012–2016"
2013,0,"SH_L_3_E_10","SH","L","E",0,"2012–2016"
2014,0,"SH_L_3_E_10","SH","L","E",0,"2012–2016"
2015,0,"SH_L_3_E_10","SH","L","E",0,"2012–2016"
2016,0,"SH_L_3_E_10","SH","L","E",0,"2012–2016"
2017,0,"SH_L_3_E_10","SH","L","E",0,"2017–2021"
2018,0,"SH_L_3_E_10","SH","L","E",0,"2017–2021"
2019,0,"SH_L_3_E_10","SH","L","E",0,"2017–2021"
2021,0,"SH_L_3_E_10","SH","L","E",0,"2017–2021"
2011,0,"SH_L_4_E_01","SH","L","E",0,"2006–2011"
2017,0,"SH_L_4_E_01","SH","L","E",0,"2017–2021"
2011,1,"SH_L_4_E_02","SH","L","E",0.693147180559945,"2006–2011"
2017,0,"SH_L_4_E_02","SH","L","E",0,"2017–2021"
2011,0,"SH_L_4_E_03","SH","L","E",0,"2006–2011"
2017,0,"SH_L_4_E_03","SH","L","E",0,"2017–2021"
2011,0,"SH_L_4_E_04","SH","L","E",0,"2006–2011"
2011,2,"SH_L_4_E_05","SH","L","E",1.09861228866811,"2006–2011"
2017,0,"SH_L_4_E_05","SH","L","E",0,"2017–2021"
2011,0,"SH_L_4_E_06","SH","L","E",0,"2006–2011"
2017,0,"SH_L_4_E_06","SH","L","E",0,"2017–2021"
2011,0,"SH_L_4_E_07","SH","L","E",0,"2006–2011"
2017,0,"SH_L_4_E_07","SH","L","E",0,"2017–2021"
2011,0,"SH_L_4_E_08","SH","L","E",0,"2006–2011"
2017,0,"SH_L_4_E_08","SH","L","E",0,"2017–2021"
2011,0,"SH_L_4_E_09","SH","L","E",0,"2006–2011"
2017,0,"SH_L_4_E_09","SH","L","E",0,"2017–2021"
2011,0,"SH_L_4_E_10","SH","L","E",0,"2006–2011"
2017,0,"SH_L_4_E_10","SH","L","E",0,"2017–2021"
2006,0,"YB_L_1_E_01","YB","L","E",0,"2006–2011"
2008,0,"YB_L_1_E_01","YB","L","E",0,"2006–2011"
2009,0,"YB_L_1_E_01","YB","L","E",0,"2006–2011"
2010,0,"YB_L_1_E_01","YB","L","E",0,"2006–2011"
2011,0,"YB_L_1_E_01","YB","L","E",0,"2006–2011"
2012,0,"YB_L_1_E_01","YB","L","E",0,"2012–2016"
2013,0,"YB_L_1_E_01","YB","L","E",0,"2012–2016"
2014,0,"YB_L_1_E_01","YB","L","E",0,"2012–2016"
2015,0,"YB_L_1_E_01","YB","L","E",0,"2012–2016"
2016,0,"YB_L_1_E_01","YB","L","E",0,"2012–2016"
2017,0,"YB_L_1_E_01","YB","L","E",0,"2017–2021"
2018,0,"YB_L_1_E_01","YB","L","E",0,"2017–2021"
2019,0,"YB_L_1_E_01","YB","L","E",0,"2017–2021"
2020,0,"YB_L_1_E_01","YB","L","E",0,"2017–2021"
2006,0,"YB_L_1_E_02","YB","L","E",0,"2006–2011"
2008,0,"YB_L_1_E_02","YB","L","E",0,"2006–2011"
2009,0,"YB_L_1_E_02","YB","L","E",0,"2006–2011"
2010,0,"YB_L_1_E_02","YB","L","E",0,"2006–2011"
2011,0,"YB_L_1_E_02","YB","L","E",0,"2006–2011"
2012,0,"YB_L_1_E_02","YB","L","E",0,"2012–2016"
2013,0,"YB_L_1_E_02","YB","L","E",0,"2012–2016"
2014,0,"YB_L_1_E_02","YB","L","E",0,"2012–2016"
2015,0,"YB_L_1_E_02","YB","L","E",0,"2012–2016"
2016,0,"YB_L_1_E_02","YB","L","E",0,"2012–2016"
2017,0,"YB_L_1_E_02","YB","L","E",0,"2017–2021"
2018,0,"YB_L_1_E_02","YB","L","E",0,"2017–2021"
2019,0,"YB_L_1_E_02","YB","L","E",0,"2017–2021"
2020,0,"YB_L_1_E_02","YB","L","E",0,"2017–2021"
2006,0,"YB_L_1_E_03","YB","L","E",0,"2006–2011"
2008,0,"YB_L_1_E_03","YB","L","E",0,"2006–2011"
2009,0,"YB_L_1_E_03","YB","L","E",0,"2006–2011"
2010,0,"YB_L_1_E_03","YB","L","E",0,"2006–2011"
2011,0,"YB_L_1_E_03","YB","L","E",0,"2006–2011"
2012,0,"YB_L_1_E_03","YB","L","E",0,"2012–2016"
2013,0,"YB_L_1_E_03","YB","L","E",0,"2012–2016"
2014,0,"YB_L_1_E_03","YB","L","E",0,"2012–2016"
2015,0,"YB_L_1_E_03","YB","L","E",0,"2012–2016"
2016,0,"YB_L_1_E_03","YB","L","E",0,"2012–2016"
2017,0,"YB_L_1_E_03","YB","L","E",0,"2017–2021"
2018,0,"YB_L_1_E_03","YB","L","E",0,"2017–2021"
2019,0,"YB_L_1_E_03","YB","L","E",0,"2017–2021"
2020,0,"YB_L_1_E_03","YB","L","E",0,"2017–2021"
2006,0,"YB_L_1_E_04","YB","L","E",0,"2006–2011"
2008,0,"YB_L_1_E_04","YB","L","E",0,"2006–2011"
2009,0,"YB_L_1_E_04","YB","L","E",0,"2006–2011"
2010,0,"YB_L_1_E_04","YB","L","E",0,"2006–2011"
2011,0,"YB_L_1_E_04","YB","L","E",0,"2006–2011"
2012,0,"YB_L_1_E_04","YB","L","E",0,"2012–2016"
2014,0,"YB_L_1_E_04","YB","L","E",0,"2012–2016"
2015,0,"YB_L_1_E_04","YB","L","E",0,"2012–2016"
2016,0,"YB_L_1_E_04","YB","L","E",0,"2012–2016"
2017,0,"YB_L_1_E_04","YB","L","E",0,"2017–2021"
2018,0,"YB_L_1_E_04","YB","L","E",0,"2017–2021"
2019,0,"YB_L_1_E_04","YB","L","E",0,"2017–2021"
2020,0,"YB_L_1_E_04","YB","L","E",0,"2017–2021"
2006,0,"YB_L_1_E_05","YB","L","E",0,"2006–2011"
2008,0,"YB_L_1_E_05","YB","L","E",0,"2006–2011"
2009,0,"YB_L_1_E_05","YB","L","E",0,"2006–2011"
2010,0,"YB_L_1_E_05","YB","L","E",0,"2006–2011"
2011,0,"YB_L_1_E_05","YB","L","E",0,"2006–2011"
2012,0,"YB_L_1_E_05","YB","L","E",0,"2012–2016"
2013,0,"YB_L_1_E_05","YB","L","E",0,"2012–2016"
2014,0,"YB_L_1_E_05","YB","L","E",0,"2012–2016"
2015,0,"YB_L_1_E_05","YB","L","E",0,"2012–2016"
2016,0,"YB_L_1_E_05","YB","L","E",0,"2012–2016"
2017,0,"YB_L_1_E_05","YB","L","E",0,"2017–2021"
2018,0,"YB_L_1_E_05","YB","L","E",0,"2017–2021"
2019,0,"YB_L_1_E_05","YB","L","E",0,"2017–2021"
2020,0,"YB_L_1_E_05","YB","L","E",0,"2017–2021"
2006,0,"YB_L_1_E_06","YB","L","E",0,"2006–2011"
2008,0,"YB_L_1_E_06","YB","L","E",0,"2006–2011"
2009,0,"YB_L_1_E_06","YB","L","E",0,"2006–2011"
2010,0,"YB_L_1_E_06","YB","L","E",0,"2006–2011"
2011,0,"YB_L_1_E_06","YB","L","E",0,"2006–2011"
2012,0,"YB_L_1_E_06","YB","L","E",0,"2012–2016"
2013,0,"YB_L_1_E_06","YB","L","E",0,"2012–2016"
2014,1,"YB_L_1_E_06","YB","L","E",0.693147180559945,"2012–2016"
2015,0,"YB_L_1_E_06","YB","L","E",0,"2012–2016"
2016,0,"YB_L_1_E_06","YB","L","E",0,"2012–2016"
2017,0,"YB_L_1_E_06","YB","L","E",0,"2017–2021"
2018,0,"YB_L_1_E_06","YB","L","E",0,"2017–2021"
2019,0,"YB_L_1_E_06","YB","L","E",0,"2017–2021"
2020,0,"YB_L_1_E_06","YB","L","E",0,"2017–2021"
2006,0,"YB_L_1_E_07","YB","L","E",0,"2006–2011"
2008,0,"YB_L_1_E_07","YB","L","E",0,"2006–2011"
2009,0,"YB_L_1_E_07","YB","L","E",0,"2006–2011"
2010,0,"YB_L_1_E_07","YB","L","E",0,"2006–2011"
2011,0,"YB_L_1_E_07","YB","L","E",0,"2006–2011"
2012,0,"YB_L_1_E_07","YB","L","E",0,"2012–2016"
2013,0,"YB_L_1_E_07","YB","L","E",0,"2012–2016"
2014,0,"YB_L_1_E_07","YB","L","E",0,"2012–2016"
2015,0,"YB_L_1_E_07","YB","L","E",0,"2012–2016"
2016,0,"YB_L_1_E_07","YB","L","E",0,"2012–2016"
2017,0,"YB_L_1_E_07","YB","L","E",0,"2017–2021"
2018,0,"YB_L_1_E_07","YB","L","E",0,"2017–2021"
2019,0,"YB_L_1_E_07","YB","L","E",0,"2017–2021"
2020,0,"YB_L_1_E_07","YB","L","E",0,"2017–2021"
2006,0,"YB_L_1_E_08","YB","L","E",0,"2006–2011"
2008,0,"YB_L_1_E_08","YB","L","E",0,"2006–2011"
2009,0,"YB_L_1_E_08","YB","L","E",0,"2006–2011"
2010,0,"YB_L_1_E_08","YB","L","E",0,"2006–2011"
2011,0,"YB_L_1_E_08","YB","L","E",0,"2006–2011"
2012,0,"YB_L_1_E_08","YB","L","E",0,"2012–2016"
2013,0,"YB_L_1_E_08","YB","L","E",0,"2012–2016"
2014,0,"YB_L_1_E_08","YB","L","E",0,"2012–2016"
2015,0,"YB_L_1_E_08","YB","L","E",0,"2012–2016"
2016,0,"YB_L_1_E_08","YB","L","E",0,"2012–2016"
2017,0,"YB_L_1_E_08","YB","L","E",0,"2017–2021"
2018,0,"YB_L_1_E_08","YB","L","E",0,"2017–2021"
2019,0,"YB_L_1_E_08","YB","L","E",0,"2017–2021"
2020,0,"YB_L_1_E_08","YB","L","E",0,"2017–2021"
2006,0,"YB_L_1_E_09","YB","L","E",0,"2006–2011"
2008,0,"YB_L_1_E_09","YB","L","E",0,"2006–2011"
2009,0,"YB_L_1_E_09","YB","L","E",0,"2006–2011"
2010,0,"YB_L_1_E_09","YB","L","E",0,"2006–2011"
2011,0,"YB_L_1_E_09","YB","L","E",0,"2006–2011"
2012,0,"YB_L_1_E_09","YB","L","E",0,"2012–2016"
2013,0,"YB_L_1_E_09","YB","L","E",0,"2012–2016"
2014,0,"YB_L_1_E_09","YB","L","E",0,"2012–2016"
2015,0,"YB_L_1_E_09","YB","L","E",0,"2012–2016"
2016,0,"YB_L_1_E_09","YB","L","E",0,"2012–2016"
2017,0,"YB_L_1_E_09","YB","L","E",0,"2017–2021"
2018,0,"YB_L_1_E_09","YB","L","E",0,"2017–2021"
2019,0,"YB_L_1_E_09","YB","L","E",0,"2017–2021"
2020,0,"YB_L_1_E_09","YB","L","E",0,"2017–2021"
2006,0,"YB_L_1_E_10","YB","L","E",0,"2006–2011"
2008,0,"YB_L_1_E_10","YB","L","E",0,"2006–2011"
2009,0,"YB_L_1_E_10","YB","L","E",0,"2006–2011"
2010,0,"YB_L_1_E_10","YB","L","E",0,"2006–2011"
2011,0,"YB_L_1_E_10","YB","L","E",0,"2006–2011"
2012,0,"YB_L_1_E_10","YB","L","E",0,"2012–2016"
2013,0,"YB_L_1_E_10","YB","L","E",0,"2012–2016"
2014,0,"YB_L_1_E_10","YB","L","E",0,"2012–2016"
2015,0,"YB_L_1_E_10","YB","L","E",0,"2012–2016"
2016,0,"YB_L_1_E_10","YB","L","E",0,"2012–2016"
2017,0,"YB_L_1_E_10","YB","L","E",0,"2017–2021"
2018,1,"YB_L_1_E_10","YB","L","E",0.693147180559945,"2017–2021"
2019,0,"YB_L_1_E_10","YB","L","E",0,"2017–2021"
2020,0,"YB_L_1_E_10","YB","L","E",0,"2017–2021"
2016,0,"YB_L_1_E_11","YB","L","E",0,"2012–2016"
2016,0,"YB_L_1_E_12","YB","L","E",0,"2012–2016"
2016,0,"YB_L_1_E_13","YB","L","E",0,"2012–2016"
2006,0,"YB_L_2_E_01","YB","L","E",0,"2006–2011"
2008,0,"YB_L_2_E_01","YB","L","E",0,"2006–2011"
2009,0,"YB_L_2_E_01","YB","L","E",0,"2006–2011"
2010,0,"YB_L_2_E_01","YB","L","E",0,"2006–2011"
2011,0,"YB_L_2_E_01","YB","L","E",0,"2006–2011"
2012,0,"YB_L_2_E_01","YB","L","E",0,"2012–2016"
2013,0,"YB_L_2_E_01","YB","L","E",0,"2012–2016"
2014,0,"YB_L_2_E_01","YB","L","E",0,"2012–2016"
2015,0,"YB_L_2_E_01","YB","L","E",0,"2012–2016"
2016,0,"YB_L_2_E_01","YB","L","E",0,"2012–2016"
2017,0,"YB_L_2_E_01","YB","L","E",0,"2017–2021"
2018,0,"YB_L_2_E_01","YB","L","E",0,"2017–2021"
2019,0,"YB_L_2_E_01","YB","L","E",0,"2017–2021"
2020,0,"YB_L_2_E_01","YB","L","E",0,"2017–2021"
2006,0,"YB_L_2_E_02","YB","L","E",0,"2006–2011"
2008,0,"YB_L_2_E_02","YB","L","E",0,"2006–2011"
2009,0,"YB_L_2_E_02","YB","L","E",0,"2006–2011"
2010,0,"YB_L_2_E_02","YB","L","E",0,"2006–2011"
2011,0,"YB_L_2_E_02","YB","L","E",0,"2006–2011"
2012,0,"YB_L_2_E_02","YB","L","E",0,"2012–2016"
2013,0,"YB_L_2_E_02","YB","L","E",0,"2012–2016"
2014,0,"YB_L_2_E_02","YB","L","E",0,"2012–2016"
2015,0,"YB_L_2_E_02","YB","L","E",0,"2012–2016"
2016,0,"YB_L_2_E_02","YB","L","E",0,"2012–2016"
2017,1,"YB_L_2_E_02","YB","L","E",0.693147180559945,"2017–2021"
2018,0,"YB_L_2_E_02","YB","L","E",0,"2017–2021"
2019,0,"YB_L_2_E_02","YB","L","E",0,"2017–2021"
2020,0,"YB_L_2_E_02","YB","L","E",0,"2017–2021"
2006,0,"YB_L_2_E_03","YB","L","E",0,"2006–2011"
2008,0,"YB_L_2_E_03","YB","L","E",0,"2006–2011"
2009,0,"YB_L_2_E_03","YB","L","E",0,"2006–2011"
2010,0,"YB_L_2_E_03","YB","L","E",0,"2006–2011"
2011,0,"YB_L_2_E_03","YB","L","E",0,"2006–2011"
2012,0,"YB_L_2_E_03","YB","L","E",0,"2012–2016"
2013,0,"YB_L_2_E_03","YB","L","E",0,"2012–2016"
2014,0,"YB_L_2_E_03","YB","L","E",0,"2012–2016"
2015,0,"YB_L_2_E_03","YB","L","E",0,"2012–2016"
2016,0,"YB_L_2_E_03","YB","L","E",0,"2012–2016"
2017,0,"YB_L_2_E_03","YB","L","E",0,"2017–2021"
2018,1,"YB_L_2_E_03","YB","L","E",0.693147180559945,"2017–2021"
2019,0,"YB_L_2_E_03","YB","L","E",0,"2017–2021"
2020,0,"YB_L_2_E_03","YB","L","E",0,"2017–2021"
2006,0,"YB_L_2_E_04","YB","L","E",0,"2006–2011"
2008,0,"YB_L_2_E_04","YB","L","E",0,"2006–2011"
2009,0,"YB_L_2_E_04","YB","L","E",0,"2006–2011"
2010,0,"YB_L_2_E_04","YB","L","E",0,"2006–2011"
2011,0,"YB_L_2_E_04","YB","L","E",0,"2006–2011"
2012,0,"YB_L_2_E_04","YB","L","E",0,"2012–2016"
2013,0,"YB_L_2_E_04","YB","L","E",0,"2012–2016"
2014,0,"YB_L_2_E_04","YB","L","E",0,"2012–2016"
2015,0,"YB_L_2_E_04","YB","L","E",0,"2012–2016"
2016,0,"YB_L_2_E_04","YB","L","E",0,"2012–2016"
2017,0,"YB_L_2_E_04","YB","L","E",0,"2017–2021"
2018,0,"YB_L_2_E_04","YB","L","E",0,"2017–2021"
2019,0,"YB_L_2_E_04","YB","L","E",0,"2017–2021"
2020,0,"YB_L_2_E_04","YB","L","E",0,"2017–2021"
2006,1,"YB_L_2_E_05","YB","L","E",0.693147180559945,"2006–2011"
2008,0,"YB_L_2_E_05","YB","L","E",0,"2006–2011"
2009,0,"YB_L_2_E_05","YB","L","E",0,"2006–2011"
2010,0,"YB_L_2_E_05","YB","L","E",0,"2006–2011"
2011,0,"YB_L_2_E_05","YB","L","E",0,"2006–2011"
2012,0,"YB_L_2_E_05","YB","L","E",0,"2012–2016"
2013,0,"YB_L_2_E_05","YB","L","E",0,"2012–2016"
2014,0,"YB_L_2_E_05","YB","L","E",0,"2012–2016"
2015,0,"YB_L_2_E_05","YB","L","E",0,"2012–2016"
2016,0,"YB_L_2_E_05","YB","L","E",0,"2012–2016"
2017,0,"YB_L_2_E_05","YB","L","E",0,"2017–2021"
2018,0,"YB_L_2_E_05","YB","L","E",0,"2017–2021"
2019,0,"YB_L_2_E_05","YB","L","E",0,"2017–2021"
2020,0,"YB_L_2_E_05","YB","L","E",0,"2017–2021"
2006,0,"YB_L_2_E_06","YB","L","E",0,"2006–2011"
2008,0,"YB_L_2_E_06","YB","L","E",0,"2006–2011"
2009,0,"YB_L_2_E_06","YB","L","E",0,"2006–2011"
2010,0,"YB_L_2_E_06","YB","L","E",0,"2006–2011"
2011,0,"YB_L_2_E_06","YB","L","E",0,"2006–2011"
2012,0,"YB_L_2_E_06","YB","L","E",0,"2012–2016"
2013,0,"YB_L_2_E_06","YB","L","E",0,"2012–2016"
2014,0,"YB_L_2_E_06","YB","L","E",0,"2012–2016"
2015,0,"YB_L_2_E_06","YB","L","E",0,"2012–2016"
2016,0,"YB_L_2_E_06","YB","L","E",0,"2012–2016"
2017,1,"YB_L_2_E_06","YB","L","E",0.693147180559945,"2017–2021"
2018,0,"YB_L_2_E_06","YB","L","E",0,"2017–2021"
2019,0,"YB_L_2_E_06","YB","L","E",0,"2017–2021"
2020,0,"YB_L_2_E_06","YB","L","E",0,"2017–2021"
2006,0,"YB_L_2_E_07","YB","L","E",0,"2006–2011"
2008,0,"YB_L_2_E_07","YB","L","E",0,"2006–2011"
2009,0,"YB_L_2_E_07","YB","L","E",0,"2006–2011"
2010,0,"YB_L_2_E_07","YB","L","E",0,"2006–2011"
2011,0,"YB_L_2_E_07","YB","L","E",0,"2006–2011"
2012,0,"YB_L_2_E_07","YB","L","E",0,"2012–2016"
2013,0,"YB_L_2_E_07","YB","L","E",0,"2012–2016"
2014,0,"YB_L_2_E_07","YB","L","E",0,"2012–2016"
2015,0,"YB_L_2_E_07","YB","L","E",0,"2012–2016"
2016,0,"YB_L_2_E_07","YB","L","E",0,"2012–2016"
2017,0,"YB_L_2_E_07","YB","L","E",0,"2017–2021"
2018,0,"YB_L_2_E_07","YB","L","E",0,"2017–2021"
2019,0,"YB_L_2_E_07","YB","L","E",0,"2017–2021"
2020,0,"YB_L_2_E_07","YB","L","E",0,"2017–2021"
2006,0,"YB_L_2_E_08","YB","L","E",0,"2006–2011"
2008,0,"YB_L_2_E_08","YB","L","E",0,"2006–2011"
2009,0,"YB_L_2_E_08","YB","L","E",0,"2006–2011"
2010,0,"YB_L_2_E_08","YB","L","E",0,"2006–2011"
2011,0,"YB_L_2_E_08","YB","L","E",0,"2006–2011"
2012,0,"YB_L_2_E_08","YB","L","E",0,"2012–2016"
2013,0,"YB_L_2_E_08","YB","L","E",0,"2012–2016"
2014,0,"YB_L_2_E_08","YB","L","E",0,"2012–2016"
2015,0,"YB_L_2_E_08","YB","L","E",0,"2012–2016"
2017,0,"YB_L_2_E_08","YB","L","E",0,"2017–2021"
2018,0,"YB_L_2_E_08","YB","L","E",0,"2017–2021"
2019,0,"YB_L_2_E_08","YB","L","E",0,"2017–2021"
2020,0,"YB_L_2_E_08","YB","L","E",0,"2017–2021"
2006,0,"YB_L_2_E_09","YB","L","E",0,"2006–2011"
2008,0,"YB_L_2_E_09","YB","L","E",0,"2006–2011"
2009,0,"YB_L_2_E_09","YB","L","E",0,"2006–2011"
2010,0,"YB_L_2_E_09","YB","L","E",0,"2006–2011"
2011,0,"YB_L_2_E_09","YB","L","E",0,"2006–2011"
2012,0,"YB_L_2_E_09","YB","L","E",0,"2012–2016"
2013,0,"YB_L_2_E_09","YB","L","E",0,"2012–2016"
2014,0,"YB_L_2_E_09","YB","L","E",0,"2012–2016"
2015,0,"YB_L_2_E_09","YB","L","E",0,"2012–2016"
2017,0,"YB_L_2_E_09","YB","L","E",0,"2017–2021"
2018,0,"YB_L_2_E_09","YB","L","E",0,"2017–2021"
2019,0,"YB_L_2_E_09","YB","L","E",0,"2017–2021"
2020,0,"YB_L_2_E_09","YB","L","E",0,"2017–2021"
2006,0,"YB_L_2_E_10","YB","L","E",0,"2006–2011"
2008,0,"YB_L_2_E_10","YB","L","E",0,"2006–2011"
2009,0,"YB_L_2_E_10","YB","L","E",0,"2006–2011"
2010,0,"YB_L_2_E_10","YB","L","E",0,"2006–2011"
2011,0,"YB_L_2_E_10","YB","L","E",0,"2006–2011"
2012,0,"YB_L_2_E_10","YB","L","E",0,"2012–2016"
2013,0,"YB_L_2_E_10","YB","L","E",0,"2012–2016"
2014,0,"YB_L_2_E_10","YB","L","E",0,"2012–2016"
2015,0,"YB_L_2_E_10","YB","L","E",0,"2012–2016"
2017,0,"YB_L_2_E_10","YB","L","E",0,"2017–2021"
2018,0,"YB_L_2_E_10","YB","L","E",0,"2017–2021"
2019,0,"YB_L_2_E_10","YB","L","E",0,"2017–2021"
2020,0,"YB_L_2_E_10","YB","L","E",0,"2017–2021"
2008,0,"YB_L_2_E_11","YB","L","E",0,"2006–2011"
2006,0,"YB_L_3_E_01","YB","L","E",0,"2006–2011"
2011,0,"YB_L_3_E_01","YB","L","E",0,"2006–2011"
2012,0,"YB_L_3_E_01","YB","L","E",0,"2012–2016"
2013,0,"YB_L_3_E_01","YB","L","E",0,"2012–2016"
2014,0,"YB_L_3_E_01","YB","L","E",0,"2012–2016"
2015,0,"YB_L_3_E_01","YB","L","E",0,"2012–2016"
2016,1,"YB_L_3_E_01","YB","L","E",0.693147180559945,"2012–2016"
2017,0,"YB_L_3_E_01","YB","L","E",0,"2017–2021"
2018,0,"YB_L_3_E_01","YB","L","E",0,"2017–2021"
2019,4,"YB_L_3_E_01","YB","L","E",1.6094379124341,"2017–2021"
2020,1,"YB_L_3_E_01","YB","L","E",0.693147180559945,"2017–2021"
2006,0,"YB_L_3_E_02","YB","L","E",0,"2006–2011"
2011,0,"YB_L_3_E_02","YB","L","E",0,"2006–2011"
2012,0,"YB_L_3_E_02","YB","L","E",0,"2012–2016"
2013,0,"YB_L_3_E_02","YB","L","E",0,"2012–2016"
2014,0,"YB_L_3_E_02","YB","L","E",0,"2012–2016"
2015,0,"YB_L_3_E_02","YB","L","E",0,"2012–2016"
2016,0,"YB_L_3_E_02","YB","L","E",0,"2012–2016"
2017,0,"YB_L_3_E_02","YB","L","E",0,"2017–2021"
2018,0,"YB_L_3_E_02","YB","L","E",0,"2017–2021"
2019,0,"YB_L_3_E_02","YB","L","E",0,"2017–2021"
2020,1,"YB_L_3_E_02","YB","L","E",0.693147180559945,"2017–2021"
2006,0,"YB_L_3_E_03","YB","L","E",0,"2006–2011"
2011,0,"YB_L_3_E_03","YB","L","E",0,"2006–2011"
2012,0,"YB_L_3_E_03","YB","L","E",0,"2012–2016"
2014,0,"YB_L_3_E_03","YB","L","E",0,"2012–2016"
2015,1,"YB_L_3_E_03","YB","L","E",0.693147180559945,"2012–2016"
2016,0,"YB_L_3_E_03","YB","L","E",0,"2012–2016"
2017,0,"YB_L_3_E_03","YB","L","E",0,"2017–2021"
2018,0,"YB_L_3_E_03","YB","L","E",0,"2017–2021"
2019,0,"YB_L_3_E_03","YB","L","E",0,"2017–2021"
2020,0,"YB_L_3_E_03","YB","L","E",0,"2017–2021"
2006,0,"YB_L_3_E_04","YB","L","E",0,"2006–2011"
2011,0,"YB_L_3_E_04","YB","L","E",0,"2006–2011"
2012,0,"YB_L_3_E_04","YB","L","E",0,"2012–2016"
2013,0,"YB_L_3_E_04","YB","L","E",0,"2012–2016"
2014,0,"YB_L_3_E_04","YB","L","E",0,"2012–2016"
2015,0,"YB_L_3_E_04","YB","L","E",0,"2012–2016"
2016,0,"YB_L_3_E_04","YB","L","E",0,"2012–2016"
2017,0,"YB_L_3_E_04","YB","L","E",0,"2017–2021"
2018,0,"YB_L_3_E_04","YB","L","E",0,"2017–2021"
2019,0,"YB_L_3_E_04","YB","L","E",0,"2017–2021"
2020,0,"YB_L_3_E_04","YB","L","E",0,"2017–2021"
2006,0,"YB_L_3_E_05","YB","L","E",0,"2006–2011"
2011,0,"YB_L_3_E_05","YB","L","E",0,"2006–2011"
2012,0,"YB_L_3_E_05","YB","L","E",0,"2012–2016"
2013,0,"YB_L_3_E_05","YB","L","E",0,"2012–2016"
2014,0,"YB_L_3_E_05","YB","L","E",0,"2012–2016"
2015,0,"YB_L_3_E_05","YB","L","E",0,"2012–2016"
2016,0,"YB_L_3_E_05","YB","L","E",0,"2012–2016"
2017,0,"YB_L_3_E_05","YB","L","E",0,"2017–2021"
2018,0,"YB_L_3_E_05","YB","L","E",0,"2017–2021"
2019,1,"YB_L_3_E_05","YB","L","E",0.693147180559945,"2017–2021"
2020,0,"YB_L_3_E_05","YB","L","E",0,"2017–2021"
2011,0,"YB_L_3_E_06","YB","L","E",0,"2006–2011"
2012,0,"YB_L_3_E_06","YB","L","E",0,"2012–2016"
2013,0,"YB_L_3_E_06","YB","L","E",0,"2012–2016"
2014,0,"YB_L_3_E_06","YB","L","E",0,"2012–2016"
2015,0,"YB_L_3_E_06","YB","L","E",0,"2012–2016"
2016,0,"YB_L_3_E_06","YB","L","E",0,"2012–2016"
2017,0,"YB_L_3_E_06","YB","L","E",0,"2017–2021"
2018,0,"YB_L_3_E_06","YB","L","E",0,"2017–2021"
2019,0,"YB_L_3_E_06","YB","L","E",0,"2017–2021"
2020,0,"YB_L_3_E_06","YB","L","E",0,"2017–2021"
2011,0,"YB_L_3_E_07","YB","L","E",0,"2006–2011"
2012,0,"YB_L_3_E_07","YB","L","E",0,"2012–2016"
2013,0,"YB_L_3_E_07","YB","L","E",0,"2012–2016"
2014,0,"YB_L_3_E_07","YB","L","E",0,"2012–2016"
2015,0,"YB_L_3_E_07","YB","L","E",0,"2012–2016"
2016,1,"YB_L_3_E_07","YB","L","E",0.693147180559945,"2012–2016"
2017,0,"YB_L_3_E_07","YB","L","E",0,"2017–2021"
2018,0,"YB_L_3_E_07","YB","L","E",0,"2017–2021"
2019,0,"YB_L_3_E_07","YB","L","E",0,"2017–2021"
2020,0,"YB_L_3_E_07","YB","L","E",0,"2017–2021"
2011,0,"YB_L_3_E_08","YB","L","E",0,"2006–2011"
2012,0,"YB_L_3_E_08","YB","L","E",0,"2012–2016"
2013,0,"YB_L_3_E_08","YB","L","E",0,"2012–2016"
2014,0,"YB_L_3_E_08","YB","L","E",0,"2012–2016"
2015,1,"YB_L_3_E_08","YB","L","E",0.693147180559945,"2012–2016"
2016,0,"YB_L_3_E_08","YB","L","E",0,"2012–2016"
2017,0,"YB_L_3_E_08","YB","L","E",0,"2017–2021"
2018,0,"YB_L_3_E_08","YB","L","E",0,"2017–2021"
2019,0,"YB_L_3_E_08","YB","L","E",0,"2017–2021"
2020,3,"YB_L_3_E_08","YB","L","E",1.38629436111989,"2017–2021"
2011,0,"YB_L_3_E_09","YB","L","E",0,"2006–2011"
2012,0,"YB_L_3_E_09","YB","L","E",0,"2012–2016"
2013,0,"YB_L_3_E_09","YB","L","E",0,"2012–2016"
2014,0,"YB_L_3_E_09","YB","L","E",0,"2012–2016"
2015,0,"YB_L_3_E_09","YB","L","E",0,"2012–2016"
2016,0,"YB_L_3_E_09","YB","L","E",0,"2012–2016"
2017,0,"YB_L_3_E_09","YB","L","E",0,"2017–2021"
2018,1,"YB_L_3_E_09","YB","L","E",0.693147180559945,"2017–2021"
2019,0,"YB_L_3_E_09","YB","L","E",0,"2017–2021"
2020,0,"YB_L_3_E_09","YB","L","E",0,"2017–2021"
2011,0,"YB_L_3_E_10","YB","L","E",0,"2006–2011"
2012,0,"YB_L_3_E_10","YB","L","E",0,"2012–2016"
2013,0,"YB_L_3_E_10","YB","L","E",0,"2012–2016"
2014,0,"YB_L_3_E_10","YB","L","E",0,"2012–2016"
2015,0,"YB_L_3_E_10","YB","L","E",0,"2012–2016"
2016,0,"YB_L_3_E_10","YB","L","E",0,"2012–2016"
2017,0,"YB_L_3_E_10","YB","L","E",0,"2017–2021"
2018,0,"YB_L_3_E_10","YB","L","E",0,"2017–2021"
2019,0,"YB_L_3_E_10","YB","L","E",0,"2017–2021"
2020,0,"YB_L_3_E_10","YB","L","E",0,"2017–2021"
2013,0,"YB_L_3_E_11","YB","L","E",0,"2012–2016"
2013,0,"YB_L_3_E_12","YB","L","E",0,"2012–2016"
2022,0,"RP_L_1__01","RP","L","0",0,"2022–2026"
2022,3,"RP_L_1__02","RP","L","0",1.38629436111989,"2022–2026"
2022,0,"RP_L_1__03","RP","L","0",0,"2022–2026"
2022,0,"RP_L_1__04","RP","L","0",0,"2022–2026"
2022,0,"RP_L_1__05","RP","L","0",0,"2022–2026"
2022,0,"RP_L_1__06","RP","L","0",0,"2022–2026"
2022,0,"RP_L_1__07","RP","L","0",0,"2022–2026"
2022,3,"RP_L_1__08","RP","L","0",1.38629436111989,"2022–2026"
2022,0,"RP_L_1__09","RP","L","0",0,"2022–2026"
2022,0,"RP_L_1__10","RP","L","0",0,"2022–2026"
2022,0,"RP_L_2__01","RP","L","0",0,"2022–2026"
2022,21,"RP_L_2__02","RP","L","0",3.09104245335832,"2022–2026"
2022,0,"RP_L_2__03","RP","L","0",0,"2022–2026"
2022,0,"RP_L_2__05","RP","L","0",0,"2022–2026"
2022,0,"RP_L_2__06","RP","L","0",0,"2022–2026"
2022,0,"RP_L_2__07","RP","L","0",0,"2022–2026"
2022,0,"RP_L_2__08","RP","L","0",0,"2022–2026"
2022,0,"RP_L_2__09","RP","L","0",0,"2022–2026"
2022,0,"RP_L_2__10","RP","L","0",0,"2022–2026"
2022,0,"RP_L_3__01","RP","L","0",0,"2022–2026"
2022,0,"RP_L_3__02","RP","L","0",0,"2022–2026"
2022,0,"RP_L_3__03","RP","L","0",0,"2022–2026"
2022,0,"RP_L_3__04","RP","L","0",0,"2022–2026"
2022,0,"RP_L_3__05","RP","L","0",0,"2022–2026"
2022,0,"RP_L_3__06","RP","L","0",0,"2022–2026"
2022,1,"RP_L_3__07","RP","L","0",0.693147180559945,"2022–2026"
2022,0,"RP_L_3__08","RP","L","0",0,"2022–2026"
2022,0,"RP_L_3__09","RP","L","0",0,"2022–2026"
2022,0,"RP_L_3__10","RP","L","0",0,"2022–2026"
2022,0,"CBN_L_1__01","CB","L","0",0,"2022–2026"
2022,4,"CBN_L_1__02","CB","L","0",1.6094379124341,"2022–2026"
2022,0,"CBN_L_1__03","CB","L","0",0,"2022–2026"
2022,0,"CBN_L_1__04","CB","L","0",0,"2022–2026"
2022,0,"CBN_L_1__05","CB","L","0",0,"2022–2026"
2022,12,"CBN_L_1__06","CB","L","0",2.56494935746154,"2022–2026"
2022,30,"CBN_L_1__07","CB","L","0",3.43398720448515,"2022–2026"
2022,0,"CBN_L_1__08","CB","L","0",0,"2022–2026"
2022,0,"CBN_L_1__09","CB","L","0",0,"2022–2026"
2022,0,"CBN_L_1__10","CB","L","0",0,"2022–2026"
2022,5,"CBN_L_2__01","CB","L","0",1.79175946922805,"2022–2026"
2022,1,"CBN_L_2__02","CB","L","0",0.693147180559945,"2022–2026"
2022,10,"CBN_L_2__03","CB","L","0",2.39789527279837,"2022–2026"
2022,0,"CBN_L_2__04","CB","L","0",0,"2022–2026"
2022,0,"CBN_L_2__05","CB","L","0",0,"2022–2026"
2022,1,"CBN_L_2__06","CB","L","0",0.693147180559945,"2022–2026"
2022,9,"CBN_L_2__07","CB","L","0",2.30258509299405,"2022–2026"
2022,0,"CBN_L_2__08","CB","L","0",0,"2022–2026"
2022,0,"CBN_L_2__09","CB","L","0",0,"2022–2026"
2022,0,"CBN_L_3__01","CB","L","0",0,"2022–2026"
2022,0,"CBN_L_3__02","CB","L","0",0,"2022–2026"
2022,4,"CBN_L_3__03","CB","L","0",1.6094379124341,"2022–2026"
2022,1,"CBN_L_3__04","CB","L","0",0.693147180559945,"2022–2026"
2022,2,"CBN_L_3__05","CB","L","0",1.09861228866811,"2022–2026"
2022,1,"CBN_L_3__06","CB","L","0",0.693147180559945,"2022–2026"
2022,0,"CBN_L_3__07","CB","L","0",0,"2022–2026"
2022,9,"CBN_L_3__08","CB","L","0",2.30258509299405,"2022–2026"
2022,10,"CBN_L_3__09","CB","L","0",2.39789527279837,"2022–2026"
2022,0,"CBN_L_3__10","CB","L","0",0,"2022–2026"
2022,4,"CBN_L_3__11","CB","L","0",1.6094379124341,"2022–2026"
2022,1,"BB_L_1__01","BB","L","0",0.693147180559945,"2022–2026"
2022,0,"BB_L_1__02","BB","L","0",0,"2022–2026"
2022,4,"BB_L_1__03","BB","L","0",1.6094379124341,"2022–2026"
2022,2,"BB_L_1__04","BB","L","0",1.09861228866811,"2022–2026"
2022,2,"BB_L_1__05","BB","L","0",1.09861228866811,"2022–2026"
2022,5,"BB_L_1__06","BB","L","0",1.79175946922805,"2022–2026"
2022,0,"FC_L_1_E_01","FC","L","E",0,"2022–2026"
2022,17,"FC_L_3__01","FC","L","0",2.89037175789616,"2022–2026"
2022,4,"FC_L_2__01","FC","L","0",1.6094379124341,"2022–2026"
2022,10,"FC_L_1_E_02","FC","L","E",2.39789527279837,"2022–2026"
2022,0,"FC_L_3__02","FC","L","0",0,"2022–2026"
2022,1,"FC_L_2__02","FC","L","0",0.693147180559945,"2022–2026"
2022,5,"FC_L_1_E_03","FC","L","E",1.79175946922805,"2022–2026"
2022,0,"FC_L_3__03","FC","L","0",0,"2022–2026"
2022,18,"FC_L_2__03","FC","L","0",2.94443897916644,"2022–2026"
2022,0,"FC_L_1_E_04","FC","L","E",0,"2022–2026"
2022,0,"FC_L_3__04","FC","L","0",0,"2022–2026"
2022,38,"FC_L_2__04","FC","L","0",3.66356164612965,"2022–2026"
2022,4,"FC_L_1_E_05","FC","L","E",1.6094379124341,"2022–2026"
2022,50,"FC_L_2__05","FC","L","0",3.93182563272433,"2022–2026"
2022,2,"FC_L_3__05","FC","L","0",1.09861228866811,"2022–2026"
2022,6,"FC_L_1_E_06","FC","L","E",1.94591014905531,"2022–2026"
2022,16,"FC_L_2__06","FC","L","0",2.83321334405622,"2022–2026"
2022,9,"FC_L_3__06","FC","L","0",2.30258509299405,"2022–2026"
2022,3,"BB_L_1__07","BB","L","0",1.38629436111989,"2022–2026"
2022,7,"BB_L_1__08","BB","L","0",2.07944154167984,"2022–2026"
2022,0,"BB_L_1__09","BB","L","0",0,"2022–2026"
2022,0,"BB_L_1__10","BB","L","0",0,"2022–2026"
2022,1,"BB_L_2__11","BB","L","0",0.693147180559945,"2022–2026"
2022,0,"BB_L_2__12","BB","L","0",0,"2022–2026"
2022,3,"BB_L_2__13","BB","L","0",1.38629436111989,"2022–2026"
2022,5,"FC_L_1_E_07","FC","L","E",1.79175946922805,"2022–2026"
2022,40,"FC_L_2__07","FC","L","0",3.71357206670431,"2022–2026"
2022,0,"FC_L_3__07","FC","L","0",0,"2022–2026"
2022,6,"FC_L_1_E_08","FC","L","E",1.94591014905531,"2022–2026"
2022,16,"FC_L_2__08","FC","L","0",2.83321334405622,"2022–2026"
2022,28,"FC_L_3__08","FC","L","0",3.36729582998647,"2022–2026"
2022,4,"FC_L_1_E_09","FC","L","E",1.6094379124341,"2022–2026"
2022,38,"FC_L_2__09","FC","L","0",3.66356164612965,"2022–2026"
2022,15,"FC_L_3__09","FC","L","0",2.77258872223978,"2022–2026"
2022,11,"FC_L_1_E_10","FC","L","E",2.484906649788,"2022–2026"
2022,46,"FC_L_2__10","FC","L","0",3.85014760171006,"2022–2026"
2022,4,"FC_L_3__10","FC","L","0",1.6094379124341,"2022–2026"
2022,0,"SH_L_2__11","SH","L","0",0,"2022–2026"
2022,0,"SH_L_2__12","SH","L","0",0,"2022–2026"
2022,0,"SH_L_2__13","SH","L","0",0,"2022–2026"
2022,0,"SH_L_2__14","SH","L","0",0,"2022–2026"
2022,0,"SH_L_2__15","SH","L","0",0,"2022–2026"
2022,0,"SH_L_2__16","SH","L","0",0,"2022–2026"
2022,0,"SH_L_2__17","SH","L","0",0,"2022–2026"
2022,0,"SH_L_2__18","SH","L","0",0,"2022–2026"
2022,0,"SH_L_2__19","SH","L","0",0,"2022–2026"
2022,0,"SH_L_2__20","SH","L","0",0,"2022–2026"
2022,0,"SH_L_3__25","SH","L","0",0,"2022–2026"
2022,0,"SH_L_3__27","SH","L","0",0,"2022–2026"
2022,0,"SH_L_3__29","SH","L","0",0,"2022–2026"
2022,1,"SH_L_1__01","SH","L","0",0.693147180559945,"2022–2026"
2022,0,"SH_L_1__02","SH","L","0",0,"2022–2026"
2022,4,"SH_L_1__03","SH","L","0",1.6094379124341,"2022–2026"
2022,0,"SH_L_1__04","SH","L","0",0,"2022–2026"
2022,0,"SH_L_3__21","SH","L","0",0,"2022–2026"
2022,0,"SH_L_3__22","SH","L","0",0,"2022–2026"
2022,0,"SH_L_3__23","SH","L","0",0,"2022–2026"
2022,0,"SH_L_3__24","SH","L","0",0,"2022–2026"
2022,0,"SH_L_3__26","SH","L","0",0,"2022–2026"
2022,0,"SH_L_3__28","SH","L","0",0,"2022–2026"
2022,0,"SH_L_3__30","SH","L","0",0,"2022–2026"
2022,0,"SH_L_1__05","SH","L","0",0,"2022–2026"
2022,0,"SH_L_1__06","SH","L","0",0,"2022–2026"
2022,0,"SH_L_1__07","SH","L","0",0,"2022–2026"
2022,2,"SH_L_1__08","SH","L","0",1.09861228866811,"2022–2026"
2022,0,"SH_L_1__09","SH","L","0",0,"2022–2026"
2022,0,"SH_L_1__10","SH","L","0",0,"2022–2026"
2022,0,"SH_L_1__11","SH","L","0",0,"2022–2026"
2022,0,"SH_L_1__12","SH","L","0",0,"2022–2026"
2022,0,"SH_L_1__13","SH","L","0",0,"2022–2026"
2022,0,"SH_L_1__14","SH","L","0",0,"2022–2026"
2022,0,"YB_L_1__01","YB","L","0",0,"2022–2026"
2022,0,"YB_L_1__02","YB","L","0",0,"2022–2026"
2022,0,"YB_L_1__03","YB","L","0",0,"2022–2026"
2022,0,"YB_L_1__04","YB","L","0",0,"2022–2026"
2022,0,"YB_L_1__05","YB","L","0",0,"2022–2026"
2022,0,"YB_L_1__06","YB","L","0",0,"2022–2026"
2022,0,"YB_L_1__07","YB","L","0",0,"2022–2026"
2022,0,"YB_L_1__08","YB","L","0",0,"2022–2026"
2022,0,"YB_L_1__09","YB","L","0",0,"2022–2026"
2022,0,"YB_L_1__10","YB","L","0",0,"2022–2026"
2022,0,"YB_L_2__01","YB","L","0",0,"2022–2026"
2022,0,"YB_L_2__02","YB","L","0",0,"2022–2026"
2022,0,"YB_L_2__03","YB","L","0",0,"2022–2026"
2022,0,"YB_L_2__04","YB","L","0",0,"2022–2026"
2022,0,"YB_L_2__05","YB","L","0",0,"2022–2026"
2022,0,"YB_L_2__06","YB","L","0",0,"2022–2026"
2022,0,"YB_L_2__07","YB","L","0",0,"2022–2026"
2022,0,"YB_L_2__08","YB","L","0",0,"2022–2026"
2022,0,"YB_L_2__09","YB","L","0",0,"2022–2026"
2022,0,"YB_L_2__10","YB","L","0",0,"2022–2026"
2022,0,"YB_L_3__01","YB","L","0",0,"2022–2026"
2022,0,"YB_L_3__02","YB","L","0",0,"2022–2026"
2022,0,"YB_L_3__03","YB","L","0",0,"2022–2026"
2022,0,"YB_L_3__04","YB","L","0",0,"2022–2026"
2022,0,"YB_L_3__05","YB","L","0",0,"2022–2026"
2022,0,"YB_L_3__06","YB","L","0",0,"2022–2026"
2022,0,"YB_L_3__07","YB","L","0",0,"2022–2026"
2022,0,"YB_L_3__08","YB","L","0",0,"2022–2026"
2022,0,"YB_L_3__09","YB","L","0",0,"2022–2026"
2022,0,"YB_L_3__10","YB","L","0",0,"2022–2026"
2022,0,"BB_L_2__14","BB","L","0",0,"2022–2026"
2022,0,"BB_L_2__15","BB","L","0",0,"2022–2026"
2022,0,"BB_L_2__16","BB","L","0",0,"2022–2026"
2022,0,"BB_L_2__17","BB","L","0",0,"2022–2026"
2022,0,"BB_L_2__18","BB","L","0",0,"2022–2026"
2022,0,"BB_L_2__19","BB","L","0",0,"2022–2026"
2022,0,"BB_L_2__20","BB","L","0",0,"2022–2026"
2022,1,"BB_L_3__21","BB","L","0",0.693147180559945,"2022–2026"
2022,1,"BB_L_3__22","BB","L","0",0.693147180559945,"2022–2026"
2022,0,"BB_L_3__23","BB","L","0",0,"2022–2026"
2022,0,"BB_L_3__24","BB","L","0",0,"2022–2026"
2022,0,"BB_L_3__25","BB","L","0",0,"2022–2026"
2022,0,"BB_L_3__26","BB","L","0",0,"2022–2026"
2022,1,"BB_L_3__27","BB","L","0",0.693147180559945,"2022–2026"
2022,3,"BB_L_3__28","BB","L","0",1.38629436111989,"2022–2026"
2022,4,"BB_L_3__29","BB","L","0",1.6094379124341,"2022–2026"
2022,0,"BB_L_3__30","BB","L","0",0,"2022–2026"
2023,19,"FC_L_1_E_01","FC","L","E",2.99573227355399,"2022–2026"
2023,9,"FC_L_1_E_02","FC","L","E",2.30258509299405,"2022–2026"
2023,0,"FC_L_1_E_03","FC","L","E",0,"2022–2026"
2023,17,"FC_L_1_E_04","FC","L","E",2.89037175789616,"2022–2026"
2023,5,"FC_L_1_E_05","FC","L","E",1.79175946922805,"2022–2026"
2023,3,"FC_L_1_E_06","FC","L","E",1.38629436111989,"2022–2026"
2023,4,"FC_L_1_E_07","FC","L","E",1.6094379124341,"2022–2026"
2023,14,"FC_L_1_E_08","FC","L","E",2.70805020110221,"2022–2026"
2023,0,"FC_L_1_E_09","FC","L","E",0,"2022–2026"
2023,24,"FC_L_1_E_10","FC","L","E",3.2188758248682,"2022–2026"
2023,13,"FC_L_2_E_01","FC","L","E",2.63905732961526,"2022–2026"
2023,0,"FC_L_2_E_02","FC","L","E",0,"2022–2026"
2023,0,"FC_L_2_E_03","FC","L","E",0,"2022–2026"
2023,34,"FC_L_2_E_04","FC","L","E",3.55534806148941,"2022–2026"
2023,10,"FC_L_2_E_05","FC","L","E",2.39789527279837,"2022–2026"
2023,25,"FC_L_2_E_07","FC","L","E",3.25809653802148,"2022–2026"
2023,20,"FC_L_2_E_08","FC","L","E",3.04452243772342,"2022–2026"
2023,23,"FC_L_2_E_09","FC","L","E",3.17805383034795,"2022–2026"
2023,12,"FC_L_2_E_10","FC","L","E",2.56494935746154,"2022–2026"
2023,7,"FC_L_3_E_01","FC","L","E",2.07944154167984,"2022–2026"
2023,37,"FC_L_3_E_02","FC","L","E",3.63758615972639,"2022–2026"
2023,14,"FC_L_3_E_03","FC","L","E",2.70805020110221,"2022–2026"
2023,29,"FC_L_3_E_04","FC","L","E",3.40119738166216,"2022–2026"
2023,12,"FC_L_3_E_05","FC","L","E",2.56494935746154,"2022–2026"
2023,14,"FC_L_3_E_06","FC","L","E",2.70805020110221,"2022–2026"
2023,0,"FC_L_3_E_07","FC","L","E",0,"2022–2026"
2023,13,"FC_L_3_E_08","FC","L","E",2.63905732961526,"2022–2026"
2023,0,"FC_L_3_E_09","FC","L","E",0,"2022–2026"
2023,0,"FC_L_3_E_10","FC","L","E",0,"2022–2026"
2023,0,"RP_L_1_E_01","RP","L","E",0,"2022–2026"
2023,0,"RP_L_1_E_02","RP","L","E",0,"2022–2026"
2023,0,"RP_L_1_E_03","RP","L","E",0,"2022–2026"
2023,6,"RP_L_1_E_04","RP","L","E",1.94591014905531,"2022–2026"
2023,0,"RP_L_1_E_05","RP","L","E",0,"2022–2026"
2023,0,"RP_L_3_E_01","RP","L","E",0,"2022–2026"
2023,13,"RP_L_3_E_02","RP","L","E",2.63905732961526,"2022–2026"
2023,0,"RP_L_3_E_03","RP","L","E",0,"2022–2026"
2023,13,"RP_L_3_E_04","RP","L","E",2.63905732961526,"2022–2026"
2023,0,"RP_L_3_E_05","RP","L","E",0,"2022–2026"
2023,0,"RP_L_1_E_06","RP","L","E",0,"2022–2026"
2023,0,"RP_L_1_E_07","RP","L","E",0,"2022–2026"
2023,0,"RP_L_1_E_08","RP","L","E",0,"2022–2026"
2023,0,"RP_L_1_E_09","RP","L","E",0,"2022–2026"
2023,0,"RP_L_1_E_10","RP","L","E",0,"2022–2026"
2023,0,"RP_L_2_E_02","RP","L","E",0,"2022–2026"
2023,0,"RP_L_2_E_04","RP","L","E",0,"2022–2026"
2023,7,"RP_L_2_E_06","RP","L","E",2.07944154167984,"2022–2026"
2023,5,"RP_L_2_E_08","RP","L","E",1.79175946922805,"2022–2026"
2023,0,"RP_L_2_E_10","RP","L","E",0,"2022–2026"
2023,0,"RP_L_3_E_06","RP","L","E",0,"2022–2026"
2023,0,"RP_L_3_E_07","RP","L","E",0,"2022–2026"
2023,0,"RP_L_2_E_01","RP","L","E",0,"2022–2026"
2023,0,"RP_L_2_E_03","RP","L","E",0,"2022–2026"
2023,0,"RP_L_2_E_05","RP","L","E",0,"2022–2026"
2023,0,"RP_L_2_E_07","RP","L","E",0,"2022–2026"
2023,0,"RP_L_2_E_09","RP","L","E",0,"2022–2026"
2023,0,"RP_L_3_E_08","RP","L","E",0,"2022–2026"
2023,0,"RP_L_3_E_09","RP","L","E",0,"2022–2026"
2023,2,"RP_L_3_E_10","RP","L","E",1.09861228866811,"2022–2026"
2023,0,"SH_L_2_E_01","SH","L","E",0,"2022–2026"
2023,0,"SH_L_2_E_03","SH","L","E",0,"2022–2026"
2023,0,"SH_L_2_E_09","SH","L","E",0,"2022–2026"
2023,0,"SH_L_2_E_08","SH","L","E",0,"2022–2026"
2023,0,"SH_L_3_E_06","SH","L","E",0,"2022–2026"
2023,0,"SH_L_3_E_08","SH","L","E",0,"2022–2026"
2023,0,"SH_L_3_E_10","SH","L","E",0,"2022–2026"
2023,0,"SH_L_1_E_02","SH","L","E",0,"2022–2026"
2023,0,"SH_L_1_E_04","SH","L","E",0,"2022–2026"
2023,0,"SH_L_1_E_06","SH","L","E",0,"2022–2026"
2023,0,"SH_L_1_E_08","SH","L","E",0,"2022–2026"
2023,0,"SH_L_1_E_10","SH","L","E",0,"2022–2026"
2023,0,"SH_L_2_E_05","SH","L","E",0,"2022–2026"
2023,0,"SH_L_2_E_07","SH","L","E",0,"2022–2026"
2023,0,"SH_L_3_E_01","SH","L","E",0,"2022–2026"
2023,0,"SH_L_3_E_02","SH","L","E",0,"2022–2026"
2023,0,"SH_L_3_E_03","SH","L","E",0,"2022–2026"
2023,0,"SH_L_3_E_04","SH","L","E",0,"2022–2026"
2023,0,"SH_L_3_E_05","SH","L","E",0,"2022–2026"
2023,0,"SH_L_1_E_01","SH","L","E",0,"2022–2026"
2023,0,"SH_L_1_E_03","SH","L","E",0,"2022–2026"
2023,0,"SH_L_1_E_05","SH","L","E",0,"2022–2026"
2023,0,"SH_L_1_E_07","SH","L","E",0,"2022–2026"
2023,0,"SH_L_1_E_09","SH","L","E",0,"2022–2026"
2023,0,"SH_L_2_E_02","SH","L","E",0,"2022–2026"
2023,0,"SH_L_2_E_04","SH","L","E",0,"2022–2026"
2023,0,"SH_L_2_E_06","SH","L","E",0,"2022–2026"
2023,0,"SH_L_2_E_10","SH","L","E",0,"2022–2026"
2023,0,"SH_L_3_E_07","SH","L","E",0,"2022–2026"
2023,0,"SH_L_3_E_09","SH","L","E",0,"2022–2026"
2023,0,"YB_L_2_E_01","YB","L","E",0,"2022–2026"
2023,0,"YB_L_2_E_02","YB","L","E",0,"2022–2026"
2023,0,"YB_L_2_E_03","YB","L","E",0,"2022–2026"
2023,0,"YB_L_2_E_04","YB","L","E",0,"2022–2026"
2023,0,"YB_L_2_E_05","YB","L","E",0,"2022–2026"
2023,0,"YB_L_3_E_01","YB","L","E",0,"2022–2026"
2023,0,"YB_L_3_E_03","YB","L","E",0,"2022–2026"
2023,0,"YB_L_3_E_05","YB","L","E",0,"2022–2026"
2023,0,"YB_L_3_E_07","YB","L","E",0,"2022–2026"
2023,0,"YB_L_3_E_09","YB","L","E",0,"2022–2026"
2023,0,"YB_L_1_E_02","YB","L","E",0,"2022–2026"
2023,0,"YB_L_1_E_04","YB","L","E",0,"2022–2026"
2023,0,"YB_L_1_E_06","YB","L","E",0,"2022–2026"
2023,0,"YB_L_1_E_08","YB","L","E",0,"2022–2026"
2023,0,"YB_L_1_E_10","YB","L","E",0,"2022–2026"
2023,0,"YB_L_3_E_02","YB","L","E",0,"2022–2026"
2023,0,"YB_L_3_E_04","YB","L","E",0,"2022–2026"
2023,0,"YB_L_3_E_06","YB","L","E",0,"2022–2026"
2023,0,"YB_L_3_E_08","YB","L","E",0,"2022–2026"
2023,0,"YB_L_3_E_10","YB","L","E",0,"2022–2026"
2023,0,"CB_L_2__07","CB","L","0",0,"2022–2026"
2023,0,"CB_L_2__08","CB","L","0",0,"2022–2026"
2023,0,"CB_L_2__09","CB","L","0",0,"2022–2026"
2023,0,"CB_L_2__10","CB","L","0",0,"2022–2026"
2023,0,"CB_L_1__02","CB","L","0",0,"2022–2026"
2023,4,"CB_L_1__04","CB","L","0",1.6094379124341,"2022–2026"
2023,3,"CB_L_1__06","CB","L","0",1.38629436111989,"2022–2026"
2023,43,"CB_L_1__08","CB","L","0",3.78418963391826,"2022–2026"
2023,3,"CB_L_1__10","CB","L","0",1.38629436111989,"2022–2026"
2023,0,"CB_L_2__01","CB","L","0",0,"2022–2026"
2023,0,"CB_L_2__02","CB","L","0",0,"2022–2026"
2023,0,"CB_L_2__03","CB","L","0",0,"2022–2026"
2023,0,"CB_L_1__01","CB","L","0",0,"2022–2026"
2023,3,"CB_L_1__03","CB","L","0",1.38629436111989,"2022–2026"
2023,5,"CB_L_1__05","CB","L","0",1.79175946922805,"2022–2026"
2023,6,"CB_L_1__07","CB","L","0",1.94591014905531,"2022–2026"
2023,4,"CB_L_1__09","CB","L","0",1.6094379124341,"2022–2026"
2023,0,"CB_L_2__04","CB","L","0",0,"2022–2026"
2023,0,"CB_L_2__05","CB","L","0",0,"2022–2026"
2023,0,"CB_L_2__06","CB","L","0",0,"2022–2026"
2023,0,"CB_L_3__01","CB","L","0",0,"2022–2026"
2023,0,"CB_L_3__02","CB","L","0",0,"2022–2026"
2023,0,"CB_L_3__03","CB","L","0",0,"2022–2026"
2023,0,"CB_L_3__04","CB","L","0",0,"2022–2026"
2023,0,"CB_L_3__05","CB","L","0",0,"2022–2026"
2023,0,"CB_L_3__06","CB","L","0",0,"2022–2026"
2023,0,"CB_L_3__07","CB","L","0",0,"2022–2026"
2023,0,"CB_L_3__08","CB","L","0",0,"2022–2026"
2023,0,"CB_L_3__09","CB","L","0",0,"2022–2026"
2023,0,"CB_L_3__10","CB","L","0",0,"2022–2026"
2023,0,"BB_L_2__01","BB","L","0",0,"2022–2026"
2023,4,"BB_L_2__02","BB","L","0",1.6094379124341,"2022–2026"
2023,6,"BB_L_2__03","BB","L","0",1.94591014905531,"2022–2026"
2023,0,"BB_L_2__04","BB","L","0",0,"2022–2026"
2023,2,"BB_L_2__05","BB","L","0",1.09861228866811,"2022–2026"
2023,39,"BB_L_2__06","BB","L","0",3.68887945411394,"2022–2026"
2023,0,"BB_L_2__07","BB","L","0",0,"2022–2026"
2023,0,"BB_L_2__08","BB","L","0",0,"2022–2026"
2023,51,"BB_L_2__09","BB","L","0",3.95124371858143,"2022–2026"
2023,11,"BB_L_2__10","BB","L","0",2.484906649788,"2022–2026"
2023,0,"BB_L_1__01","BB","L","0",0,"2022–2026"
2023,0,"BB_L_1__02","BB","L","0",0,"2022–2026"
2023,0,"BB_L_1__03","BB","L","0",0,"2022–2026"
2023,0,"BB_L_1__04","BB","L","0",0,"2022–2026"
2023,5,"BB_L_1__05","BB","L","0",1.79175946922805,"2022–2026"
2023,7,"BB_L_1__06","BB","L","0",2.07944154167984,"2022–2026"
2023,1,"BB_L_1__07","BB","L","0",0.693147180559945,"2022–2026"
2023,0,"BB_L_1__08","BB","L","0",0,"2022–2026"
2023,0,"BB_L_1__09","BB","L","0",0,"2022–2026"
2023,0,"BB_L_1__10","BB","L","0",0,"2022–2026"
2023,3,"BB_L_3__01","BB","L","0",1.38629436111989,"2022–2026"
2023,0,"BB_L_3__02","BB","L","0",0,"2022–2026"
2023,1,"BB_L_3__03","BB","L","0",0.693147180559945,"2022–2026"
2023,0,"BB_L_3__04","BB","L","0",0,"2022–2026"
2023,0,"BB_L_3__05","BB","L","0",0,"2022–2026"
2023,0,"BB_L_3__06","BB","L","0",0,"2022–2026"
2023,1,"BB_L_3__07","BB","L","0",0.693147180559945,"2022–2026"
2023,0,"BB_L_3__08","BB","L","0",0,"2022–2026"
2023,0,"BB_L_3__09","BB","L","0",0,"2022–2026"
2023,0,"BB_L_3__10","BB","L","0",0,"2022–2026"
2023,0,"YB_L_1__01","YB","L","0",0,"2022–2026"
2023,0,"YB_L_1__03","YB","L","0",0,"2022–2026"
2023,0,"YB_L_1__05","YB","L","0",0,"2022–2026"
2023,0,"YB_L_1__07","YB","L","0",0,"2022–2026"
2023,0,"YB_L_1__09","YB","L","0",0,"2022–2026"
2023,0,"YB_L_2_E_06","YB","L","E",0,"2022–2026"
2023,0,"YB_L_2_E_07","YB","L","E",0,"2022–2026"
2023,0,"YB_L_2_E_08","YB","L","E",0,"2022–2026"
2023,0,"YB_L_2_E_09","YB","L","E",0,"2022–2026"
2023,0,"YB_L_2_E_10","YB","L","E",0,"2022–2026"
2024,0,"YB_L_1_E_01","YB","L","E",0,"2022–2026"
2024,0,"YB_L_1_E_02","YB","L","E",0,"2022–2026"
2024,0,"YB_L_1_E_03","YB","L","E",0,"2022–2026"
2024,0,"YB_L_1_E_04","YB","L","E",0,"2022–2026"
2024,0,"YB_L_1_E_05","YB","L","E",0,"2022–2026"
2024,0,"YB_L_1_E_06","YB","L","E",0,"2022–2026"
2024,0,"YB_L_1_E_07","YB","L","E",0,"2022–2026"
2024,0,"YB_L_1_E_08","YB","L","E",0,"2022–2026"
2024,7,"RP_L_1_E_01","RP","L","E",2.07944154167984,"2022–2026"
2024,0,"RP_L_1_E_02","RP","L","E",0,"2022–2026"
2024,0,"RP_L_1_E_03","RP","L","E",0,"2022–2026"
2024,0,"RP_L_1_E_04","RP","L","E",0,"2022–2026"
2024,0,"RP_L_1_E_05","RP","L","E",0,"2022–2026"
2024,0,"RP_L_1_E_06","RP","L","E",0,"2022–2026"
2024,0,"RP_L_1_E_07","RP","L","E",0,"2022–2026"
2024,0,"RP_L_2_E_01","RP","L","E",0,"2022–2026"
2024,0,"RP_L_2_E_02","RP","L","E",0,"2022–2026"
2024,0,"RP_L_2_E_03","RP","L","E",0,"2022–2026"
2024,0,"RP_L_2_E_04","RP","L","E",0,"2022–2026"
2024,0,"RP_L_3_E_07","RP","L","E",0,"2022–2026"
2024,0,"RP_L_3_E_08","RP","L","E",0,"2022–2026"
2024,1,"RP_L_1_E_08","RP","L","E",0.693147180559945,"2022–2026"
2024,0,"RP_L_1_E_09","RP","L","E",0,"2022–2026"
2024,0,"RP_L_1_E_10","RP","L","E",0,"2022–2026"
2024,0,"RP_L_2_E_05","RP","L","E",0,"2022–2026"
2024,1,"RP_L_2_E_06","RP","L","E",0.693147180559945,"2022–2026"
2024,0,"RP_L_2_E_07","RP","L","E",0,"2022–2026"
2024,0,"RP_L_2_E_08","RP","L","E",0,"2022–2026"
2024,0,"RP_L_3_E_09","RP","L","E",0,"2022–2026"
2024,0,"RP_L_3_E_10","RP","L","E",0,"2022–2026"
2024,0,"RP_L_3_E_11","RP","L","E",0,"2022–2026"
2024,1,"RP_L_2_E_09","RP","L","E",0.693147180559945,"2022–2026"
2024,0,"RP_L_3_E_01","RP","L","E",0,"2022–2026"
2024,0,"RP_L_3_E_02","RP","L","E",0,"2022–2026"
2024,0,"RP_L_3_E_03","RP","L","E",0,"2022–2026"
2024,0,"RP_L_3_E_04","RP","L","E",0,"2022–2026"
2024,2,"RP_L_3_E_05","RP","L","E",1.09861228866811,"2022–2026"
2024,0,"SH_L_3_E_01","SH","L","E",0,"2022–2026"
2024,0,"SH_L_3_E_02","SH","L","E",0,"2022–2026"
2024,0,"SH_L_3_E_03","SH","L","E",0,"2022–2026"
2024,0,"SH_L_3_E_04","SH","L","E",0,"2022–2026"
2024,0,"SH_L_3_E_05","SH","L","E",0,"2022–2026"
2024,0,"SH_L_3_E_06","SH","L","E",0,"2022–2026"
2024,0,"SH_L_3_E_07","SH","L","E",0,"2022–2026"
2024,0,"SH_L_3_E_08","SH","L","E",0,"2022–2026"
2024,0,"SH_L_3_E_09","SH","L","E",0,"2022–2026"
2024,0,"SH_L_3_E_10","SH","L","E",0,"2022–2026"
2024,0,"SH_L_2_E_01","SH","L","E",0,"2022–2026"
2024,0,"SH_L_2_E_02","SH","L","E",0,"2022–2026"
2024,0,"SH_L_2_E_03","SH","L","E",0,"2022–2026"
2024,0,"SH_L_2_E_04","SH","L","E",0,"2022–2026"
2024,0,"SH_L_2_E_05","SH","L","E",0,"2022–2026"
2024,0,"SH_L_2_E_06","SH","L","E",0,"2022–2026"
2024,0,"SH_L_2_E_07","SH","L","E",0,"2022–2026"
2024,0,"SH_L_2_E_08","SH","L","E",0,"2022–2026"
2024,0,"SH_L_1_E_01","SH","L","E",0,"2022–2026"
2024,0,"SH_L_1_E_02","SH","L","E",0,"2022–2026"
2024,0,"SH_L_1_E_03","SH","L","E",0,"2022–2026"
2024,0,"SH_L_1_E_04","SH","L","E",0,"2022–2026"
2024,0,"SH_L_1_E_05","SH","L","E",0,"2022–2026"
2024,0,"SH_L_1_E_06","SH","L","E",0,"2022–2026"
2024,0,"SH_L_1_E_07","SH","L","E",0,"2022–2026"
2024,0,"SH_L_1_E_08","SH","L","E",0,"2022–2026"
2024,0,"SH_L_1_E_09","SH","L","E",0,"2022–2026"
2024,0,"SH_L_1_E_10","SH","L","E",0,"2022–2026"
2024,0,"YB_L_3_E_01","YB","L","E",0,"2022–2026"
2024,0,"YB_L_3_E_02","YB","L","E",0,"2022–2026"
2024,0,"YB_L_3_E_03","YB","L","E",0,"2022–2026"
2024,0,"YB_L_3_E_04","YB","L","E",0,"2022–2026"
2024,0,"YB_L_3_E_05","YB","L","E",0,"2022–2026"
2024,0,"YB_L_3_E_06","YB","L","E",0,"2022–2026"
2024,0,"YB_L_3_E_07","YB","L","E",0,"2022–2026"
2024,0,"YB_L_3_E_08","YB","L","E",0,"2022–2026"
2024,0,"YB_L_3_E_09","YB","L","E",0,"2022–2026"
2024,0,"YB_L_3_E_10","YB","L","E",0,"2022–2026"
2024,0,"YB_L_2_E_01","YB","L","E",0,"2022–2026"
2024,0,"YB_L_2_E_02","YB","L","E",0,"2022–2026"
2024,0,"YB_L_2_E_03","YB","L","E",0,"2022–2026"
2024,0,"YB_L_2_E_04","YB","L","E",0,"2022–2026"
2024,0,"YB_L_2_E_05","YB","L","E",0,"2022–2026"
2024,0,"YB_L_2_E_06","YB","L","E",0,"2022–2026"
2024,0,"YB_L_2_E_07","YB","L","E",0,"2022–2026"
2024,0,"YB_L_1_E_09","YB","L","E",0,"2022–2026"
2024,0,"YB_L_1_E_10","YB","L","E",0,"2022–2026"
2024,0,"YB_L_2_E_08","YB","L","E",0,"2022–2026"
2024,0,"YB_L_2_E_09","YB","L","E",0,"2022–2026"
2024,0,"YB_L_2_E_10","YB","L","E",0,"2022–2026"
2024,0,"SH_L_2_E_09","SH","L","E",0,"2022–2026"
2024,0,"SH_L_2_E_10","SH","L","E",0,"2022–2026"
2024,18,"FC_L_2_E_01","FC","L","E",2.94443897916644,"2022–2026"
2024,9,"FC_L_2_E_02","FC","L","E",2.30258509299405,"2022–2026"
2024,6,"FC_L_2_E_03","FC","L","E",1.94591014905531,"2022–2026"
2024,7,"FC_L_2_E_04","FC","L","E",2.07944154167984,"2022–2026"
2024,30,"FC_L_2_E_05","FC","L","E",3.43398720448515,"2022–2026"
2024,15,"FC_L_2_E_06","FC","L","E",2.77258872223978,"2022–2026"
2024,23,"FC_L_3_E_01","FC","L","E",3.17805383034795,"2022–2026"
2024,9,"FC_L_3_E_02","FC","L","E",2.30258509299405,"2022–2026"
2024,13,"FC_L_3_E_03","FC","L","E",2.63905732961526,"2022–2026"
2024,5,"FC_L_3_E_04","FC","L","E",1.79175946922805,"2022–2026"
2024,9,"FC_L_3_E_05","FC","L","E",2.30258509299405,"2022–2026"
2024,20,"FC_L_2_E_07","FC","L","E",3.04452243772342,"2022–2026"
2024,8,"FC_L_2_E_08","FC","L","E",2.19722457733622,"2022–2026"
2024,45,"FC_L_2_E_09","FC","L","E",3.8286413964891,"2022–2026"
2024,23,"FC_L_2_E_10","FC","L","E",3.17805383034795,"2022–2026"
2024,25,"FC_L_3_E_06","FC","L","E",3.25809653802148,"2022–2026"
2024,16,"FC_L_3_E_07","FC","L","E",2.83321334405622,"2022–2026"
2024,6,"FC_L_3_E_08","FC","L","E",1.94591014905531,"2022–2026"
2024,5,"FC_L_3_E_09","FC","L","E",1.79175946922805,"2022–2026"
2024,0,"FC_L_3_E_10","FC","L","E",0,"2022–2026"
2024,2,"BB_L_3_E_09","BB","L","E",1.09861228866811,"2022–2026"
2024,0,"BB_L_3_E_10","BB","L","E",0,"2022–2026"
2024,0,"BB_L_2_E_10","BB","L","E",0,"2022–2026"
2024,0,"BB_L_3_E_06","BB","L","E",0,"2022–2026"
2024,0,"BB_L_1_E_01","BB","L","E",0,"2022–2026"
2024,10,"BB_L_1_E_02","BB","L","E",2.39789527279837,"2022–2026"
2024,15,"BB_L_1_E_03","BB","L","E",2.77258872223978,"2022–2026"
2024,33,"BB_L_1_E_04","BB","L","E",3.52636052461616,"2022–2026"
2024,0,"BB_L_1_E_05","BB","L","E",0,"2022–2026"
2024,1,"BB_L_1_E_06","BB","L","E",0.693147180559945,"2022–2026"
2024,0,"BB_L_1_E_07","BB","L","E",0,"2022–2026"
2024,0,"BB_L_1_E_08","BB","L","E",0,"2022–2026"
2024,14,"BB_L_1_E_09","BB","L","E",2.70805020110221,"2022–2026"
2024,22,"BB_L_1_E_10","BB","L","E",3.13549421592915,"2022–2026"
2024,3,"BB_L_2_E_05","BB","L","E",1.38629436111989,"2022–2026"
2024,1,"BB_L_2_E_06","BB","L","E",0.693147180559945,"2022–2026"
2024,7,"BB_L_2_E_07","BB","L","E",2.07944154167984,"2022–2026"
2024,0,"BB_L_2_E_08","BB","L","E",0,"2022–2026"
2024,0,"BB_L_2_E_09","BB","L","E",0,"2022–2026"
2024,0,"BB_L_2_E_04","BB","L","E",0,"2022–2026"
2024,0,"BB_L_3_E_07","BB","L","E",0,"2022–2026"
2024,0,"BB_L_3_E_08","BB","L","E",0,"2022–2026"
2024,4,"BB_L_2_E_01","BB","L","E",1.6094379124341,"2022–2026"
2024,0,"BB_L_2_E_02","BB","L","E",0,"2022–2026"
2024,0,"BB_L_2_E_03","BB","L","E",0,"2022–2026"
2024,0,"BB_L_3_E_01","BB","L","E",0,"2022–2026"
2024,4,"BB_L_3_E_02","BB","L","E",1.6094379124341,"2022–2026"
2024,0,"BB_L_3_E_03","BB","L","E",0,"2022–2026"
2024,2,"BB_L_3_E_04","BB","L","E",1.09861228866811,"2022–2026"
2024,2,"BB_L_3_E_05","BB","L","E",1.09861228866811,"2022–2026"
2024,2,"FC_L_1_E_10","FC","L","E",1.09861228866811,"2022–2026"
2024,18,"FC_L_2_E_11","FC","L","E",2.94443897916644,"2022–2026"
2024,0,"FC_L_1_E_01","FC","L","E",0,"2022–2026"
2024,0,"FC_L_1_E_02","FC","L","E",0,"2022–2026"
2024,0,"FC_L_1_E_03","FC","L","E",0,"2022–2026"
2024,0,"FC_L_1_E_04","FC","L","E",0,"2022–2026"
2024,0,"FC_L_1_E_05","FC","L","E",0,"2022–2026"
2024,0,"FC_L_1_E_06","FC","L","E",0,"2022–2026"
2024,3,"FC_L_1_E_07","FC","L","E",1.38629436111989,"2022–2026"
2024,0,"FC_L_1_E_08","FC","L","E",0,"2022–2026"
2024,9,"FC_L_1_E_09","FC","L","E",2.30258509299405,"2022–2026"
2024,0,"CB_L_1_E_06","CB","L","E",0,"2022–2026"
2024,0,"CB_L_1_E_07","CB","L","E",0,"2022–2026"
2024,0,"CB_L_1_E_08","CB","L","E",0,"2022–2026"
2024,0,"CB_L_2_E_05","CB","L","E",0,"2022–2026"
2024,0,"CB_L_2_E_06","CB","L","E",0,"2022–2026"
2024,1,"CB_L_2_E_07","CB","L","E",0.693147180559945,"2022–2026"
2024,0,"CB_L_1_E_01","CB","L","E",0,"2022–2026"
2024,2,"CB_L_1_E_02","CB","L","E",1.09861228866811,"2022–2026"
2024,0,"CB_L_1_E_03","CB","L","E",0,"2022–2026"
2024,0,"CB_L_1_E_04","CB","L","E",0,"2022–2026"
2024,0,"CB_L_1_E_05","CB","L","E",0,"2022–2026"
2024,0,"CB_L_2_E_01","CB","L","E",0,"2022–2026"
2024,0,"CB_L_2_E_02","CB","L","E",0,"2022–2026"
2024,0,"CB_L_2_E_03","CB","L","E",0,"2022–2026"
2024,0,"CB_L_2_E_04","CB","L","E",0,"2022–2026"
2024,0,"CB_L_1_E_09","CB","L","E",0,"2022–2026"
2024,0,"CB_L_1_E_10","CB","L","E",0,"2022–2026"
2024,0,"CB_L_2_E_08","CB","L","E",0,"2022–2026"
2024,0,"CB_L_2_E_09","CB","L","E",0,"2022–2026"
2024,0,"CB_L_2_E_10","CB","L","E",0,"2022–2026"
2024,18,"CB_L_3_E_01","CB","L","E",2.94443897916644,"2022–2026"
2024,1,"CB_L_3_E_02","CB","L","E",0.693147180559945,"2022–2026"
2024,19,"CB_L_3_E_03","CB","L","E",2.99573227355399,"2022–2026"
2024,11,"CB_L_3_E_04","CB","L","E",2.484906649788,"2022–2026"
2024,1,"CB_L_3_E_05","CB","L","E",0.693147180559945,"2022–2026"
2024,0,"CB_L_3_E_06","CB","L","E",0,"2022–2026"
2024,0,"CB_L_3_E_07","CB","L","E",0,"2022–2026"
2024,13,"CB_L_3_E_08","CB","L","E",2.63905732961526,"2022–2026"
2024,0,"CB_L_3_E_09","CB","L","E",0,"2022–2026"
2024,0,"CB_L_3_E_10","CB","L","E",0,"2022–2026"
2025,0,"CBN_L_3_E_03","CB","L","E",0,"2022–2026"
2025,0,"CBN_L_3_E_07","CB","L","E",0,"2022–2026"
2026,0,"CBN_L_3_E_04","CB","L","E",0,"2022–2026"
2025,0,"CBN_L_3_E_06","CB","L","E",0,"2022–2026"
2025,0,"CBN_L_3_E_02","CB","L","E",0,"2022–2026"
2025,0,"CBN_L_3_E_08","CB","L","E",0,"2022–2026"
2025,0,"CBN_L_3_E_01","CB","L","E",0,"2022–2026"
2025,0,"CBN_L_3_E_05","CB","L","E",0,"2022–2026"
2025,0,"CBN_L_3_E_09","CB","L","E",0,"2022–2026"
2025,0,"CBN_L_3_E_10","CB","L","E",0,"2022–2026"
2025,1,"BB_L_1_E_01","BB","L","E",0.693147180559945,"2022–2026"
2025,0,"BB_L_1_E_02","BB","L","E",0,"2022–2026"
2025,1,"BB_L_1_E_03","BB","L","E",0.693147180559945,"2022–2026"
2025,2,"BB_L_1_E_04","BB","L","E",1.09861228866811,"2022–2026"
2025,4,"BB_L_1_E_05","BB","L","E",1.6094379124341,"2022–2026"
2025,7,"BB_L_1_E_06","BB","L","E",2.07944154167984,"2022–2026"
2025,0,"BB_L_1_E_10","BB","L","E",0,"2022–2026"
2025,0,"BB_L_1_E_09","BB","L","E",0,"2022–2026"
2025,0,"BB_L_1_E_08","BB","L","E",0,"2022–2026"
2025,12,"FC_L_1_E_10","FC","L","E",2.56494935746154,"2022–2026"
2025,5,"FC_L_1_E_09","FC","L","E",1.79175946922805,"2022–2026"
2025,22,"FC_L_1_E_08","FC","L","E",3.13549421592915,"2022–2026"
2025,14,"FC_L_1_E_07","FC","L","E",2.70805020110221,"2022–2026"
2025,23,"FC_L_1_E_06","FC","L","E",3.17805383034795,"2022–2026"
2025,14,"FC_L_1_E_05","FC","L","E",2.70805020110221,"2022–2026"
2025,19,"FC_L_2_E_01","FC","L","E",2.99573227355399,"2022–2026"
2025,9,"FC_L_2_E_02","FC","L","E",2.30258509299405,"2022–2026"
2025,31,"FC_L_2_E_03","FC","L","E",3.46573590279973,"2022–2026"
2025,0,"SH_L_1_E_01","SH","L","E",0,"2022–2026"
2025,0,"SH_L_1_E_02","SH","L","E",0,"2022–2026"
2025,1,"SH_L_1_E_03","SH","L","E",0.693147180559945,"2022–2026"
2025,0,"SH_L_1_E_04","SH","L","E",0,"2022–2026"
2025,0,"SH_L_1_E_05","SH","L","E",0,"2022–2026"
2025,0,"SH_L_1_E_06","SH","L","E",0,"2022–2026"
2025,0,"SH_L_1_E_07","SH","L","E",0,"2022–2026"
2025,0,"SH_L_1_E_08","SH","L","E",0,"2022–2026"
2025,0,"SH_L_2_E_10","SH","L","E",0,"2022–2026"
2025,0,"SH_L_2_E_09","SH","L","E",0,"2022–2026"
2025,0,"SH_L_2_E_08","SH","L","E",0,"2022–2026"
2025,0,"SH_L_2_E_07","SH","L","E",0,"2022–2026"
2025,0,"SH_L_2_E_06","SH","L","E",0,"2022–2026"
2025,0,"SH_L_2_E_05","SH","L","E",0,"2022–2026"
2025,0,"SH_L_2_E_04","SH","L","E",0,"2022–2026"
2025,0,"SH_L_3_E_01","SH","L","E",0,"2022–2026"
2025,0,"SH_L_3_E_02","SH","L","E",0,"2022–2026"
2025,0,"SH_L_3_E_03","SH","L","E",0,"2022–2026"
2025,0,"SH_L_3_E_04","SH","L","E",0,"2022–2026"
2025,0,"SH_L_3_E_05","SH","L","E",0,"2022–2026"
2025,3,"BB_L_2_E_10","BB","L","E",1.38629436111989,"2022–2026"
2025,0,"BB_L_2_E_09","BB","L","E",0,"2022–2026"
2025,0,"SH_L_1_E_10","SH","L","E",0,"2022–2026"
2025,0,"SH_L_1_E_09","SH","L","E",0,"2022–2026"
2025,1,"SH_L_2_E_01","SH","L","E",0.693147180559945,"2022–2026"
2025,0,"SH_L_2_E_02","SH","L","E",0,"2022–2026"
2025,0,"SH_L_2_E_03","SH","L","E",0,"2022–2026"
2025,0,"SH_L_3_E_10","SH","L","E",0,"2022–2026"
2025,0,"SH_L_3_E_09","SH","L","E",0,"2022–2026"
2025,0,"SH_L_3_E_08","SH","L","E",0,"2022–2026"
2025,0,"SH_L_3_E_07","SH","L","E",0,"2022–2026"
2025,0,"SH_L_3_E_06","SH","L","E",0,"2022–2026"
2025,0,"SH_L_3_E_05","SH","L","E",0,"2022–2026"
2025,0,"RP_L_3_E_10","RP","L","E",0,"2022–2026"
2025,0,"RP_L_3_E_09","RP","L","E",0,"2022–2026"
2025,0,"RP_L_3_E_08","RP","L","E",0,"2022–2026"
2025,3,"RP_L_3_E_07","RP","L","E",1.38629436111989,"2022–2026"
2025,0,"RP_L_3_E_06","RP","L","E",0,"2022–2026"
2025,0,"RP_L_3_E_05","RP","L","E",0,"2022–2026"
2025,0,"RP_L_1_E_06","RP","L","E",0,"2022–2026"
2025,3,"RP_L_1_E_07","RP","L","E",1.38629436111989,"2022–2026"
2025,0,"RP_L_1_E_08","RP","L","E",0,"2022–2026"
2025,0,"RP_L_1_E_09","RP","L","E",0,"2022–2026"
2025,0,"RP_L_1_E_10","RP","L","E",0,"2022–2026"
2025,0,"RP_L_2_E_01","RP","L","E",0,"2022–2026"
2025,0,"RP_L_2_E_02","RP","L","E",0,"2022–2026"
2025,0,"RP_L_2_E_03","RP","L","E",0,"2022–2026"
2025,0,"RP_L_2_E_04","RP","L","E",0,"2022–2026"
2025,1,"RP_L_2_E_05","RP","L","E",0.693147180559945,"2022–2026"
2025,0,"RP_L_2_E_06","RP","L","E",0,"2022–2026"
2025,1,"RP_L_2_E_07","RP","L","E",0.693147180559945,"2022–2026"
2025,0,"RP_L_2_E_08","RP","L","E",0,"2022–2026"
2025,0,"RP_L_2_E_09","RP","L","E",0,"2022–2026"
2025,0,"RP_L_2_E_10","RP","L","E",0,"2022–2026"
2025,0,"RP_L_3_E_01","RP","L","E",0,"2022–2026"
2025,0,"RP_L_3_E_02","RP","L","E",0,"2022–2026"
2025,0,"RP_L_3_E_03","RP","L","E",0,"2022–2026"
2025,0,"RP_L_3_E_04","RP","L","E",0,"2022–2026"
2025,0,"RP_L_1_E_01","RP","L","E",0,"2022–2026"
2025,4,"RP_L_1_E_02","RP","L","E",1.6094379124341,"2022–2026"
2025,26,"RP_L_1_E_03","RP","L","E",3.29583686600433,"2022–2026"
2025,0,"RP_L_1_E_04","RP","L","E",0,"2022–2026"
2025,7,"RP_L_1_E_05","RP","L","E",2.07944154167984,"2022–2026"
2025,0,"CBN_L_2_E_08","CB","L","E",0,"2022–2026"
2025,0,"CBN_L_2_E_10","CB","L","E",0,"2022–2026"
2025,0,"CBN_L_2_E_07","CB","L","E",0,"2022–2026"
2025,0,"CBN_L_2_E_09","CB","L","E",0,"2022–2026"
2025,0,"CBN_L_1_E_01","CB","L","E",0,"2022–2026"
2025,2,"CBN_L_1_E_02","CB","L","E",1.09861228866811,"2022–2026"
2025,0,"CBN_L_1_E_03","CB","L","E",0,"2022–2026"
2025,1,"CBN_L_1_E_04","CB","L","E",0.693147180559945,"2022–2026"
2025,0,"CBN_L_1_E_05","CB","L","E",0,"2022–2026"
2025,0,"CBN_L_1_E_06","CB","L","E",0,"2022–2026"
2025,14,"CBN_L_1_E_07","CB","L","E",2.70805020110221,"2022–2026"
2025,1,"CBN_L_1_E_08","CB","L","E",0.693147180559945,"2022–2026"
2025,16,"CBN_L_1_E_09","CB","L","E",2.83321334405622,"2022–2026"
2025,27,"CBN_L_1_E_10","CB","L","E",3.3322045101752,"2022–2026"
2025,0,"CBN_L_2_E_01","CB","L","E",0,"2022–2026"
2025,0,"CBN_L_2_E_02","CB","L","E",0,"2022–2026"
2025,0,"CBN_L_2_E_03","CB","L","E",0,"2022–2026"
2025,0,"CBN_L_2_E_04","CB","L","E",0,"2022–2026"
2025,0,"CBN_L_2_E_05","CB","L","E",0,"2022–2026"
2025,0,"CBN_L_2_E_06","CB","L","E",0,"2022–2026"
2025,1,"YB_L_2_E_07","YB","L","E",0.693147180559945,"2022–2026"
2025,0,"YB_L_2_E_08","YB","L","E",0,"2022–2026"
2025,0,"YB_L_2_E_09","YB","L","E",0,"2022–2026"
2025,0,"YB_L_2_E_10","YB","L","E",0,"2022–2026"
2025,0,"YB_L_1_E_01","YB","L","E",0,"2022–2026"
2025,0,"YB_L_1_E_02","YB","L","E",0,"2022–2026"
2025,0,"YB_L_1_E_03","YB","L","E",0,"2022–2026"
2025,0,"YB_L_1_E_04","YB","L","E",0,"2022–2026"
2025,0,"YB_L_1_E_05","YB","L","E",0,"2022–2026"
2025,1,"YB_L_1_E_06","YB","L","E",0.693147180559945,"2022–2026"
2025,0,"YB_L_1_E_07","YB","L","E",0,"2022–2026"
2025,0,"YB_L_1_E_08","YB","L","E",0,"2022–2026"
2025,0,"YB_L_1_E_09","YB","L","E",0,"2022–2026"
2025,0,"YB_L_1_E_10","YB","L","E",0,"2022–2026"
2025,0,"YB_L_2_E_01","YB","L","E",0,"2022–2026"
2025,0,"YB_L_2_E_02","YB","L","E",0,"2022–2026"
2025,0,"YB_L_2_E_03","YB","L","E",0,"2022–2026"
2025,0,"YB_L_2_E_04","YB","L","E",0,"2022–2026"
2025,0,"YB_L_2_E_05","YB","L","E",0,"2022–2026"
2025,0,"YB_L_2_E_06","YB","L","E",0,"2022–2026"
2025,2,"FC_L_1_E_01","FC","L","E",1.09861228866811,"2022–2026"
2025,0,"FC_L_1_E_02","FC","L","E",0,"2022–2026"
2025,0,"FC_L_1_E_03","FC","L","E",0,"2022–2026"
2025,6,"FC_L_1_E_04","FC","L","E",1.94591014905531,"2022–2026"
2025,0,"FC_L_1_E_05","FC","L","E",0,"2022–2026"
2025,20,"FC_L_2_E_04","FC","L","E",3.04452243772342,"2022–2026"
2025,38,"FC_L_2_E_05","FC","L","E",3.66356164612965,"2022–2026"
2025,23,"FC_L_2_E_06","FC","L","E",3.17805383034795,"2022–2026"
2025,39,"FC_L_2_E_08","FC","L","E",3.68887945411394,"2022–2026"
2025,42,"FC_L_2_E_09","FC","L","E",3.76120011569356,"2022–2026"
2025,12,"FC_L_3_E_10","FC","L","E",2.56494935746154,"2022–2026"
2025,6,"FC_L_3_E_09","FC","L","E",1.94591014905531,"2022–2026"
2025,24,"FC_L_3_E_08","FC","L","E",3.2188758248682,"2022–2026"
2025,21,"FC_L_3_E_07","FC","L","E",3.09104245335832,"2022–2026"
2025,10,"FC_L_3_E_06","FC","L","E",2.39789527279837,"2022–2026"
2025,28,"FC_L_2_E_07","FC","L","E",3.36729582998647,"2022–2026"
2025,11,"FC_L_2_E_10","FC","L","E",2.484906649788,"2022–2026"
2025,0,"FC_L_3_E_01","FC","L","E",0,"2022–2026"
2025,6,"FC_L_3_E_02","FC","L","E",1.94591014905531,"2022–2026"
2025,18,"FC_L_3_E_03","FC","L","E",2.94443897916644,"2022–2026"
2025,2,"FC_L_3_E_04","FC","L","E",1.09861228866811,"2022–2026"
2025,5,"FC_L_3_E_05","FC","L","E",1.79175946922805,"2022–2026"
2025,0,"YB_L_3_E_04","YB","L","E",0,"2022–2026"
2025,0,"YB_L_3_E_07","YB","L","E",0,"2022–2026"
2025,0,"YB_L_3_E_10","YB","L","E",0,"2022–2026"
2025,0,"YB_L_3_E_01","YB","L","E",0,"2022–2026"
2025,0,"YB_L_3_E_02","YB","L","E",0,"2022–2026"
2025,0,"YB_L_3_E_03","YB","L","E",0,"2022–2026"
2025,0,"YB_L_3_E_05","YB","L","E",0,"2022–2026"
2025,0,"YB_L_3_E_06","YB","L","E",0,"2022–2026"
2025,0,"YB_L_3_E_08","YB","L","E",0,"2022–2026"
2025,0,"YB_L_3_E_09","YB","L","E",0,"2022–2026"
2025,0,"BB_L_3_E_01","BB","L","E",0,"2022–2026"
2025,0,"BB_L_3_E_02","BB","L","E",0,"2022–2026"
2025,6,"BB_L_3_E_03","BB","L","E",1.94591014905531,"2022–2026"
2025,0,"BB_L_3_E_04","BB","L","E",0,"2022–2026"
2025,4,"BB_L_3_E_05","BB","L","E",1.6094379124341,"2022–2026"
2025,0,"BB_L_3_E_06","BB","L","E",0,"2022–2026"
2025,2,"BB_L_3_E_07","BB","L","E",1.09861228866811,"2022–2026"
2025,0,"BB_L_2_E_01","BB","L","E",0,"2022–2026"
2025,3,"BB_L_2_E_02","BB","L","E",1.38629436111989,"2022–2026"
2025,2,"BB_L_2_E_03","BB","L","E",1.09861228866811,"2022–2026"
2025,0,"BB_L_2_E_04","BB","L","E",0,"2022–2026"
2025,4,"BB_L_2_E_05","BB","L","E",1.6094379124341,"2022–2026"
2025,1,"BB_L_2_E_06","BB","L","E",0.693147180559945,"2022–2026"
2025,5,"BB_L_2_E_07","BB","L","E",1.79175946922805,"2022–2026"
2025,0,"BB_L_1_E_07","BB","L","E",0,"2022–2026"
2025,0,"BB_L_3_E_10","BB","L","E",0,"2022–2026"
2025,4,"BB_L_3_E_09","BB","L","E",1.6094379124341,"2022–2026"
2025,5,"BB_L_3_E_08","BB","L","E",1.79175946922805,"2022–2026"
2025,0,"BB_L_2_E_10","BB","L","E",0,"2022–2026"
2025,0,"BB_L_2_E_09","BB","L","E",0,"2022–2026"
2025,5,"BB_L_2_E_08","BB","L","E",1.79175946922805,"2022–2026"
2025,3,"BB_L_1_E_01","BB","L","E",1.38629436111989,"2022–2026"
2026,1,"BB_L_1__01","BB","L","0",0.693147180559945,"2022–2026"
2026,5,"BB_L_1__02","BB","L","0",1.79175946922805,"2022–2026"
2026,1,"BB_L_1__03","BB","L","0",0.693147180559945,"2022–2026"
2026,4,"BB_L_1__04","BB","L","0",1.6094379124341,"2022–2026"
2026,1,"BB_L_1__05","BB","L","0",0.693147180559945,"2022–2026"
2026,0,"BB_L_1__06","BB","L","0",0,"2022–2026"
2026,2,"BB_L_1__07","BB","L","0",1.09861228866811,"2022–2026"
2026,0,"BB_L_1__08","BB","L","0",0,"2022–2026"
2026,3,"BB_L_1__09","BB","L","0",1.38629436111989,"2022–2026"
2026,6,"BB_L_1__10","BB","L","0",1.94591014905531,"2022–2026"
2026,0,"BB_L_2__01","BB","L","0",0,"2022–2026"
2026,6,"BB_L_2__02","BB","L","0",1.94591014905531,"2022–2026"
2026,4,"BB_L_2__03","BB","L","0",1.6094379124341,"2022–2026"
2026,0,"BB_L_2__04","BB","L","0",0,"2022–2026"
2026,3,"BB_L_2__05","BB","L","0",1.38629436111989,"2022–2026"
2026,2,"FC_L_1__01","FC","L","0",1.09861228866811,"2022–2026"
2026,5,"FC_L_1__02","FC","L","0",1.79175946922805,"2022–2026"
2026,2,"FC_L_1__03","FC","L","0",1.09861228866811,"2022–2026"
2026,8,"FC_L_1__04","FC","L","0",2.19722457733622,"2022–2026"
2026,5,"FC_L_1__05","FC","L","0",1.79175946922805,"2022–2026"
2026,13,"FC_L_1__06","FC","L","0",2.63905732961526,"2022–2026"
2026,4,"FC_L_1__07","FC","L","0",1.6094379124341,"2022–2026"
2026,0,"FC_L_1__08","FC","L","0",0,"2022–2026"
2026,1,"FC_L_1__09","FC","L","0",0.693147180559945,"2022–2026"
2026,0,"FC_L_1__10","FC","L","0",0,"2022–2026"
2026,9,"FC_L_2__01","FC","L","0",2.30258509299405,"2022–2026"
2026,10,"FC_L_2__02","FC","L","0",2.39789527279837,"2022–2026"
2026,6,"FC_L_2__03","FC","L","0",1.94591014905531,"2022–2026"
2026,0,"RP_L_1__01","RP","L","0",0,"2022–2026"
2026,5,"RP_L_1__02","RP","L","0",1.79175946922805,"2022–2026"
2026,0,"RP_L_1__03","RP","L","0",0,"2022–2026"
2026,0,"RP_L_1__04","RP","L","0",0,"2022–2026"
2026,0,"RP_L_1__05","RP","L","0",0,"2022–2026"
2026,19,"RP_L_1__06","RP","L","0",2.99573227355399,"2022–2026"
2026,8,"RP_L_1__07","RP","L","0",2.19722457733622,"2022–2026"
2026,27,"RP_L_1__08","RP","L","0",3.3322045101752,"2022–2026"
2026,1,"RP_L_1__09","RP","L","0",0.693147180559945,"2022–2026"
2026,0,"RP_L_1__10","RP","L","0",0,"2022–2026"
2026,0,"RP_L_2__01","RP","L","0",0,"2022–2026"
2026,1,"SH_L_1__01","SH","L","0",0.693147180559945,"2022–2026"
2026,0,"SH_L_1__02","SH","L","0",0,"2022–2026"
2026,0,"SH_L_1__03","SH","L","0",0,"2022–2026"
2026,0,"SH_L_1__04","SH","L","0",0,"2022–2026"
2026,0,"SH_L_1__05","SH","L","0",0,"2022–2026"
2026,1,"SH_L_1__06","SH","L","0",0.693147180559945,"2022–2026"
2026,0,"SH_L_1__07","SH","L","0",0,"2022–2026"
2026,0,"SH_L_1__08","SH","L","0",0,"2022–2026"
2026,0,"SH_L_1__09","SH","L","0",0,"2022–2026"
2026,0,"SH_L_1__10","SH","L","0",0,"2022–2026"
2026,0,"SH_L_2__01","SH","L","0",0,"2022–2026"
2026,0,"SH_L_2__02","SH","L","0",0,"2022–2026"
2026,0,"SH_L_2__03","SH","L","0",0,"2022–2026"
2026,0,"SH_L_2__04","SH","L","0",0,"2022–2026"
2026,0,"SH_L_2__05","SH","L","0",0,"2022–2026"
2026,0,"SH_L_2__06","SH","L","0",0,"2022–2026"
2026,0,"SH_L_2__07","SH","L","0",0,"2022–2026"
2026,0,"SH_L_2__08","SH","L","0",0,"2022–2026"
2026,0,"SH_L_2__09","SH","L","0",0,"2022–2026"
2026,0,"SH_L_2__10","SH","L","0",0,"2022–2026"
2026,0,"SH_L_3__01","SH","L","0",0,"2022–2026"
2026,0,"SH_L_3__02","SH","L","0",0,"2022–2026"
2026,0,"SH_L_3__03","SH","L","0",0,"2022–2026"
2026,0,"SH_L_3__04","SH","L","0",0,"2022–2026"
2026,0,"SH_L_3__05","SH","L","0",0,"2022–2026"
2026,0,"SH_L_3__06","SH","L","0",0,"2022–2026"
2026,0,"SH_L_3__07","SH","L","0",0,"2022–2026"
2026,0,"SH_L_3__08","SH","L","0",0,"2022–2026"
2026,0,"SH_L_3__09","SH","L","0",0,"2022–2026"
2026,0,"SH_L_3__10","SH","L","0",0,"2022–2026"
2026,1,"YB_L_1__01","YB","L","0",0.693147180559945,"2022–2026"
2026,0,"YB_L_1__02","YB","L","0",0,"2022–2026"
2026,0,"YB_L_1__03","YB","L","0",0,"2022–2026"
2026,0,"YB_L_1__04","YB","L","0",0,"2022–2026"
2026,0,"YB_L_1__05","YB","L","0",0,"2022–2026"
2026,0,"YB_L_1__06","YB","L","0",0,"2022–2026"
2026,0,"YB_L_1__07","YB","L","0",0,"2022–2026"
2026,0,"YB_L_1__08","YB","L","0",0,"2022–2026"
2026,0,"YB_L_1__09","YB","L","0",0,"2022–2026"
2026,0,"YB_L_1__10","YB","L","0",0,"2022–2026"
2026,0,"YB_L_2__01","YB","L","0",0,"2022–2026"
2026,0,"YB_L_2__02","YB","L","0",0,"2022–2026"
2026,0,"YB_L_2__03","YB","L","0",0,"2022–2026"
2026,0,"YB_L_2__04","YB","L","0",0,"2022–2026"
2026,0,"YB_L_2__05","YB","L","0",0,"2022–2026"
2026,0,"YB_L_2__06","YB","L","0",0,"2022–2026"
2026,0,"YB_L_2__07","YB","L","0",0,"2022–2026"
2026,0,"YB_L_2__08","YB","L","0",0,"2022–2026"
