"Call_Number","SiteCode","Latitude","Longitude","Date","Year","Cape","Connectivity","Subhabitat","Transect","Quadrat","OldSubstrateType","New_Rugosity","New_Substrate","TotalUrchins","TotalAdultUrchins","PittedUrchins","CreviceUrchins","OpenUrchins","NonPit","Cryptic","JuvenileUrchins","PittedJuveniles","RecruitUrchins","RedUrchins","PercentPitted","PercentNonPitted","PercentCryptic","EmptyPits","PitsPresent","PercentOccupancy","UrchinSize1","UrchinSize2","UrchinSize3","UrchinSize4","UrchinSize5","MeanTest","AttachedRedDrift","AttachedBrownDrift","AttachedGreenDrift","Attached.PhyllospadixDrift","AttachedOtherDrift","TotalAttachedDrift","UrchinCover","AlgaeHoldfasts","UnderstoryAlgae","Emphemerals","PhyllospadixRhizomes","CorallineCrusts","RedBrownCrusts","SessileInverts","SandCobble","BareRock","AvailableBareRock","Egregia","Hedophyllum","Laminaria","Alaria","Mazzaella","Costaria","Phyllospadix","Nereocystis","Lessoniopsis","Fucus","Stephanocystis","Desmerestia","TotalCanopy","DriftPerUrchin"
"SB_2024_AZ_1_1","SB",43.3339,-124.3767,2024-05-26,2024,"CA","Unlikely","AZ",1,1,"FB","Flat","Bench",10,9,9,0,0,0,9,1,NA,NA,0,100,0,90,1,11,81.8181818181818,NA,NA,NA,NA,NA,NA,NA,NA,NA,NA,NA,NA,2,3,93,0,0,1,0,0,0,3,1,0,18,0,2,10,0,0,0,0,0,0,0,30,NA
"SB_2024_AZ_1_2","SB",43.3339,-124.3767,2024-05-26,2024,"CA","Unlikely","AZ",1,2,"FB","Flat","Bench",29,28,28,0,0,0,28,1,NA,NA,0,100,0,96.551724137931,2,31,90.3225806451613,NA,NA,NA,NA,NA,NA,NA,NA,NA,NA,NA,NA,22,0,60,6,0,4,0,0,0,31,9,0,0,0,0,9,0,0,0,0,0,0,0,9,NA
"SB_2024_AZ_1_3","SB",43.3339,-124.3767,2024-05-26,2024,"CA","Unlikely","AZ",1,3,"FB","Flat","Bench",0,0,0,0,0,0,0,0,NA,NA,0,NA,NA,NA,0,0,NA,NA,NA,NA,NA,NA,NA,NA,NA,NA,NA,NA,NA,0,3,95,2,0,0,0,0,0,0,0,13,11,0,0,53,0,0,0,0,0,0,0,84,NA
"SB_2024_AZ_1_4","SB",43.3339,-124.3767,2024-05-26,2024,"CA","Unlikely","AZ",1,4,"FB","Flat","Bench",0,0,0,0,0,0,0,0,NA,NA,0,NA,NA,NA,1,1,0,NA,NA,NA,NA,NA,NA,NA,NA,NA,NA,NA,NA,0,3,87,10,0,0,0,0,0,0,0,3,17,0,0,27,0,0,0,0,0,0,0,47,NA
"SB_2024_AZ_1_5","SB",43.3339,-124.3767,2024-05-26,2024,"CA","Unlikely","AZ",1,5,"FB","Flat","Bench",0,0,0,0,0,0,0,0,NA,NA,0,NA,NA,NA,0,0,NA,NA,NA,NA,NA,NA,NA,NA,NA,NA,NA,NA,NA,0,2,67,19,0,0,4,1,2,5,5,0,6,0,0,5,0,0,0,0,0,0,0,13,NA
"SB_2024_AZ_2_1","SB",43.3339,-124.3767,2024-05-26,2024,"CA","Unlikely","AZ",2,1,"VB","Varied","Bench",5,5,5,0,0,0,5,0,NA,NA,0,100,0,100,6,7,71.4285714285714,NA,NA,NA,NA,NA,NA,NA,NA,NA,NA,NA,NA,NA,2,87,0,0,3,0,0,1,7,7,0,4,0,0,46,0,0,0,0,0,0,0,50,NA
"SB_2024_AZ_2_2","SB",43.3339,-124.3767,2024-05-26,2024,"CA","Unlikely","AZ",2,2,"VB","Varied","Bench",25,25,25,0,0,0,25,0,NA,NA,0,100,0,100,4,30,83.3333333333333,NA,NA,NA,NA,NA,NA,NA,NA,NA,NA,NA,NA,16,0,33,0,0,17,1,1,0,48,32,14,0,0,0,11,0,0,0,0,0,0,0,25,NA
"SB_2024_AZ_2_3","SB",43.3339,-124.3767,2024-05-26,2024,"CA","Unlikely","AZ",2,3,"VB","Varied","Bench",11,11,11,0,0,0,11,0,NA,NA,0,100,0,100,4,15,73.3333333333333,NA,NA,NA,NA,NA,NA,NA,NA,NA,NA,NA,NA,NA,7,68,0,0,9,2,0,0,14,14,5,13,0,0,15,0,0,0,0,0,0,0,33,NA
"SB_2024_AZ_2_4","SB",43.3339,-124.3767,2024-05-26,2024,"CA","Unlikely","AZ",2,4,"VB","Varied","Bench",15,15,15,0,0,0,15,0,NA,NA,0,100,0,100,10,26,57.6923076923077,NA,NA,NA,NA,NA,NA,NA,NA,NA,NA,NA,NA,NA,4,46,0,0,17,4,1,1,27,27,17,21,0,0,13,0,0,0,0,0,0,0,51,NA
"SB_2024_AZ_2_5","SB",43.3339,-124.3767,2024-05-26,2024,"CA","Unlikely","AZ",2,5,"VB","Varied","Bench",10,10,10,0,0,0,10,0,NA,NA,0,100,0,100,5,15,66.6666666666667,NA,NA,NA,NA,NA,NA,NA,NA,NA,NA,NA,NA,NA,10,59,0,0,6,6,1,0,18,18,0,20,0,0,5,0,0,0,0,0,0,0,25,NA
"SB_2024_UPZ_1_1","SB",43.3339,-124.3767,2024-05-26,2024,"CA","Unlikely","UPZ",1,1,"FB","Flat","Bench",64,62,62,0,0,0,62,2,NA,NA,0,100,0,96.875,28,54,114.814814814815,5.6,3.1,4.2,3.9,3.8,4.12,1,0,1,2,0,4,55,0,11,0,0,13,1,0,0,75,20,0,0,0,1,3,1,0,0,0,0,0,0,5,0.0645161290322581
"SB_2024_UPZ_1_2","SB",43.3339,-124.3767,2024-05-26,2024,"CA","Unlikely","UPZ",1,2,"VB","Varied","Bench",60,59,59,0,0,0,59,1,NA,NA,0,100,0,98.3333333333333,5,64,92.1875,3,3,4.2,3.7,5.3,3.84,1,0,0,0.5,1,3,50,0,25,1,0,4,0,1,1,68,18,0,0,0,0,2,1,0,0,0,0,0,0,3,0.0508474576271186
"SB_2024_UPZ_1_3","SB",43.3339,-124.3767,2024-05-26,2024,"CA","Unlikely","UPZ",1,3,"FB","Flat","Bench",50,48,48,0,0,0,48,2,NA,NA,0,100,0,96,7,55,87.2727272727273,4.6,4.7,4,4.4,4.8,4.5,0,0,0,0.1,0,0,48,0,10,0,0,4,0,3,0,83,35,0,1,0,0,0,0,0,0,0,0,0,0,1,0
"SB_2024_UPZ_1_4","SB",43.3339,-124.3767,2024-05-26,2024,"CA","Unlikely","UPZ",1,4,"FB","Flat","Bench",56,53,53,0,0,0,53,3,NA,NA,0,100,0,94.6428571428571,12,67,79.1044776119403,3.6,4.3,4.6,3.4,4,3.98,0,0,0,1,0,1,50,0,10,0,0,2,0,0,0,88,38,0,2,0,0,0,0,0,0,0,0,0,0,2,0.0188679245283019
"SB_2024_UPZ_1_5","SB",43.3339,-124.3767,2024-05-26,2024,"CA","Unlikely","UPZ",1,5,"VB","Varied","Bench",48,44,44,0,0,0,44,4,NA,NA,0,100,0,91.6666666666667,8,71,61.9718309859155,4,3.7,3.3,3.7,3.4,3.62,0,1,0,2,0,3,40,0,22,2,0,13,2,0,0,61,NA,0,5,0,0,5,0,0,0,0,0,0,0,10,0.0681818181818182
"SB_2024_UPZ_2_1","SB",43.3339,-124.3767,2024-05-26,2024,"CA","Unlikely","UPZ",2,1,"FB","Flat","Bench",57,55,55,0,0,0,55,2,NA,NA,0,100,0,96.4912280701754,3,55,100,5.1,4.2,3.8,4,4.2,4.26,1,0,0,1,0,2,50,0,7,2,0,21,3,0,0,67,27,0,0,0,0,2,1,0,0,0,0,0,0,3,0.0363636363636364
"SB_2024_UPZ_2_2","SB",43.3339,-124.3767,2024-05-26,2024,"CA","Unlikely","UPZ",2,2,"VB","Varied","Bench",35,34,33,0,1,1,33,1,NA,NA,0,97.0588235294118,2.94117647058824,94.2857142857143,1,34,97.0588235294118,3.7,4,4.1,5.4,2.2,3.88,0,0,0,0,1,1,28,2,32,0,0,6,0,0,0,60,32,0,19,0,0,9,0,0,0,0,0,0,0,28,0.0294117647058824
"SB_2024_UPZ_2_3","SB",43.3339,-124.3767,2024-05-26,2024,"CA","Unlikely","UPZ",2,3,"FB","Flat","Bench",63,61,61,0,0,0,61,2,NA,NA,0,100,0,96.8253968253968,10,71,85.9154929577465,4.2,4,4.4,4.1,3.8,4.1,0,0,0,1,0,1,55,0,8,1,0,20,1,7,0,63,8,2,0,0,0,2,0,0,0,0,0,0,0,4,0.0163934426229508
"SB_2024_UPZ_2_5","SB",43.3339,-124.3767,2024-05-26,2024,"CA","Unlikely","UPZ",2,5,"FB","Flat","Bench",44,44,44,0,0,0,44,0,NA,NA,0,100,0,100,7,51,86.2745098039216,3.5,3.4,3.4,3.8,3.4,3.5,0,1,0,1,0,2,25,0,61,3,0,10,2,2,0,22,0,0,0,0,0,4,0,0,0,0,0,0,0,9,0.0454545454545455
"SB_2024_NPZ_1_1","SB",43.3339,-124.3767,2024-05-26,2024,"CA","Unlikely","NPZ",1,1,"WB","Wall","Bench",3,3,3,0,0,0,3,0,NA,NA,0,100,0,100,0,3,100,4.7,4.2,3.5,4.5,3.8,4.14,0,0,0,0.1,0,0,2,5,87,6,0,0.1,0,0,0,2,0,0,8,0,15,3,10,0,0,0,0,4,0,40,0
"SB_2024_NPZ_1_2","SB",43.3339,-124.3767,2024-05-26,2024,"CA","Unlikely","NPZ",1,2,"WB","Wall","Bench",28,26,26,0,0,0,26,2,NA,NA,0,100,0,92.8571428571429,4,30,86.6666666666667,5.9,5.4,7.1,5.4,2.7,5.3,0,2,0,1,0,3,16,1,27,1,0,5,0,0,0,20,4,11,0,0,5,2,5,0,2,0,0,0,0,25,0.115384615384615
"SB_2024_NPZ_1_3","SB",43.3339,-124.3767,2024-05-26,2024,"CA","Unlikely","NPZ",1,3,"VB","Varied","Bench",43,40,29,2,9,11,31,3,NA,NA,0,72.5,27.5,72.093023255814,2,31,93.5483870967742,4.2,5.6,4.6,5.7,5.5,5.12,0,0,0,1,0,1,41,1,2,5,0,7,1,0,0,84,43,0,0,0,0,0,1,0,0,0,0,0,0,1,0.025
"SB_2024_NPZ_1_4","SB",43.3339,-124.3767,2024-05-26,2024,"CA","Unlikely","NPZ",1,4,"DB",NA,NA,7,6,1,5,0,5,6,1,NA,NA,0,16.6666666666667,83.3333333333333,85.7142857142857,9,10,10,1.9,2.8,4,3.8,3.3,3.16,0,0,0,0,0,0,2,0,80,1,0,3,0,0,0,16,14,4,6,0,0,9,0,0,0,0,0,0,0,19,0
"SB_2024_NPZ_1_5","SB",43.3339,-124.3767,2024-05-26,2024,"CA","Unlikely","NPZ",1,5,"WB","Wall","Bench",27,26,21,4,1,5,25,1,NA,NA,0,80.7692307692308,19.2307692307692,92.5925925925926,1,22,95.4545454545455,4.6,5.4,3.8,4.1,3.6,4.3,0,0,0,1,0,1,21,0,5,0,0,13,2,0,0,80,59,12,0,0,7,2,0,0,0,0,0,0,0,21,0.0384615384615385
"SB_2024_NPZ_2_1","SB",43.3339,-124.3767,2024-05-26,2024,"CA","Unlikely","NPZ",2,1,"VB","Varied","Bench",63,57,53,4,0,4,57,6,NA,NA,0,92.9824561403509,7.01754385964912,90.4761904761905,1,54,98.1481481481482,4.2,5.3,4.2,4.5,3.5,4.34,0,0,0,0,0,0,NA,0,16,0,0,14,1,0,0,69,69,0,0,0,0,0,0,1,0,0,0,0,0,1,0
"SB_2024_NPZ_2_2","SB",43.3339,-124.3767,2024-05-26,2024,"CA","Unlikely","NPZ",2,2,"VB","Varied","Bench",30,29,27,0,2,2,27,1,NA,NA,0,93.1034482758621,6.89655172413793,90,0,27,100,3.2,3.3,4.3,3.5,5.2,3.9,0,0,0,0,0,0,NA,1,21,4,0,8,0,0,0,66,66,0,0,0,0,0,8,0,0,0,0,0,0,8,0
"SB_2024_NPZ_2_3","SB",43.3339,-124.3767,2024-05-26,2024,"CA","Unlikely","NPZ",2,3,"VB","Varied","Bench",21,21,20,0,1,1,20,0,NA,NA,0,95.2380952380952,4.76190476190476,95.2380952380952,0,20,100,3,4,4.6,3.6,4.4,3.92,1,0,0,1,0,2,NA,0,36,2,0,7,1,5,0,49,49,0,0,0,0,3,0,0,0,0,0,0,0,3,0.0952380952380952
"SB_2024_NPZ_2_4","SB",43.3339,-124.3767,2024-05-26,2024,"CA","Unlikely","NPZ",2,4,"VB","Varied","Bench",31,31,26,5,0,5,31,0,NA,NA,0,83.8709677419355,16.1290322580645,100,2,28,92.8571428571429,5.4,6.1,5.7,5.6,6.3,5.82,0,0,0,2,0,2,NA,0,14,0,0,14,0,0,0,72,72,0,0,0,0,0,0,0,0,0,0,0,0,0,0.0645161290322581
"SB_2024_NPZ_2_5","SB",43.3339,-124.3767,2024-05-26,2024,"CA","Unlikely","NPZ",2,5,"VB","Varied","Bench",48,46,46,0,0,0,46,2,NA,NA,0,100,0,95.8333333333333,3,49,93.8775510204082,3.5,4.4,3.4,3.9,4,3.84,0,0,0,1,0,1,NA,0,0,20,0,8,0,0,0,72,72,0,0,0,0,0,0,0,0,0,0,0,0,0,0.0217391304347826
"YB_2024_AZ_1_1","YB",44.3114,-124.1086,2024-05-25,2024,"CP","Extremely Unlikely","AZ",1,1,"FD","Flat","Boulder",0,0,0,0,0,0,0,0,NA,NA,0,NA,NA,NA,0,0,NA,NA,NA,NA,NA,NA,NA,NA,NA,NA,NA,NA,NA,0,1,0,0,50,7,2,0,4,36,36,0,0,0,0,0,0,88,0,0,0,0,0,88,NA
"YB_2024_AZ_1_2","YB",44.3114,-124.1086,2024-05-25,2024,"CP","Extremely Unlikely","AZ",1,2,"FD","Flat","Boulder",0,0,0,0,0,0,0,0,NA,NA,0,NA,NA,NA,0,0,NA,NA,NA,NA,NA,NA,NA,NA,NA,NA,NA,NA,NA,0,7,28,0,0,9,3,5,0,48,48,0,26,0,0,0,0,0,0,0,0,0,0,26,NA
"YB_2024_AZ_1_3","YB",44.3114,-124.1086,2024-05-25,2024,"CP","Extremely Unlikely","AZ",1,3,"FD","Flat","Boulder",0,0,0,0,0,0,0,0,NA,NA,0,NA,NA,NA,0,0,NA,NA,NA,NA,NA,NA,NA,NA,NA,NA,NA,NA,NA,0,11,7,0,0,15,1,1,0,65,65,1,0,0,0,0,0,0,0,0,0,0,0,1,NA
"YB_2024_AZ_1_4","YB",44.3114,-124.1086,2024-05-25,2024,"CP","Extremely Unlikely","AZ",1,4,"VD","Varied","Boulder",0,0,0,0,0,0,0,0,NA,NA,0,NA,NA,NA,0,0,NA,NA,NA,NA,NA,NA,NA,NA,NA,NA,NA,NA,NA,0,8,30,0,0,4,0,0.1,0,58,58,0,0,25,24,2,0,0,0,0,0,0,0,51,NA
"YB_2024_AZ_1_5","YB",44.3114,-124.1086,2024-05-25,2024,"CP","Extremely Unlikely","AZ",1,5,"FD","Flat","Boulder",0,0,0,0,0,0,0,0,NA,NA,0,NA,NA,NA,0,0,NA,NA,NA,NA,NA,NA,NA,NA,NA,NA,NA,NA,NA,0,3,86,0,5,1,0,1,1,3,3,0,0,0,0,0,0,0,0,0,0,0,0,0,NA
"YB_2024_AZ_2_1","YB",44.3114,-124.1086,2024-05-25,2024,"CP","Extremely Unlikely","AZ",2,1,"FD","Flat","Boulder",0,0,0,0,0,0,0,0,NA,NA,0,NA,NA,NA,0,0,NA,NA,NA,NA,NA,NA,NA,NA,NA,NA,NA,NA,NA,0,7,84,0,0,7,0,0,0,2,2,0,0,0,0,0,0,0,0,0,0,0,0,0,NA
"YB_2024_AZ_2_2","YB",44.3114,-124.1086,2024-05-25,2024,"CP","Extremely Unlikely","AZ",2,2,"FD","Flat","Boulder",0,0,0,0,0,0,0,0,NA,NA,0,NA,NA,NA,0,0,NA,NA,NA,NA,NA,NA,NA,NA,NA,NA,NA,NA,NA,0,7,25,0,0,6,2,0,0,60,60,0,30,0,0,0,0,0,0,0,0,0,0,30,NA
"YB_2024_AZ_2_3","YB",44.3114,-124.1086,2024-05-25,2024,"CP","Extremely Unlikely","AZ",2,3,"FD","Flat","Boulder",0,0,0,0,0,0,0,0,NA,NA,0,NA,NA,NA,0,0,NA,NA,NA,NA,NA,NA,NA,NA,NA,NA,NA,NA,NA,0,5,80,0,0,0,3,1,0,11,11,24,20,0,6,8,0,0,0,0,0,0,0,58,NA
"YB_2024_AZ_2_4","YB",44.3114,-124.1086,2024-05-25,2024,"CP","Extremely Unlikely","AZ",2,4,"FD","Flat","Boulder",0,0,0,0,0,0,0,0,NA,NA,0,NA,NA,NA,2,2,0,NA,NA,NA,NA,NA,NA,NA,NA,NA,NA,NA,NA,0,16,22,0,0,5,2,2,4,49,49,0,0,0,94,0,0,0,0,0,0,0,0,94,NA
"YB_2024_AZ_2_5","YB",44.3114,-124.1086,2024-05-25,2024,"CP","Extremely Unlikely","AZ",2,5,"FD","Flat","Boulder",0,0,0,0,0,0,0,0,NA,NA,0,NA,NA,NA,0,0,NA,NA,NA,NA,NA,NA,NA,NA,NA,NA,NA,NA,NA,0,12,4,0,0,11,11,2,2,58,58,6,0,0,52,0,0,0,0,0,0,0,0,58,NA
"YB_2024_UPZ_1_1","YB",44.3114,-124.1086,2024-08-05,2024,"CP","Extremely Unlikely","UPZ",1,1,"FB","Flat","Bench",0,0,0,0,0,0,0,0,NA,NA,0,NA,NA,NA,0,0,NA,NA,NA,NA,NA,NA,NA,0,0,0,0,0,0,0,0,37,0,0,1,5,19,2,36,36,0,0,0,0,0,0,0,0,0,0,0,0,0,NA
"YB_2024_UPZ_1_2","YB",44.3114,-124.1086,2024-08-05,2024,"CP","Extremely Unlikely","UPZ",1,2,"FB","Flat","Bench",1,1,1,0,0,0,1,0,NA,NA,0,100,0,100,0,0,Inf,3.4,NA,NA,NA,NA,NA,0,0,0,0,0,0,NA,0.1,30,0,0,2,0.1,66,0,2,2,0,1,0,0,16,0,0,0,0,0,0,0,17,0
"YB_2024_UPZ_1_3","YB",44.3114,-124.1086,2024-08-05,2024,"CP","Extremely Unlikely","UPZ",1,3,"FB","Flat","Bench",0,0,0,0,0,0,0,0,NA,NA,0,NA,NA,NA,0,0,NA,NA,NA,NA,NA,NA,NA,0,0,0,0,0,0,0,1,40,0,0,3,1,53,1,1,1,0,7,0,0,8,0,0,0,0,0,0,0,15,NA
"YB_2024_UPZ_1_4","YB",44.3114,-124.1086,2024-08-05,2024,"CP","Extremely Unlikely","UPZ",1,4,"FB","Flat","Bench",0,0,0,0,0,0,0,0,NA,NA,0,NA,NA,NA,0,0,NA,NA,NA,NA,NA,NA,NA,0,0,0,0,0,0,0,0.1,11,0,0,0,2,86,0,1,1,0,0,0,2,0,0,0,0,0,0,0,0,2,NA
"YB_2024_UPZ_1_5","YB",44.3114,-124.1086,2024-08-05,2024,"CP","Extremely Unlikely","UPZ",1,5,"FB","Flat","Bench",0,0,0,0,0,0,0,0,NA,NA,0,NA,NA,NA,0,0,NA,NA,NA,NA,NA,NA,NA,0,0,0,0,0,0,0,0,36,0,0,4,4,10,0,46,46,0,0,0,0,0,0,0,0,0,0,0,0,0,NA
"YB_2024_UPZ_2_1","YB",44.3114,-124.1086,2024-08-05,2024,"CP","Extremely Unlikely","UPZ",2,1,"VB","Varied","Bench",11,11,4,6,1,7,10,0,NA,NA,0,36.3636363636364,63.6363636363636,90.9090909090909,0,0,Inf,3.766,4.503,4.212,4.057,4.778,4.2632,0,0,1,0,0,1,9,0,6,1,0,7,9,32,0,45,36,0,0,0,0,12,0,0,0,0,0,0,0,12,0.0909090909090909
"YB_2024_UPZ_2_2","YB",44.3114,-124.1086,2024-08-05,2024,"CP","Extremely Unlikely","UPZ",2,2,"WB","Wall","Bench",5,5,3,2,0,2,5,0,NA,NA,0,60,40,100,0,0,Inf,3.701,NA,NA,NA,NA,NA,1,0,0,0,0,1,4,0,10,0,0,62,2,19,0.1,7,3,0,0,0,0,0,0,0,0,0,0,0,0,0,0.2
"YB_2024_UPZ_2_3","YB",44.3114,-124.1086,2024-08-05,2024,"CP","Extremely Unlikely","UPZ",2,3,"FD","Flat","Boulder",1,1,0,1,0,1,1,0,NA,NA,0,0,100,100,0,0,NA,5.5,NA,NA,NA,NA,NA,2,0,0,0,0,2,1,0,9,0,0,40,4,38,0,9,8,0,0,0,0,16,0,0,0,0,0,0,0,16,2
"YB_2024_UPZ_2_4","YB",44.3114,-124.1086,2024-08-05,2024,"CP","Extremely Unlikely","UPZ",2,4,"FD","Flat","Boulder",0,0,0,0,0,0,0,0,NA,NA,0,NA,NA,NA,0,0,NA,NA,NA,NA,NA,NA,NA,0,0,0,0,0,0,0,0,10,0,0,7,3,19,0,61,61,0,0,0,0,8,0,0,0,0,0,0,0,8,NA
"YB_2024_UPZ_2_5","YB",44.3114,-124.1086,2024-08-05,2024,"CP","Extremely Unlikely","UPZ",2,5,"FD","Flat","Boulder",0,0,0,0,0,0,0,0,NA,NA,0,NA,NA,NA,0,0,NA,NA,NA,NA,NA,NA,NA,0,0,0,0,0,0,0,0,7,0,0,7,6,27,0.1,53,53,0,0,0,0,1,0,0,0,0,0,0,0,1,NA
"SH_2024_UPZ_2_1","SH",44.24923,-124.1154,2024-07-09,2024,"CP","Extremely Unlikely","UPZ",2,1,"FB","Flat","Bench",4,4,3,0,1,1,3,0,NA,NA,0,75,25,75,0,5,60,2.284,NA,NA,NA,NA,NA,0,0,0,0,0,0,NA,0,6,0,0,4,0,85,1,4,4,0,0,0,0,14,0,0,0,0,0,0,0,14,0
"SH_2024_UPZ_2_2","SH",44.24923,-124.1154,2024-07-09,2024,"CP","Extremely Unlikely","UPZ",2,2,"VB","Varied","Bench",1,1,1,0,0,0,1,0,NA,NA,0,100,0,100,1,3,33.3333333333333,NA,NA,NA,NA,NA,NA,0,0,0,0,0,0,NA,0,11,2,0,1,0,85,1,0.1,0,0,0,0,4,13,0,0,0,0,0,0,0,17,0
"SH_2024_UPZ_2_3","SH",44.24923,-124.1154,2024-07-09,2024,"CP","Extremely Unlikely","UPZ",2,3,"VB","Varied","Bench",7,7,1,3,3,6,4,0,NA,NA,0,14.2857142857143,85.7142857142857,57.1428571428571,1,5,20,NA,NA,NA,NA,NA,NA,0,0,0,0,0,0,NA,0,6,0,0,1,0,91,0,2,2,0,0,0,1,4,0,0,0,0,0,0,0,5,0
"SH_2024_UPZ_2_4","SH",44.24923,-124.1154,2024-07-09,2024,"CP","Extremely Unlikely","UPZ",2,4,"VB","Varied","Bench",0,0,0,0,0,0,0,0,NA,NA,0,NA,NA,NA,2,2,0,NA,NA,NA,NA,NA,NA,0,0,0,0,0,0,0,0,4,1,0,1,0,93,0,1,1,0,2,0,0,14,0,0,0,0,0,0,0,16,NA
"SH_2024_UPZ_2_5","SH",44.24923,-124.1154,2024-07-09,2024,"CP","Extremely Unlikely","UPZ",2,5,"VB","Varied","Bench",0,0,0,0,0,0,0,0,NA,NA,0,NA,NA,NA,1,1,0,NA,NA,NA,NA,NA,NA,0,0,0,0,0,0,0,0,14,0.1,0,14,0,67,0,5,5,0,0,0,0,15,0,0,0,2,0,0,0,17,NA
"SH_2024_AZ_1_1","SH",44.24923,-124.1154,2024-06-23,2024,"CP","Extremely Unlikely","AZ",1,1,"VB","Varied","Bench",0,0,0,0,0,0,0,0,NA,NA,0,NA,NA,NA,0,0,NA,NA,NA,NA,NA,NA,NA,NA,NA,NA,NA,NA,NA,0,7,70,0,4,1,0,1,14,3,3,0,0,0,0,6,0,31,0,60,0,0,0,97,NA
"SH_2024_AZ_1_2","SH",44.24923,-124.1154,2024-06-23,2024,"CP","Extremely Unlikely","AZ",1,2,"VB","Varied","Bench",0,0,0,0,0,0,0,0,NA,NA,0,NA,NA,NA,0,0,NA,NA,NA,NA,NA,NA,NA,NA,NA,NA,NA,NA,NA,0,11,80,0,0,1,1,4,3,0,0,0,0,0,0,0,0,0,0,86,0,0,0,86,NA
"SH_2024_AZ_1_3","SH",44.24923,-124.1154,2024-06-23,2024,"CP","Extremely Unlikely","AZ",1,3,"VB","Varied","Bench",0,0,0,0,0,0,0,0,NA,NA,0,NA,NA,NA,1,1,0,NA,NA,NA,NA,NA,NA,NA,NA,NA,NA,NA,NA,0,71,10,0,1,5,4,7,1,1,1,0,0,0,0,0,0,0,0,90,0,0,0,90,NA
"SH_2024_AZ_1_4","SH",44.24923,-124.1154,2024-06-23,2024,"CP","Extremely Unlikely","AZ",1,4,"VB","Varied","Bench",0,0,0,0,0,0,0,0,NA,NA,0,NA,NA,NA,5,5,0,NA,NA,NA,NA,NA,NA,NA,NA,NA,NA,NA,NA,0,10,71,0,1,8,2,4,3,1,1,0,0,0,0,0,0,0,0,96,0,0,0,96,NA
"SH_2024_AZ_1_5","SH",44.24923,-124.1154,2024-06-23,2024,"CP","Extremely Unlikely","AZ",1,5,"VB","Varied","Bench",0,0,0,0,0,0,0,0,NA,NA,0,NA,NA,NA,0,0,NA,NA,NA,NA,NA,NA,NA,NA,NA,NA,NA,NA,NA,0,5,72,0,0,0,0,0,23,0,0,0,0,0,0,0,0,0,0,100,0,0,0,100,NA
"SH_2024_AZ_2_1","SH",44.24923,-124.1154,2024-06-23,2024,"CP","Extremely Unlikely","AZ",2,1,"VB","Varied","Bench",0,0,0,0,0,0,0,0,NA,NA,0,NA,NA,NA,0,0,NA,NA,NA,NA,NA,NA,NA,NA,NA,NA,NA,NA,NA,0,7,75,0,0,1,6,0,11,0,0,0,0,0,0,36,0,0,0,60,0,0,0,96,NA
"SH_2024_AZ_2_2","SH",44.24923,-124.1154,2024-06-23,2024,"CP","Extremely Unlikely","AZ",2,2,"VB","Varied","Bench",0,0,0,0,0,0,0,0,NA,NA,0,NA,NA,NA,0,0,NA,NA,NA,NA,NA,NA,NA,NA,NA,NA,NA,NA,NA,0,2,80,1,0,2,8,1,5,1,1,14,25,0,0,40,0,0,0,0,0,0,0,79,NA
"SH_2024_AZ_2_3","SH",44.24923,-124.1154,2024-06-23,2024,"CP","Extremely Unlikely","AZ",2,3,"VB","Varied","Bench",0,0,0,0,0,0,0,0,NA,NA,0,NA,NA,NA,0,0,NA,NA,NA,NA,NA,NA,NA,NA,NA,NA,NA,NA,NA,0,4,24,0,0,1,4,2,0,65,65,0,18,0,0,50,0,0,0,0,0,0,0,68,NA
"SH_2024_AZ_2_4","SH",44.24923,-124.1154,2024-06-23,2024,"CP","Extremely Unlikely","AZ",2,4,"VB","Varied","Bench",0,0,0,0,0,0,0,0,NA,NA,0,NA,NA,NA,0,0,NA,NA,NA,NA,NA,NA,NA,NA,NA,NA,NA,NA,NA,0,1,6,0,8,2,5,6,0,72,72,0,5,0,0,0,0,28,0,0,0,0,0,33,NA
"SH_2024_AZ_2_5","SH",44.24923,-124.1154,2024-06-23,2024,"CP","Extremely Unlikely","AZ",2,5,"VB","Varied","Bench",0,0,0,0,0,0,0,0,NA,NA,0,NA,NA,NA,0,0,NA,NA,NA,NA,NA,NA,NA,NA,NA,NA,NA,NA,NA,0,1,8,0,9,10,1,2,0,69,69,0,24,0,0,0,0,32,0,0,0,0,0,56,NA
"SH_2024_UPZ_1_1","SH",44.24923,-124.1154,2024-06-23,2024,"CP","Extremely Unlikely","UPZ",1,1,"FB","Flat","Bench",0,0,0,0,0,0,0,0,NA,NA,0,NA,NA,NA,2,2,0,NA,NA,NA,NA,NA,NA,0,0,0,0,0,0,0,1,72,0,0,2,5,20,0,0,0,0,5,0,0,3,0,0,0,0,0,0,0,8,NA
"SH_2024_UPZ_1_2","SH",44.24923,-124.1154,2024-06-23,2024,"CP","Extremely Unlikely","UPZ",1,2,"VB","Varied","Bench",9,9,9,0,0,0,9,0,NA,NA,0,100,0,100,0,9,100,NA,NA,NA,NA,NA,NA,0,0,0,0,0,0,NA,0,71,0,0,3,2,24,0,0,0,0,0,0,0,1,0,0,0,0,0,0,0,1,0
"SH_2024_UPZ_1_3","SH",44.24923,-124.1154,2024-06-23,2024,"CP","Extremely Unlikely","UPZ",1,3,"VB","Varied","Bench",3,3,3,0,0,0,3,0,NA,NA,0,100,0,100,0,3,100,3.7,3.7,NA,NA,NA,NA,0,1,0,0,1,2,1,0.1,84,0,0,2,0,14,0,0,0,0,0,0,0,8,0,0,0,1,0,0,0,9,0.666666666666667
"SH_2024_UPZ_1_4","SH",44.24923,-124.1154,2024-06-23,2024,"CP","Extremely Unlikely","UPZ",1,4,"FB","Flat","Bench",0,0,0,0,0,0,0,0,NA,NA,0,NA,NA,NA,0,0,NA,NA,NA,NA,NA,NA,NA,1,0,0,0,1,2,0,3,32,0,8,1,0,53,1,2,2,0,0,0,0,0,0,15,0,36,0,0,0,51,Inf
"SH_2025_UPZ_1_5","SH",44.24923,-124.1154,2024-06-23,2025,"CP","Extremely Unlikely","UPZ",1,5,"FB","Flat","Bench",0,0,0,0,0,0,0,0,NA,NA,0,NA,NA,NA,0,0,NA,NA,NA,NA,NA,NA,NA,0,1,0,1,0,2,0,0,3,0,80,1,5,2,6,3,3,0,0,0,0,0,0,100,0,0,0,0,0,100,Inf
"SC_2024_AZ_1_1","SC",43.3032,-124.3974,2024-06-24,2024,"CA","Susceptible","AZ",1,1,"FB","Flat","Bench",0,0,0,0,0,0,0,0,NA,NA,0,NA,NA,NA,4,4,0,NA,NA,NA,NA,NA,NA,NA,NA,NA,NA,NA,NA,0,0.1,63,19,1,4,1,0,12,0,0,0,0,0,0,11,0,2,0,0,0,0,0,13,NA
"SC_2024_AZ_1_2","SC",43.3032,-124.3974,2024-06-24,2024,"CA","Susceptible","AZ",1,2,"FB","Flat","Bench",0,0,0,0,0,0,0,0,0,NA,0,NA,NA,NA,0,0,NA,NA,NA,NA,NA,NA,NA,NA,NA,NA,NA,NA,NA,0,8,57,10,0,4,2,0,16,3,3,96,0,0,0,0,0,0,0,0,0,0,0,96,NA
"SC_2024_AZ_1_3","SC",43.3032,-124.3974,2024-06-24,2024,"CA","Susceptible","AZ",1,3,"FB","Flat","Bench",0,0,0,0,0,0,0,0,0,NA,0,NA,NA,NA,0,0,NA,NA,NA,NA,NA,NA,NA,NA,NA,NA,NA,NA,NA,0,0,20,3,12,0,0,0,65,0,0,0,0,0,0,3,0,72,0,0,0,0,0,75,NA
"SC_2024_AZ_1_4","SC",43.3032,-124.3974,2024-06-24,2024,"CA","Susceptible","AZ",1,4,"FB","Flat","Bench",0,0,0,0,0,0,0,0,0,NA,0,NA,NA,NA,0,0,NA,NA,NA,NA,NA,NA,NA,NA,NA,NA,NA,NA,NA,0,0,12,11,24,2,0,0,51,0,0,0,0,0,0,10,0,41,0,0,0,0,0,51,NA
"SC_2024_AZ_1_5","SC",43.3032,-124.3974,2024-06-24,2024,"CA","Susceptible","AZ",1,5,"VB","Varied","Bench",0,0,0,0,0,0,0,0,0,NA,0,NA,NA,NA,0,0,NA,NA,NA,NA,NA,NA,NA,NA,NA,NA,NA,NA,NA,0,2,75,15,0,1,5,0,1,1,1,0,0,0,0,18,0,0,0,0,0,0,0,18,NA
"SC_2024_AZ_2_1","SC",43.3032,-124.3974,2024-06-24,2024,"CA","Susceptible","AZ",2,1,"FB","Flat","Bench",0,0,0,0,0,0,0,0,0,NA,0,NA,NA,NA,0,0,NA,NA,NA,NA,NA,NA,NA,NA,NA,NA,NA,NA,NA,0,0,78,0,0,2,2,3,3,12,12,0,0,0,0,25,0,0,0,0,0,0,0,25,NA
"SC_2024_AZ_2_2","SC",43.3032,-124.3974,2024-06-24,2024,"CA","Susceptible","AZ",2,2,"VB","Varied","Bench",2,2,2,0,0,0,2,0,0,NA,0,100,0,100,5,7,28.5714285714286,NA,NA,NA,NA,NA,NA,NA,NA,NA,NA,NA,NA,NA,0,84,0,0,9,3,1,1,2,2,0,0,0,0,36,0,0,0,0,0,0,0,36,NA
"SC_2024_AZ_2_3","SC",43.3032,-124.3974,2024-06-24,2024,"CA","Susceptible","AZ",2,3,"VB","Varied","Bench",0,0,0,0,0,0,0,0,0,NA,0,NA,NA,NA,0,0,NA,NA,NA,NA,NA,NA,NA,NA,NA,NA,NA,NA,NA,0,0,70,0,0,8,3,0,0,19,19,0,0,0,0,39,0,0,0,0,0,0,0,39,NA
"SC_2024_AZ_2_4","SC",43.3032,-124.3974,2024-06-24,2024,"CA","Susceptible","AZ",2,4,"FB","Flat","Bench",0,0,0,0,0,0,0,0,0,NA,0,NA,NA,NA,0,0,NA,NA,NA,NA,NA,NA,NA,NA,NA,NA,NA,NA,NA,0,0,91,0,0,1,2,0.1,0,6,6,0,0,0,0,36,0,0,0,0,0,0,0,36,NA
"SC_2024_AZ_2_5","SC",43.3032,-124.3974,2024-06-24,2024,"CA","Susceptible","AZ",2,5,"FB","Flat","Bench",0,0,0,0,0,0,0,0,0,NA,0,NA,NA,NA,3,3,0,NA,NA,NA,NA,NA,NA,NA,NA,NA,NA,NA,NA,0,0,88,0,0,8,2,0,0,2,2,0,0,0,0,80,0,0,0,0,0,0,0,80,NA
"SC_2024_UPZ_1_1","SC",43.3032,-124.3974,2024-06-24,2024,"CA","Susceptible","UPZ",1,1,"VB","Varied","Bench",66,61,58,0,3,3,58,5,1,NA,0,95.0819672131148,4.91803278688525,87.8787878787879,15,72,80.5555555555556,2.8,3.7,3,4,3.2,3.34,1,0,0,1,0,2,19,0,9,2,0,21,0,1,8,59,40,0,0,0,0,0.1,0,0,0,0,0,0,0,0.1,0.0327868852459016
"SC_2024_UPZ_1_2","SC",43.3032,-124.3974,2024-06-24,2024,"CA","Susceptible","UPZ",1,2,"FB","Flat","Bench",20,18,18,0,0,0,18,2,0,NA,0,100,0,90,11,29,62.0689655172414,3,4.5,4,3.3,3.9,3.74,1,0,0,1,0,2,13,0,8,0.1,0,10,0,1,81,0,0,0,0,0,0,0,0,0,0,0,0,0,0,0,0.111111111111111
"SC_2024_UPZ_1_3","SC",43.3032,-124.3974,2024-06-24,2024,"CA","Susceptible","UPZ",1,3,"FB","Flat","Bench",45,33,33,0,0,0,33,12,1,NA,0,100,0,73.3333333333333,21,54,61.1111111111111,4,4.4,2.9,3.3,4,3.72,2,1,0,3,0,6,37,0,0,0,0,17,0,0,13,70,33,0,0,0,0,0,0,0,0,0,0,0,0,0,0.181818181818182
"SC_2024_UPZ_1_4","SC",43.3032,-124.3974,2024-06-24,2024,"CA","Susceptible","UPZ",1,4,"FB","Flat","Bench",36,35,35,0,0,0,35,1,0,NA,0,100,0,97.2222222222222,1,36,97.2222222222222,4.8,3.3,3.8,4.1,3.2,3.84,2,0,0,3,0,5,23,0,7,4,0,4,0,2,13,70,47,0,0,0,0,0,0,0,0,0,0,0,0,0,0.142857142857143
"SC_2024_UPZ_1_5","SC",43.3032,-124.3974,2024-06-24,2024,"CA","Susceptible","UPZ",1,5,"VB","Varied","Bench",7,7,7,0,0,0,7,0,0,NA,0,100,0,100,13,20,35,3.2,3.7,4.4,4.8,4.1,4.04,1,0,1,1,0,3,5,0,20,12,0,6,2,0,14,46,41,0,0,0,0,0,0,0,0,0,0,0,0,0,0.428571428571429
"SC_2024_UPZ_2_1","SC",43.3032,-124.3974,2024-06-24,2024,"CA","Susceptible","UPZ",2,1,"VB","Varied","Bench",20,20,8,7,5,12,15,0,0,NA,0,40,60,75,5,13,61.5384615384615,3.6,4.2,3.4,4.5,4.3,4,NA,NA,NA,NA,NA,NA,NA,5,25,0,0,13,11,3,0,43,NA,0,7,0,0,0,0,0,0,0,0,0,0,7,NA
"SC_2024_UPZ_2_2","SC",43.3032,-124.3974,2024-06-24,2024,"CA","Susceptible","UPZ",2,2,"CC","Flat","Cobbles",14,14,1,9,4,13,10,0,NA,NA,0,7.14285714285714,92.8571428571429,71.4285714285714,1,2,50,5,4.6,3.4,3.7,3.4,4.02,1,0,1,0,0,2,8,1,50,0,0,1,0,0,0,48,40,0,0,0,6,0,0,0,0,0,0,0,0,6,0.142857142857143
"SC_2024_UPZ_2_3","SC",43.3032,-124.3974,2024-06-24,2024,"CA","Susceptible","UPZ",2,3,"FB","Flat","Bench",55,50,49,0,1,1,49,5,0,NA,0,98,2,89.0909090909091,2,52,94.2307692307692,4.2,3.8,5.3,3.7,4.1,4.22,1,0,0,3,0,4,3,0.1,37,0.1,0,12,0,1,0,50,47,0,0,0,2,4,0,0,0,0,0,0,0,6,0.08
"SC_2024_UPZ_2_4","SC",43.3032,-124.3974,2024-06-24,2024,"CA","Susceptible","UPZ",2,4,"FB","Flat","Bench",16,16,16,0,0,0,16,0,0,NA,0,100,0,100,2,18,88.8888888888889,4.6,4.9,4.1,4.1,5,4.54,0,1,0,0,0,1,9,0,44,2,0,12,2,1,0,39,30,0,0,0,0,0,0,0,0,0,0,0,0,0,0.0625
"SC_2024_UPZ_2_5","SC",43.3032,-124.3974,2024-06-24,2024,"CA","Susceptible","UPZ",2,5,"FB","Flat","Bench",23,21,21,0,0,0,21,2,0,NA,0,100,0,91.304347826087,2,23,91.304347826087,4.2,3.9,3.8,5,4.6,4.3,0,0,1,0,0,1,26,0,35,0,0,11,0,0,3,51,25,0,0,0,0,0,0,0,0,0,0,0,0,0,0.0476190476190476
"SC_2024_NPZ_1_1","SC",43.3032,-124.3974,2024-06-24,2024,"CA","Susceptible","NPZ",1,1,"VD","Varied","Boulder",23,21,0,21,0,21,21,2,0,NA,0,0,100,91.304347826087,0,0,NA,7.1,5.1,4.9,4.7,5.3,5.42,1,0,0,1,0,2,16,0,3,0,0,26,9,1,0,62,46,0,0,0,0,0,0,0,0,0,0,0,0,0,0.0952380952380952
"SC_2024_NPZ_1_2","SC",43.3032,-124.3974,2024-06-24,2024,"CA","Susceptible","NPZ",1,2,"VD","Varied","Boulder",15,15,14,1,0,1,15,0,0,NA,0,93.3333333333333,6.66666666666667,100,1,15,93.3333333333333,3.8,3.8,4.9,4,4.1,4.12,0,0,0,1,0,1,3,0,68,0,8,10,6,0,0,8,5,0,0,0,0,5,0,10,0,0,0,0,0,15,0.0666666666666667
"SC_2024_NPZ_1_3","SC",43.3032,-124.3974,2024-06-24,2024,"CA","Susceptible","NPZ",1,3,"VD","Varied","Boulder",61,56,16,2,38,40,18,5,1,NA,0,28.5714285714286,71.4285714285714,29.5081967213115,1,17,94.1176470588235,4.1,6.2,4.6,5.1,5.3,5.06,1,0,0,5,0,6,46,0,0,0,0,20,1,1,4,74,28,0,0,0,0,0,0,0,0,0,0,0,0,0,0.107142857142857
"SC_2024_NPZ_1_4","SC",43.3032,-124.3974,2024-06-24,2024,"CA","Susceptible","NPZ",1,4,"VD","Varied","Boulder",30,30,11,4,15,19,15,0,0,NA,0,36.6666666666667,63.3333333333333,50,2,13,84.6153846153846,6,5.2,4.7,4.6,5.7,5.24,1,0,0,5,0,6,32,0,0,0,0,15,6,1,5,73,41,0,0,0,0,0,0,0,0,0,0,0,0,0,0.2
"SC_2024_NPZ_1_5","SC",43.3032,-124.3974,2024-06-24,2024,"CA","Susceptible","NPZ",1,5,"VD","Varied","Boulder",17,17,8,7,2,9,15,0,0,NA,0,47.0588235294118,52.9411764705882,88.2352941176471,4,12,66.6666666666667,6.4,5.5,5.9,4.7,5.5,5.6,1,0,1,2,0,4,9,0,0,0,0,20,0.1,1,10,69,60,0,0,0,0,0,0,0,0,0,0,0,0,0,0.235294117647059
"SC_2024_NPZ_2_1","SC",43.3032,-124.3974,2024-06-24,2024,"CA","Susceptible","NPZ",2,1,"VD","Varied","Boulder",29,27,0,1,26,27,1,2,0,NA,0,0,100,3.44827586206897,0,0,NA,6.7,6.8,6.2,6.2,5.1,6.2,1,0,0,2,0,3,38,0,0,0,0,17,9,1,0.1,73,35,0,0,0,0,0,0,0,0,0,0,0,0,0,0.111111111111111
"SC_2024_NPZ_2_2","SC",43.3032,-124.3974,2024-06-24,2024,"CA","Susceptible","NPZ",2,2,"VD","Varied","Boulder",40,39,3,13,23,36,16,1,0,NA,0,7.69230769230769,92.3076923076923,40,4,7,42.8571428571429,6.3,5.4,5.6,4.6,5.8,5.54,0,0,0,2,0,2,28,0,0,0,0,15,8,0,7,70,42,0,0,0,0,0,0,0,0,0,0,0,0,0,0.0512820512820513
"SC_2024_NPZ_2_3","SC",43.3032,-124.3974,2024-06-24,2024,"CA","Susceptible","NPZ",2,3,"VD","Varied","Boulder",34,33,12,0,21,21,12,1,0,NA,0,36.3636363636364,63.6363636363636,35.2941176470588,0,12,100,4.2,3.9,4.4,4,5.1,4.32,2,0,0,0.5,0,3,30,0,0,0,0,11,8,0,1,80,50,0,0,0,0,0,0,0,0,0,0,0,0,0,0.0909090909090909
"SC_2024_NPZ_2_4","SC",43.3032,-124.3974,2024-06-24,2024,"CA","Susceptible","NPZ",2,4,"VD","Varied","Boulder",43,43,8,3,32,35,11,0,0,NA,0,18.6046511627907,81.3953488372093,25.5813953488372,3,11,72.7272727272727,4.7,4.9,3.9,4.7,4,4.44,2,1,0,1,0,4,31,0,0,0,0,23,4,0,10,63,32,0,0,0,0,0,0,0,0,0,0,0,0,0,0.0930232558139535
"SC_2024_NPZ_2_5","SC",43.3032,-124.3974,2024-06-24,2024,"CA","Susceptible","NPZ",2,5,"VD","Varied","Boulder",25,25,0,6,19,25,6,0,0,NA,0,0,100,24,0,0,NA,4.8,3.2,4.5,5.3,5,4.56,1,0,0,1,0,2,34,0,0,0,0,72,3,0,15,10,0,0,0,0,0,0,0,0,0,0,0,0,0,0,0.08
"CB_2024_AZ_1_1","CB",42.83969,-124.5651,2024-06-25,2024,"CB","Susceptible","AZ",1,1,"FB","Flat","Bench",0,0,0,0,0,0,0,0,0,NA,0,NA,NA,NA,0,0,NA,NA,NA,NA,NA,NA,NA,NA,NA,NA,NA,NA,NA,0,0,90,3,0,0,3,1,2,1,1,0,4,0,0,15,0,0,0,0,0,0,0,19,NA
"CB_2024_AZ_1_2","CB",42.83969,-124.5651,2024-06-25,2024,"CB","Susceptible","AZ",1,2,"FB","Flat","Bench",0,0,0,0,0,0,0,0,0,NA,0,NA,NA,NA,0,0,NA,NA,NA,NA,NA,NA,NA,NA,NA,NA,NA,NA,NA,0,4,89,4,0,1,2,0.1,0.1,0,0,37,2,0,0,42,0,0,0,0,0,0,0,81,NA
"CB_2024_AZ_1_3","CB",42.83969,-124.5651,2024-06-25,2024,"CB","Susceptible","AZ",1,3,"FB","Flat","Bench",0,0,0,0,0,0,0,0,0,NA,0,NA,NA,NA,0,0,NA,NA,NA,NA,NA,NA,NA,NA,NA,NA,NA,NA,NA,0,0,65,0.1,0,0,0,0.1,35,0,0,21,0,0,0,10,0,0,0,0,0,0,0,31,NA
"CB_2024_AZ_1_4","CB",42.83969,-124.5651,2024-06-25,2024,"CB","Susceptible","AZ",1,4,"FB","Flat","Bench",0,0,0,0,0,0,0,0,0,NA,0,NA,NA,NA,0,0,NA,NA,NA,NA,NA,NA,NA,NA,NA,NA,NA,NA,NA,0,2,83,0.1,0,5,2,0,8,0,0,18,20,0,0,25,0,0,0,0,0,0,0,63,NA
"CB_2024_AZ_1_5","CB",42.83969,-124.5651,2024-06-25,2024,"CB","Susceptible","AZ",1,5,"FB","Flat","Bench",0,0,0,0,0,0,0,0,0,NA,0,NA,NA,NA,0,0,NA,NA,NA,NA,NA,NA,NA,NA,NA,NA,NA,NA,NA,0,0,96,0,0,1,0.1,0,2,1,1,0,0,0,0,100,0,0,0,0,0,0,0,100,NA
"CB_2024_AZ_2_1","CB",42.83969,-124.5651,2024-06-25,2024,"CB","Susceptible","AZ",2,1,"FD","Flat","Boulder",0,0,0,0,0,0,0,0,0,NA,0,NA,NA,NA,0,0,NA,NA,NA,NA,NA,NA,NA,NA,NA,NA,NA,NA,NA,0,6,68,0.1,0,7,14,0.1,2,3,3,16,45,0,0,8,0,0,0,0,0,0,0,69,NA
"CB_2024_AZ_2_2","CB",42.83969,-124.5651,2024-06-25,2024,"CB","Susceptible","AZ",2,2,"FD","Flat","Boulder",0,0,0,0,0,0,0,0,0,NA,0,NA,NA,NA,0,0,NA,NA,NA,NA,NA,NA,NA,NA,NA,NA,NA,NA,NA,0,0,84,0,0,5,2,1,8,0,0,1,26,0,0,7,0,0,0,0,0,0,0,34,NA
"CB_2024_AZ_2_3","CB",42.83969,-124.5651,2024-06-25,2024,"CB","Susceptible","AZ",2,3,"FD","Flat","Boulder",0,0,0,0,0,0,0,0,0,NA,0,NA,NA,NA,0,0,NA,NA,NA,NA,NA,NA,NA,NA,NA,NA,NA,NA,NA,0,2,83,0,0,1,3,0.1,10,1,1,0,1,0,0,12,0,0,0,0,0,0,0,13,NA
"CB_2024_AZ_2_4","CB",42.83969,-124.5651,2024-06-25,2024,"CB","Susceptible","AZ",2,4,"FD","Flat","Boulder",0,0,0,0,0,0,0,0,0,NA,0,NA,NA,NA,0,0,NA,NA,NA,NA,NA,NA,NA,NA,NA,NA,NA,NA,NA,0,0,86,0,0,0.1,3,2,1,8,8,0,0,0,0,48,0,0,0,0,0,0,0,48,NA
"CB_2024_AZ_2_5","CB",42.83969,-124.5651,2024-06-25,2024,"CB","Susceptible","AZ",2,5,"VD","Varied","Boulder",0,0,0,0,0,0,0,0,0,NA,0,NA,NA,NA,0,0,NA,NA,NA,NA,NA,NA,NA,NA,NA,NA,NA,NA,NA,0,0,90,0,0,3,1,0,4,2,2,6,0,0,0,40,0,0,0,0,0,0,0,46,NA
"CB_2024_NPZ_1_1","CB",42.83969,-124.5651,2024-06-25,2024,"CB","Susceptible","NPZ",1,1,"CD","Varied","Cobbles",4,4,0,1,3,4,1,0,0,NA,0,0,100,25,0,0,NA,NA,NA,NA,NA,NA,NA,NA,NA,NA,NA,NA,NA,NA,1,9,0.1,0,8,0,2,18,62,NA,4,0,0,0,0,0,0,0,0,0,0,0,4,NA
"CB_2024_NPZ_1_2","CB",42.83969,-124.5651,2024-06-25,2024,"CB","Susceptible","NPZ",1,2,"VD","Varied","Boulder",15,14,1,3,10,13,4,1,0,NA,0,7.14285714285714,92.8571428571429,26.6666666666667,0,1,100,6.7,5.2,6.3,6.9,6.2,6.26,0,0,0,0,0,0,11,0,1,0,0,12,9,2,10,66,55,0,0,0,0,0,0,0,0,0,0,0,0,0,0
"CB_2024_NPZ_1_3","CB",42.83969,-124.5651,2024-06-25,2024,"CB","Susceptible","NPZ",1,3,"CD","Varied","Cobbles",3,3,0,3,0,3,3,0,0,NA,0,0,100,100,1,1,0,6.6,5.8,5.2,5.4,5.4,5.68,0,1,0,0,0,1,1,0,4,1,0,13,9,4,3,66,65,0,0,0,0,0,0,0,0,0,0,0,0,0,0.333333333333333
"CB_2024_NPZ_1_4","CB",42.83969,-124.5651,2024-06-25,2024,"CB","Susceptible","NPZ",1,4,"VD","Varied","Boulder",7,7,0,7,0,7,7,0,0,NA,0,0,100,100,0,0,NA,7.7,8.3,5.3,5.9,6.2,6.68,0,1,0,0,0,1,10,0,16,0,0,16,5,2,45,16,6,0,0,0,0,0,0,0,0,0,0,0,0,0,0.142857142857143
"CB_2024_NPZ_1_5","CB",42.83969,-124.5651,2024-06-25,2024,"CB","Susceptible","NPZ",1,5,"CB","Flat","Cobbles",20,20,0,20,0,20,20,0,0,NA,0,0,100,100,0,0,NA,5.5,5.3,5.8,3.7,3.9,4.84,0,0,0,0,0,0,7,0,0,0.1,0,4,5,0,10,81,74,0,0,0,0,0,0,0,0,0,0,0,0,0,0
"CB_2024_NPZ_2_1","CB",42.83969,-124.5651,2024-07-24,2024,"CB","Susceptible","NPZ",2,1,"VD","Varied","Boulder",13,13,3,6,4,10,9,0,0,NA,0,23.0769230769231,76.9230769230769,69.2307692307692,4,7,42.8571428571429,3.6,5.4,6.7,8,8.4,6.42,0,0,0,0,0,0,11,0,1,5,0,10,9,1,3,71,60,0,0,0,0,0,0,0,0,0,0,0,0,0,0
"CB_2024_NPZ_2_2","CB",42.83969,-124.5651,2024-07-24,2024,"CB","Susceptible","NPZ",2,2,"FD","Flat","Boulder",5,5,0,0,5,5,0,0,0,NA,0,0,100,0,0,0,NA,8.8,7.2,6,8,7.8,7.56,0,0,0,0,0,0,8,0,0,10,0,9,3,2,0,76,68,0,0,0,0,0,0,0,0,0,0,0,0,0,0
"CB_2024_NPZ_2_3","CB",42.83969,-124.5651,2024-07-24,2024,"CB","Susceptible","NPZ",2,3,"VD","Varied","Boulder",4,4,1,2,1,3,3,0,0,NA,0,25,75,75,0,1,100,7.9,6.6,7.5,NA,NA,NA,0,0,0,0,0,0,4,2,0,15,0,21,14,2,0,46,42,0,0,0,4,0,0,0,0,0,0,0,0,4,0
"CB_2024_NPZ_2_4","CB",42.83969,-124.5651,2024-07-24,2024,"CB","Susceptible","NPZ",2,4,"CD","Varied","Cobbles",13,12,0,3,9,12,3,1,0,NA,0,0,100,23.0769230769231,0,0,NA,10,7.6,9,7.3,8.1,8.4,0,0,0,0,0,0,18,2,0,20,0,6,3,0.1,7,62,44,0,0,0,0,0,0,0,0,0,0,0,0,0,0
"CB_2024_NPZ_2_5","CB",42.83969,-124.5651,2024-07-24,2024,"CB","Susceptible","NPZ",2,5,"VB","Varied","Bench",21,12,3,4,5,9,7,9,3,NA,0,25,75,33.3333333333333,7,10,30,4.4,5.3,4.4,3,5.6,4.54,0,0,0,0,1,1,20,3,1,14,0,11,7,4,5,55,35,0,0,0,0,0,0,0,0,0,0,0,0,0,0.0833333333333333
"CB_2024_UPZ_1_1","CB",42.83969,-124.5651,2024-06-25,2024,"CB","Susceptible","UPZ",1,1,"VB","Varied","Bench",20,17,9,2,6,8,11,3,3,NA,0,52.9411764705882,47.0588235294118,55,11,20,45,3.3,2.5,3.8,2.9,2.4,2.98,0,1,0,0,0,1,10,0,1,0,0,10,9,1,4,75,65,0,0,0,0,0,0,0,0,0,0,0,0,0,0.0588235294117647
"CB_2024_UPZ_1_2","CB",42.83969,-124.5651,2024-06-25,2024,"CB","Susceptible","UPZ",1,2,"CC","Flat","Cobbles",21,20,8,7,5,12,15,1,1,NA,0,40,60,71.4285714285714,2,10,80,2.4,3.7,3.4,4,4.4,3.58,0,0,0,0,0,0,14,0,16,0,0,14,3,8,57,2,0,0,0,0,0,9,0,0,0,0,0,0,0,9,0
"CB_2024_UPZ_1_3","CB",42.83969,-124.5651,2024-06-25,2024,"CB","Susceptible","UPZ",1,3,"FD","Flat","Boulder",7,6,0,6,0,6,6,1,0,NA,0,0,100,85.7142857142857,0,1,0,NA,NA,NA,NA,NA,NA,NA,NA,NA,NA,NA,NA,5,2,12,0,0,6,8,4,0.1,68,63,0,24,0,0,42,0,0,0,0,0,0,0,66,NA
"CB_2024_UPZ_1_4","CB",42.83969,-124.5651,2024-06-25,2024,"CB","Susceptible","UPZ",1,4,"FD","Flat","Boulder",11,11,7,4,0,4,11,0,0,NA,0,63.6363636363636,36.3636363636364,100,8,17,41.1764705882353,NA,NA,NA,NA,NA,NA,0,0,0,0,0,0,NA,0,0.1,0,0,8,17,5,3,67,NA,0,0,0,0,0.1,0,0,0,0,0,0,0,0.1,0
"CB_2024_UPZ_1_5","CB",42.83969,-124.5651,2024-06-25,2024,"CB","Susceptible","UPZ",1,5,"VD","Varied","Boulder",16,12,7,1,4,5,8,4,1,NA,0,58.3333333333333,41.6666666666667,50,4,11,63.6363636363636,5.5,3.7,4.9,3.4,3.7,4.24,0,2,0,0,0,2,3,0,7,0,0,10,8,4,8,63,60,0,0,0,0,7,0,0,0,0,0,0,0,7,0.166666666666667
"CB_2024_UPZ_2_1","CB",42.83969,-124.5651,2024-07-24,2024,"CB","Susceptible","UPZ",2,1,"VD","Varied","Boulder",41,30,30,0,0,0,30,11,11,NA,0,100,0,73.1707317073171,9,39,76.9230769230769,5.7,4.7,4.5,4,4.4,4.66,0,3,0,0,0,3,12,5,25,0,0,47,6,1,0,16,4,0,0,0.1,0,0,0,0,0,0,0,0,0,0.1,0.1
"CB_2024_UPZ_2_2","CB",42.83969,-124.5651,2024-07-24,2024,"CB","Susceptible","UPZ",2,2,"VD","Varied","Boulder",44,36,35,1,0,1,36,8,7,NA,0,97.2222222222222,2.77777777777778,81.8181818181818,5,41,85.3658536585366,4.7,4.5,4.6,3.6,3.6,4.2,0,0,1,0,0,1,14,0,36,0,0,42,7,2,0,13,0,0,0,0,0,5,0,0,0,3,0,0,0,8,0.0277777777777778
"CB_2024_UPZ_2_3","CB",42.83969,-124.5651,2024-07-24,2024,"CB","Susceptible","UPZ",2,3,"VD","Varied","Boulder",14,12,9,3,0,3,12,2,0,NA,0,75,25,85.7142857142857,4,13,69.2307692307692,4,3,4.5,6,NA,NA,0,0,0,1,0,1,NA,0,16,0,25,11,3,1,0,44,44,0,0.1,0,0,0,0,37,0,0,0,0,0,37.1,0.0833333333333333
"CB_2024_UPZ_2_4","CB",42.83969,-124.5651,2024-07-24,2024,"CB","Susceptible","UPZ",2,4,"VD","Varied","Boulder",21,15,15,0,0,0,15,6,5,NA,0,100,0,71.4285714285714,4,19,78.9473684210526,3.5,4.2,2.3,3.9,NA,NA,0,2,0,0,0,2,9,1,12,0,0,29,8,1,0,49,40,0,8,0,0,2,0,0,0,0,0,0,0,10,0.133333333333333
"CB_2024_UPZ_2_5","CB",42.83969,-124.5651,2024-07-24,2024,"CB","Susceptible","UPZ",2,5,"VD","Varied","Boulder",56,49,47,1,1,2,48,7,0,NA,0,95.9183673469388,4.08163265306122,85.7142857142857,0,47,100,7,6,5.8,5,NA,NA,1,2,0,0,0,3,65,2,0.1,0,0,12,5,0,1,80,15,0,0,0,0,0,0,0,0,0,0,0,0,0,0.0612244897959184
"RP_2024_AZ_1_1","RP",42.71666,-124.467,2024-06-26,2024,"CB","Susceptible","AZ",1,1,"VB","Varied","Bench",0,0,0,0,0,0,0,0,0,NA,0,NA,NA,NA,0,0,NA,NA,NA,NA,NA,NA,NA,NA,NA,NA,NA,NA,NA,0,0,80,14,0,0.1,0.1,1,4,1,1,0,0,0,0,8,0,0,0,0,2,0,0,10,NA
"RP_2024_AZ_1_2","RP",42.71666,-124.467,2024-06-26,2024,"CB","Susceptible","AZ",1,2,"VB","Varied","Bench",0,0,0,0,0,0,0,0,0,NA,0,NA,NA,NA,0,0,NA,NA,NA,NA,NA,NA,NA,NA,NA,NA,NA,NA,NA,0,0,52,19,0,0,0,0,20,9,9,0,0,0,0,0,0,0,0,0,41,0,0,41,NA
"RP_2024_AZ_1_3","RP",42.71666,-124.467,2024-06-26,2024,"CB","Susceptible","AZ",1,3,"VB","Varied","Bench",0,0,0,0,0,0,0,0,0,NA,0,NA,NA,NA,0,0,NA,NA,NA,NA,NA,NA,NA,NA,NA,NA,NA,NA,NA,0,0,55,17,0,1,6,0,12,9,9,0,0,0,0,0,0,0,0,0,0,0,0,0,NA
"RP_2024_AZ_1_4","RP",42.71666,-124.467,2024-06-26,2024,"CB","Susceptible","AZ",1,4,"VB","Varied","Bench",6,6,0,6,0,6,6,0,0,NA,0,0,100,100,0,0,NA,NA,NA,NA,NA,NA,NA,NA,NA,NA,NA,NA,NA,3,2,12,4,0,10,10,5,0.1,57,54,0,37,0,0,0,0,0,0,0,0,0,0,37,NA
"RP_2024_AZ_1_5","RP",42.71666,-124.467,2024-06-26,2024,"CB","Susceptible","AZ",1,5,"VB","Varied","Bench",0,0,0,0,0,0,0,0,0,NA,0,NA,NA,NA,0,0,NA,NA,NA,NA,NA,NA,NA,NA,NA,NA,NA,NA,NA,0,6,69,13,0,1,1,8,0,2,2,0,4,0,14,42,0,0,0,0,0,0,0,60,NA
"RP_2024_AZ_2_1","RP",42.71666,-124.467,2024-06-26,2024,"CB","Susceptible","AZ",2,1,"VD","Varied","Boulder",4,4,0,4,0,4,4,0,0,NA,0,0,100,100,1,1,0,NA,NA,NA,NA,NA,NA,NA,NA,NA,NA,NA,NA,1,3,15,2,0,9,13,5,0.1,53,52,0,10,0,0,0,0,0,0,0,0,0,0,10,NA
"RP_2024_AZ_2_2","RP",42.71666,-124.467,2024-06-26,2024,"CB","Susceptible","AZ",2,2,"VD","Varied","Boulder",13,11,0,9,2,11,9,2,0,NA,0,0,100,69.2307692307692,0,0,NA,NA,NA,NA,NA,NA,NA,NA,NA,NA,NA,NA,NA,3,3,36,0,0,13,4,9,4,31,28,0,21,0,10,5,0,0,0,0,0,0,0,36,NA
"RP_2024_AZ_2_3","RP",42.71666,-124.467,2024-06-26,2024,"CB","Susceptible","AZ",2,3,"VD","Varied","Boulder",3,3,0,3,0,3,3,0,0,NA,0,0,100,100,0,0,NA,NA,NA,NA,NA,NA,NA,NA,NA,NA,NA,NA,NA,NA,0.1,67,15,0.1,1,4,0.1,0.1,13,13,0,2,0,0,5,0,0,0,0,0,0,0,7,NA
"RP_2024_AZ_2_4","RP",42.71666,-124.467,2024-06-26,2024,"CB","Susceptible","AZ",2,4,"VD","Varied","Boulder",4,2,0,2,0,2,2,2,1,NA,0,0,100,50,0,1,0,NA,NA,NA,NA,NA,NA,NA,NA,NA,NA,NA,NA,2,0,75,5,0,3,0,4,11,2,0,0,0,0,0,5,0,0,0,0,0,0,0,5,NA
"RP_2024_AZ_2_5","RP",42.71666,-124.467,2024-06-26,2024,"CB","Susceptible","AZ",2,5,"VD","Varied","Boulder",2,2,0,2,0,2,2,0,0,NA,0,0,100,100,0,0,NA,NA,NA,NA,NA,NA,NA,NA,NA,NA,NA,NA,NA,NA,6,10,3,0,9,5,0,0.1,67,67,0,80,0,0,1,0,0,0,0,0,0,0,81,NA
"RP_2024_NPZ_1_1","RP",42.71666,-124.467,2024-06-26,2024,"CB","Susceptible","NPZ",1,1,"FD","Flat","Boulder",31,30,0,0,30,30,0,1,0,NA,0,0,100,0,0,0,NA,2.2,6.9,5.5,6.8,6.5,5.58,0,0,0,1,0,1,58,0,0,0,0,10,5,2,10,73,15,0,0,0,2,0,0,0,0,0,0,0,0,2,0.0333333333333333
"RP_2024_NPZ_1_2","RP",42.71666,-124.467,2024-06-26,2024,"CB","Susceptible","NPZ",1,2,"VD","Varied","Boulder",44,33,0,12,21,33,12,11,0,NA,0,0,100,27.2727272727273,1,1,0,3.6,3.9,4.1,4.1,4.2,3.98,0,1,1,2,1,5,13,0,7,5,0,6,6,9,15,52,39,0,0,0,0,0,0,0,0,0,0,0,0,0,0.151515151515152
"RP_2024_NPZ_1_3","RP",42.71666,-124.467,2024-06-26,2024,"CB","Susceptible","NPZ",1,3,"VD","Varied","Boulder",19,18,0,4,14,18,4,1,0,NA,0,0,100,21.0526315789474,6,6,0,4.3,1.8,4.2,3.8,2.5,3.32,0,1,0,1,0,2,9,0,9,7,0,6,0,4,7,67,58,0,0,0,0,2,0,0,0,0,0,0,0,2,0.111111111111111
"RP_2024_NPZ_1_4","RP",42.71666,-124.467,2024-06-26,2024,"CB","Susceptible","NPZ",1,4,"FD","Flat","Boulder",21,21,6,1,14,15,7,0,0,NA,0,28.5714285714286,71.4285714285714,33.3333333333333,5,5,120,4.9,4.9,6.4,5.6,6.1,5.58,0,0,1,2,0,3,22,0,3,0.1,0.1,1,0,0.1,23,73,51,0,0,0,0,1,0,0,0,0,0,0,0,1,0.142857142857143
"RP_2024_NPZ_1_5","RP",42.71666,-124.467,2024-06-26,2024,"CB","Susceptible","NPZ",1,5,"FD","Flat","Boulder",37,35,1,7,27,34,8,2,0,NA,0,2.85714285714286,97.1428571428571,21.6216216216216,0,1,100,5,3.8,4.2,4.4,4.2,4.32,1,0,0,1,0,2,32,0,0,0,4,6,1,0,20,69,37,0,0,0,0,0,0,8,0,0,0,0,0,8,0.0571428571428571
"RP_2024_NPZ_2_1","RP",42.71666,-124.467,2024-07-22,2024,"CB","Susceptible","NPZ",2,1,"VD","Varied","Boulder",38,18,1,10,7,17,11,20,1,NA,0,5.55555555555556,94.4444444444444,28.9473684210526,0,1,100,4,4.2,4.6,2.1,4.6,3.9,0,0,0,1,0,1,17,0,0,0,0,33,4,5,0,58,41,0,6,0,0,0,0,0,0,0,0,0,0,6,0.0555555555555556
"RP_2024_NPZ_2_2","RP",42.71666,-124.467,2024-07-22,2024,"CB","Susceptible","NPZ",2,2,"VD","Varied","Boulder",23,10,0,10,0,10,10,13,0,NA,0,0,100,43.4782608695652,0,0,NA,4.7,3.6,1.6,3.4,3.1,3.28,0,0,0,1,0,1,5,2,7,0,14,61,10,3,1,2,0,20,0,0,0,12,0,60,0,0,0,0,0,92,0.1
"RP_2024_NPZ_2_3","RP",42.71666,-124.467,2024-07-22,2024,"CB","Susceptible","NPZ",2,3,"VD","Varied","Boulder",70,45,3,12,30,42,15,25,1,NA,0,6.66666666666667,93.3333333333333,21.4285714285714,0,3,100,3.4,4.9,3.5,3.8,3.9,3.9,0,0,1,1,0,2,31,0,0,0,0.1,23,4,6,10,57,26,1,0,0,0,10,0,0,0,0,0,0,0,11,0.0444444444444444
"RP_2024_NPZ_2_4","RP",42.71666,-124.467,2024-07-22,2024,"CB","Susceptible","NPZ",2,4,"VD","Varied","Boulder",53,33,12,18,3,21,30,20,0,NA,0,36.3636363636364,63.6363636363636,56.6037735849057,0,0,Inf,5.1,6.7,4.7,4.9,3.1,4.9,1,0,0,1,0,2,42,0,0,0,0,75,3,2,9,11,0,0,0,0,0,0,0,4,0,0,0,0,0,4,0.0606060606060606
"RP_2024_NPZ_2_5","RP",42.71666,-124.467,2024-07-22,2024,"CB","Susceptible","NPZ",2,5,"VD","Varied","Boulder",40,33,1,5,27,32,6,7,0,NA,0,3.03030303030303,96.969696969697,15,0,0,Inf,2.3,5.3,4.1,3.8,6.5,4.4,0,0,0,1,0,1,32,3,0,0,3,16,4,3,5,66,34,0,9,0,0,0,0,9,0,0,0,0,0,18,0.0303030303030303
"RP_2024_UPZ_1_1","RP",42.71666,-124.467,2024-06-26,2024,"CB","Susceptible","UPZ",1,1,"FD","Flat","Boulder",24,19,1,6,12,18,7,5,0,NA,0,5.26315789473684,94.7368421052632,29.1666666666667,2,3,33.3333333333333,5.4,5.5,5.9,4.8,4.3,5.18,0,2,0,2,0,4,27,0,6,0,0,66,8,6,5,9,0,0,0,0,0,1,0,0,0,0,0,0,0,1,0.210526315789474
"RP_2024_UPZ_1_2","RP",42.71666,-124.467,2024-06-26,2024,"CB","Susceptible","UPZ",1,2,"VD","Varied","Boulder",28,14,1,10,3,13,11,14,2,NA,0,7.14285714285714,92.8571428571429,39.2857142857143,0,1,100,2.7,4.7,5.1,3.3,2.7,3.7,0,1,0,1,0,2,15,0,5,0,5,48,15,8,0.1,19,4,0,0,0,0,4,0,8,0,0,0,0,0,12,0.142857142857143
"RP_2024_UPZ_1_3","RP",42.71666,-124.467,2024-06-26,2024,"CB","Susceptible","UPZ",1,3,"VD","Varied","Boulder",11,9,1,6,2,8,7,2,0,NA,0,11.1111111111111,88.8888888888889,63.6363636363636,0,1,100,2.6,4.7,4.7,5.1,2.5,3.92,0,0,1,1,0,2,10,3,19,0,0,57,16,1,0,4,0,0,9,0,0,0,0,0,0,0,0,0,0,9,0.222222222222222
"RP_2024_UPZ_1_4","RP",42.71666,-124.467,2024-06-26,2024,"CB","Susceptible","UPZ",1,4,"VB","Varied","Bench",33,17,7,2,8,10,9,16,0,NA,0,41.1764705882353,58.8235294117647,27.2727272727273,2,10,70,3.4,4,4.2,3.8,4.7,4.02,0,1,0,1,0,2,9,0,7,0,0,76,11,2,0.1,4,0,0,25,0,0,7,0,0,0,0,0,0,0,32,0.117647058823529
"RP_2024_UPZ_1_5","RP",42.71666,-124.467,2024-06-26,2024,"CB","Susceptible","UPZ",1,5,"VD","Varied","Boulder",16,15,8,5,2,7,13,1,1,NA,0,53.3333333333333,46.6666666666667,81.25,3,11,72.7272727272727,4,5,4.6,3.9,3.8,4.26,0,0,0,0,0,0,4,1,34,0,0,51,6,2,0.1,6,2,0,8,0,0,4,0,0,0,0,0,0,0,12,0
"RP_2024_UPZ_2_1","RP",42.71666,-124.467,2024-07-22,2024,"CB","Susceptible","UPZ",2,1,"VD","Varied","Boulder",22,13,2,1,10,11,3,9,0,NA,0,15.3846153846154,84.6153846153846,13.6363636363636,0,2,100,6.1,5.8,5.2,6.8,4.4,5.66,0,0,0,1,0,1,17,1,26,0,0,8,7,7,5,46,29,7,0,0,0,0,0,0,0,0,0,0,0,7,0.0769230769230769
"RP_2024_UPZ_2_2","RP",42.71666,-124.467,2024-07-22,2024,"CB","Susceptible","UPZ",2,2,"FD","Flat","Boulder",59,31,12,2,17,19,14,28,2,NA,0,38.7096774193548,61.2903225806452,23.728813559322,0,12,100,4.2,4.5,3.4,3.8,4.1,4,0,1,0,1,0,2,35,0,5,0,0,8,3,17,4,63,28,0,7,0,0,0,0,0,0,0,0,0,0,7,0.0645161290322581
"RP_2024_UPZ_2_3","RP",42.71666,-124.467,2024-07-22,2024,"CB","Susceptible","UPZ",2,3,"VD","Varied","Boulder",43,21,2,5,14,19,7,22,2,NA,0,9.52380952380952,90.4761904761905,16.2790697674419,0,3,66.6666666666667,3.7,2.9,1.8,3.4,3.4,3.04,0,0,0,1,0,1,17,0,12,0,0,56,11,12,5,4,0,0,7,0,0,0,0,0,0,0,0,0,0,7,0.0476190476190476
"RP_2024_UPZ_2_4","RP",42.71666,-124.467,2024-07-22,2024,"CB","Susceptible","UPZ",2,4,"VD","Varied","Boulder",32,12,5,2,5,7,7,20,1,NA,0,41.6666666666667,58.3333333333333,21.875,0,5,100,5.4,5,2.9,3.7,2.2,3.84,0,0,0,1,0,1,11,1,11,0,4,10,5,4,3,62,51,0,4,0,0,0,0,12,0,0,0,0,0,16,0.0833333333333333
"RP_2024_UPZ_2_5","RP",42.71666,-124.467,2024-07-22,2024,"CB","Susceptible","UPZ",2,5,"VD","Varied","Boulder",35,18,2,2,14,16,4,17,1,NA,0,11.1111111111111,88.8888888888889,11.4285714285714,0,2,100,5.2,3.9,4.9,4.6,4.2,4.56,0,0,0,0,0,0,23,0,0,0,0,14,9,7,0,70,47,3,0,7,0,4,0,0,0,4,0,0,0,18,0
"CMS_2024_AZ_1_1","CMS",40.3408,-124.3633,2024-07-20,2024,"CM",NA,"AZ",1,1,"VB","Varied","Bench",0,0,0,0,0,0,0,0,0,NA,0,NA,NA,NA,0,0,NA,NA,NA,NA,NA,NA,NA,NA,NA,NA,NA,NA,NA,0,4,29,0,0,1,3,20,0,43,43,0,0,0,0,18,0,0,0,0,7,0,0,25,NA
"CMS_2024_AZ_1_2","CMS",40.3408,-124.3633,2024-07-20,2024,"CM",NA,"AZ",1,2,"VB","Varied","Bench",3,2,2,0,0,0,2,1,1,NA,0,100,0,66.6666666666667,2,5,40,NA,NA,NA,NA,NA,NA,NA,NA,NA,NA,NA,NA,NA,0,27,1,0,5,5,45,0,17,17,0,0,0,0,12,0,0,0,0,0,0,0,12,NA
"CMS_2024_AZ_1_3","CMS",40.3408,-124.3633,2024-07-20,2024,"CM",NA,"AZ",1,3,"VB","Varied","Bench",0,0,0,0,0,0,0,0,0,NA,0,NA,NA,NA,0,0,NA,NA,NA,NA,NA,NA,NA,NA,NA,NA,NA,NA,NA,0,0,47,9,0,0.1,0.1,27,0,17,17,0,0,0,0,6,0,0,0,0,0.1,0,0,6.1,NA
"CMS_2024_AZ_1_4","CMS",40.3408,-124.3633,2024-07-20,2024,"CM",NA,"AZ",1,4,"VB","Varied","Bench",1,1,1,0,0,0,1,0,0,NA,0,100,0,100,0,1,100,NA,NA,NA,NA,NA,NA,NA,NA,NA,NA,NA,NA,NA,0,30,0,0,1,1,30,0,38,NA,0,0,0,0,11,0,0,0,0,0,0,0,11,NA
"CMS_2024_AZ_1_5","CMS",40.3408,-124.3633,2024-07-20,2024,"CM",NA,"AZ",1,5,"VB","Varied","Bench",0,0,0,0,0,0,0,0,0,NA,0,NA,NA,NA,0,0,NA,NA,NA,NA,NA,NA,NA,NA,NA,NA,NA,NA,NA,0,0,45,3,0,3,1,36,0,12,12,0,0,0,0,2,0,0,0,0,0,0,0,2,NA
"CMS_2024_AZ_2_1","CMS",40.3408,-124.3633,2024-07-20,2024,"CM",NA,"AZ",2,1,"FB","Flat","Bench",4,3,3,0,0,0,3,1,0,NA,0,100,0,75,4,11,27.2727272727273,NA,NA,NA,NA,NA,NA,NA,NA,NA,NA,NA,NA,1,0,90,3,0,3,0,2,0,2,1,0,0,0,0,20,0,0,0,0,0,0,0,20,NA
"CMS_2024_AZ_2_2","CMS",40.3408,-124.3633,2024-07-20,2024,"CM",NA,"AZ",2,2,"FB","Flat","Bench",7,6,6,0,0,0,6,1,0,5,0,100,0,85.7142857142857,4,10,60,NA,NA,NA,NA,NA,NA,NA,NA,NA,NA,NA,NA,NA,0,83,0,0,3,2,1,0.1,11,NA,0,0,0,0,1,0,0,0,0,0,0,0,1,NA
"CMS_2024_AZ_2_3","CMS",40.3408,-124.3633,2024-07-20,2024,"CM",NA,"AZ",2,3,"VB","Varied","Bench",9,4,4,0,0,0,4,5,0,0,0,100,0,44.4444444444444,4,8,50,NA,NA,NA,NA,NA,NA,NA,NA,NA,NA,NA,NA,NA,0,85,1,0,5,1,4,0.1,4,NA,0,0,0,0,6,0,0,0,0,0.1,0,0,6.1,NA
"CMS_2024_AZ_2_4","CMS",40.3408,-124.3633,2024-07-20,2024,"CM",NA,"AZ",2,4,"VB","Varied","Bench",1,1,1,0,0,0,1,0,0,0,0,100,0,100,3,5,20,NA,NA,NA,NA,NA,NA,NA,NA,NA,NA,NA,NA,NA,0,19,10,0,0,8,13,0,50,NA,0,0,0,0,6,0,0,0,0,0,0,0,6,NA
"CMS_2024_AZ_2_5","CMS",40.3408,-124.3633,2024-07-20,2024,"CM",NA,"AZ",2,5,"VB","Varied","Bench",0,0,0,0,0,0,0,0,0,0,0,NA,NA,NA,0,0,NA,NA,NA,NA,NA,NA,NA,NA,NA,NA,NA,NA,NA,0,0,3,15,0,0,0.1,15,0,67,67,0,0,0,0,0,0,0,0,0,0,0,0,0,NA
"CMS_2024_UPZ_1_1","CMS",40.3408,-124.3633,2024-07-20,2024,"CM",NA,"UPZ",1,1,"VB","Varied","Bench",58,34,14,3,17,20,17,24,8,0,0,41.1764705882353,58.8235294117647,29.3103448275862,0,14,100,4.1,3.2,4.2,4.5,3.8,3.96,0,0,0,1,0,1,NA,6,9,0,0,70,2,1,0,12,NA,0,0,0,0,0,1,0,0,0,0,0,0,1,0.0294117647058824
"CMS_2024_UPZ_1_2","CMS",40.3408,-124.3633,2024-07-20,2024,"CM",NA,"UPZ",1,2,"VB","Varied","Bench",46,11,10,0,1,1,10,35,NA,13,0,90.9090909090909,9.09090909090909,21.7391304347826,3,13,76.9230769230769,2.8,3.5,2.7,2.9,1.5,2.68,0,0,0,1,0,1,NA,1,16,0,0,70,5,0,0,8,NA,0,0,0,0,0,6,0,0,0,0,0,0,6,0.0909090909090909
"CMS_2024_UPZ_1_3","CMS",40.3408,-124.3633,2024-07-20,2024,"CM",NA,"UPZ",1,3,"FB","Flat","Bench",89,49,49,0,0,0,49,40,NA,15,0,100,0,55.0561797752809,0,48,102.083333333333,5.1,4.2,2.8,3.2,3.9,3.84,0,0,1,0,0,1,NA,8,6,0,0,70,5,2,0,9,NA,0,0,0,0,0,0,0,0,0,0,0,0,0,0.0204081632653061
"CMS_2024_UPZ_1_4","CMS",40.3408,-124.3633,2024-07-20,2024,"CM",NA,"UPZ",1,4,"FB","Flat","Bench",54,40,11,0,29,29,11,14,NA,6,0,27.5,72.5,20.3703703703704,1,12,91.6666666666667,4.9,4.8,4.4,5.5,3.7,4.66,0,0,0,0,0,0,NA,0,0.1,0,0,77,3,7,2,11,NA,0,0,0,0,0,0,0,0,0,0,0,0,0,0
"CMS_2024_UPZ_1_5","CMS",40.3408,-124.3633,2024-07-20,2024,"CM",NA,"UPZ",1,5,"CB","Flat","Cobbles",52,48,4,0,44,44,4,4,NA,19,0,8.33333333333333,91.6666666666667,7.69230769230769,0,4,100,5.2,4.7,4.4,3.5,5.6,4.68,0,0,0,0,0,0,NA,0,0,0,0,65,0,15,0,20,NA,0,0,0,0,0,0,0,0,0,0,0,0,0,0
"CMS_2024_UPZ_2_1","CMS",40.3408,-124.3633,2024-07-20,2024,"CM",NA,"UPZ",2,1,"FB","Flat","Bench",18,6,6,0,0,0,6,12,NA,19,0,100,0,33.3333333333333,2,9,66.6666666666667,4.2,2.8,3.7,2.2,2.9,3.16,0,1,0,1,0,2,NA,1,65,0,0,24,3,1,0,6,NA,2,12,0,0,5,0,0,0,0,0,0,0,19,0.333333333333333
"CMS_2024_UPZ_2_2","CMS",40.3408,-124.3633,2024-07-20,2024,"CM",NA,"UPZ",2,2,"FB","Flat","Bench",44,16,7,3,6,9,10,28,NA,29,0,43.75,56.25,22.7272727272727,3,11,63.6363636363636,4.5,3.9,3.4,2.8,2,3.32,0,1,0,0,0,1,NA,0,18,0,0,27,2,4,0,49,NA,0,0,0,0,4,0,0,0,0,0,0,0,4,0.0625
"CMS_2024_UPZ_2_3","CMS",40.3408,-124.3633,2024-07-20,2024,"CM",NA,"UPZ",2,3,"TP","Varied","Tidepool",110,45,41,4,0,4,45,65,NA,38,0,91.1111111111111,8.88888888888889,40.9090909090909,0,41,100,3.5,3.8,4.5,3.8,3.8,3.88,0,0,0,1,1,2,NA,0,6,0,0,25,0,4,3,62,NA,0,0,0,0,0,0,0,0,0,0,0,0,0,0.0444444444444444
"CMS_2024_UPZ_2_4","CMS",40.3408,-124.3633,2024-07-20,2024,"CM",NA,"UPZ",2,4,"FB","Flat","Bench",15,6,6,0,0,0,6,9,NA,7,0,100,0,40,4,11,54.5454545454545,4.4,2.9,3.5,1.6,2.5,2.98,0,0,0,0,1,1,NA,0,30,0,0,30,3,3,0,34,NA,0,19,0,0,6,0,0,0,0,0,0,0,25,0.166666666666667
"CMS_2024_UPZ_2_5","CMS",40.3408,-124.3633,2024-07-20,2024,"CM",NA,"UPZ",2,5,"FB","Flat","Bench",33,8,7,1,0,1,8,25,NA,28,0,87.5,12.5,24.2424242424242,6,13,53.8461538461538,4.2,4.4,3,3.2,3.2,3.6,0,0,0,0,1,1,NA,0,11,0,0,81,1,4,0,3,NA,32,0,0,0,0,0,0,0,0,0,0,0,32,0.125
"CMS_2024_NPZ_1_1","CMS",40.3408,-124.3633,2024-07-20,2024,"CM",NA,"NPZ",1,1,"CD","Varied","Cobbles",54,45,45,0,0,0,45,9,0,4,0,100,0,83.3333333333333,0,45,100,4.7,5.5,5.1,3.8,2.7,4.36,0,0,0,1,0,1,NA,0,0,0,0,14,2,0,0,84,NA,0,0,0,0,0,0,0,0,0,0,0,0,0,0.0222222222222222
"CMS_2024_NPZ_1_2","CMS",40.3408,-124.3633,2024-07-20,2024,"CM",NA,"NPZ",1,2,"CD","Varied","Cobbles",64,31,1,4,26,30,5,33,1,0,0,3.2258064516129,96.7741935483871,7.8125,1,2,50,3.6,2.7,2.9,2.8,2.8,2.96,0,0,0,1,0,1,NA,0,4,0,0,19,0,10,0,67,NA,0,0,0,0,0,0,0,0,0,0,0,0,0,0.032258064516129
"CMS_2024_NPZ_1_3","CMS",40.3408,-124.3633,2024-07-20,2024,"CM",NA,"NPZ",1,3,"CB","Flat","Cobbles",57,46,0,3,43,46,3,11,0,0,0,0,100,5.26315789473684,0,0,NA,6.3,6.3,4.6,5.4,4.7,5.46,0,0,0,0,0,0,NA,0,0,0,0,3,0,7,10,80,NA,0,0,0,0,0,0,0,0,0,0,0,0,0,0
"CMS_2024_NPZ_1_4","CMS",40.3408,-124.3633,2024-07-20,2024,"CM",NA,"NPZ",1,4,"CD","Varied","Cobbles",60,36,1,4,31,35,5,24,0,0,0,2.77777777777778,97.2222222222222,8.33333333333333,1,2,50,4,5.4,4.2,6.6,4.4,4.92,0,0,0,0,0,0,NA,0,2,0,0,11,2,4,2,79,NA,0,0,0,0,0,0,0,0,0,0,0,0,0,0
"CMS_2024_NPZ_1_5","CMS",40.3408,-124.3633,2024-07-20,2024,"CM",NA,"NPZ",1,5,"CD","Varied","Cobbles",64,56,0,2,54,56,2,8,0,0,0,0,100,3.125,0,0,NA,4.1,2.6,3.1,4.4,3.1,3.46,0,1,0,1,1,3,60,0,13,0,0,8,0,2,6,74,14,0,0,0,0,4,0,0,0,0,0,0,0,4,0.0535714285714286
"CMS_2024_NPZ_2_1","CMS",40.3408,-124.3633,2024-07-20,2024,"CM",NA,"NPZ",2,1,"CC","Flat","Cobbles",34,34,0,3,31,34,3,0,0,0,0,0,100,8.82352941176471,0,0,NA,5.7,3.4,2.7,6.3,4.3,4.48,0,0,0,0,0,0,NA,0,0,0,0,4,1,0,17,78,NA,0,0,0,0,0,0,0,0,0,0,0,0,0,0
"CMS_2024_NPZ_2_2","CMS",40.3408,-124.3633,2024-07-20,2024,"CM",NA,"NPZ",2,2,"CC","Flat","Cobbles",29,29,0,0,29,29,0,0,0,0,0,0,100,0,0,0,NA,4.4,5.3,4.8,6.1,4.2,4.96,0,0,0,0,0,0,NA,0,0,0,0,2,1,3,3,91,NA,0,0,0,0,0,0,0,0,0,0,0,0,0,0
"CMS_2024_NPZ_2_3","CMS",40.3408,-124.3633,2024-07-20,2024,"CM",NA,"NPZ",2,3,"CD","Varied","Cobbles",27,27,0,19,8,27,19,0,0,0,0,0,100,70.3703703703704,0,0,NA,4.9,5.3,3.9,3.3,2.9,4.06,0,0,0,0,0,0,NA,0,0,0,0,0.1,0,0,3,97,NA,0,0,0,0,0,0,0,0,0,0,0,0,0,0
"CMS_2024_NPZ_2_4","CMS",40.3408,-124.3633,2024-07-20,2024,"CM",NA,"NPZ",2,4,"CD","Varied","Cobbles",36,36,0,13,23,36,13,0,0,0,0,0,100,36.1111111111111,0,0,NA,3.2,2.7,5.9,5.4,5.6,4.56,0,0,0,0,0,0,NA,0,3,0,0,1,8,3,3,82,NA,0,0,0,0,0,0,0,0,0,0,0,0,0,0
"CMS_2024_NPZ_2_5","CMS",40.3408,-124.3633,2024-07-20,2024,"CM",NA,"NPZ",2,5,"CC","Flat","Cobbles",41,40,0,23,17,40,23,1,0,0,0,0,100,56.0975609756098,0,0,NA,3.5,4.1,6.3,4.3,4.4,4.52,0,0,0,0,1,1,NA,0,0,0,0,1,0.1,0,0,99,NA,0,0,0,0,0,0,0,0,0,0,0,0,0,0.025
"CMN_2024_NPZ_2_1","CMN",40.343,124.3645,2024-07-21,2024,"CM",NA,"NPZ",2,1,"CC","Flat","Cobbles",44,38,36,0,2,2,36,6,0,NA,0,94.7368421052632,5.26315789473684,81.8181818181818,2,38,94.7368421052632,4.7,4.4,5.9,7.3,5.6,5.58,0,0,0,0,0,0,NA,0,0,0,0,9,3,3,5,80,NA,0,0,0,0,0,0,0,0,0,0,0,0,0,0
"CMN_2024_NPZ_2_2","CMN",40.343,124.3645,2014-07-21,2024,"CM",NA,"NPZ",2,2,"CC","Flat","Cobbles",31,20,12,0,8,8,12,11,0,NA,0,60,40,38.7096774193548,1,13,92.3076923076923,5.6,4.2,3.4,5.2,4.5,4.58,2,0,0,0,0,2,NA,0,26,0,0,11,7,4,6,46,NA,0,0,0,0,8,0,0,0,0,0,0,0,8,0.1
"CMN_2024_NPZ_2_3","CMN",40.343,124.3645,2024-07-21,2024,"CM",NA,"NPZ",2,3,"VD","Varied","Boulder",38,30,15,0,15,15,15,8,0,NA,0,50,50,39.4736842105263,2,17,88.2352941176471,5,5.3,5.7,4.9,3.7,4.92,1,0,0,0,0,1,NA,0,20,0,0,6,0,1,0.1,73,NA,0,0,0,0,0,0,0,0,0,0,0,0,0,0.0333333333333333
"CMN_2024_NPZ_2_4","CMN",40.343,124.3645,2014-07-21,2024,"CM",NA,"NPZ",2,4,"CB","Flat","Cobbles",22,22,3,0,19,19,3,0,0,NA,0,13.6363636363636,86.3636363636364,13.6363636363636,0,3,100,8.1,5.8,5,5.3,5.4,5.92,0,1,0,0,0,1,NA,0,14,0,0,7,0,3,8,68,NA,0,0,0,0,7,0,0,0,0,0,0,0,7,0.0454545454545455
"CMN_2024_NPZ_2_5","CMN",40.343,124.3645,2024-07-21,2024,"CM",NA,"NPZ",2,5,"CB","Flat","Cobbles",56,47,0,0,47,47,0,9,0,NA,0,0,100,0,0,0,NA,6.2,4.7,6.1,5.5,3,5.1,0,0,0,0,0,0,NA,0,0,0,0,1,0.1,4,32,63,NA,0,0,0,0,0,0,0,0,0,0,0,0,0,0
"CMN_2024_AZ_2_1","CMN",40.343,124.3645,2014-07-21,2024,"CM",NA,"AZ",2,1,"FB","Flat","Bench",0,0,0,0,0,0,0,0,0,NA,0,NA,NA,NA,1,1,0,NA,NA,NA,NA,NA,NA,NA,NA,NA,NA,NA,NA,0,0,94,1,0,0,0.1,2,0,3,3,0,0,0,0,6,0,0,0,0,19,0,0,25,NA
"CMN_2024_AZ_2_2","CMN",40.343,124.3645,2024-07-21,2024,"CM",NA,"AZ",2,2,"FB","Flat","Bench",0,0,0,0,0,0,0,0,0,NA,0,NA,NA,NA,4,4,0,NA,NA,NA,NA,NA,NA,NA,NA,NA,NA,NA,NA,0,0,94,2,0,0.1,0.1,0.1,0,4,4,0,0,0,0,15,0,0,0,0,2,0,0,17,NA
"CMN_2024_AZ_2_3","CMN",40.343,124.3645,2014-07-21,2024,"CM",NA,"AZ",2,3,"FB","Flat","Bench",0,0,0,0,0,0,0,0,0,NA,0,NA,NA,NA,5,5,0,NA,NA,NA,NA,NA,NA,NA,NA,NA,NA,NA,NA,0,0,70,22,0,0,1,4,0,3,3,0,0,0,0,6,0,0,0,0,0,0,0,6,NA
"CMN_2024_AZ_2_4","CMN",40.343,124.3645,2024-07-21,2024,"CM",NA,"AZ",2,4,"FB","Flat","Bench",0,0,0,0,0,0,0,0,0,NA,0,NA,NA,NA,1,1,0,NA,NA,NA,NA,NA,NA,NA,NA,NA,NA,NA,NA,0,0,79,4,0,2,2,5,4,4,4,0,0,0,0,64,0,0,0,0,5,0,0,69,NA
"CMN_2024_AZ_2_5","CMN",40.343,124.3645,2014-07-21,2024,"CM",NA,"AZ",2,5,"FB","Flat","Bench",0,0,0,0,0,0,0,0,0,NA,0,NA,NA,NA,0,0,NA,NA,NA,NA,NA,NA,NA,NA,NA,NA,NA,NA,NA,0,0,92,0,0,0,0.1,3,2,3,3,0,0,0,0,44,0,0,0,0,5,0,0,49,NA
"CMN_2024_AZ_1_1","CMN",40.343,124.3645,2004-07-21,2024,"CM",NA,"AZ",1,1,"VB","Varied","Bench",0,0,0,0,0,0,0,0,0,NA,0,NA,NA,NA,0,0,NA,NA,NA,NA,NA,NA,NA,NA,NA,NA,NA,NA,NA,0,0,86,0,0,6,0,0,4,4,4,0,0,0,0,100,0,0,0,0,0,0,0,100,NA
"CMN_2024_AZ_1_2","CMN",40.343,124.3645,1994-07-21,2024,"CM",NA,"AZ",1,2,"VB","Varied","Bench",0,0,0,0,0,0,0,0,0,NA,0,NA,NA,NA,0,0,NA,NA,NA,NA,NA,NA,NA,NA,NA,NA,NA,NA,NA,0,0,92,0,0,5,0.1,0,0,3,3,0,0,0,0,94,0,0,0,0,0,0,0,94,NA
"CMN_2024_AZ_1_3","CMN",40.343,124.3645,1984-07-21,2024,"CM",NA,"AZ",1,3,"VB","Varied","Bench",0,0,0,0,0,0,0,0,0,NA,0,NA,NA,NA,0,0,NA,NA,NA,NA,NA,NA,NA,NA,NA,NA,NA,NA,NA,0,0,92,0,0,4,0,0,4,0,0,0,0,0,0,98,0,0,0,0,0,0,0,98,NA
"CMN_2024_AZ_1_4","CMN",40.343,124.3645,1974-07-21,2024,"CM",NA,"AZ",1,4,"VB","Varied","Bench",0,0,0,0,0,0,0,0,0,NA,0,NA,NA,NA,0,0,NA,NA,NA,NA,NA,NA,NA,NA,NA,NA,NA,NA,NA,0,0,83,0,0,7,5,0.1,2,3,3,0,0,0,0,96,0,0,0,0,0,0,0,96,NA
"CMN_2024_AZ_1_5","CMN",40.343,124.3645,2064-07-21,2024,"CM",NA,"AZ",1,5,"VB","Varied","Bench",0,0,0,0,0,0,0,0,0,NA,0,NA,NA,NA,0,0,NA,NA,NA,NA,NA,NA,NA,NA,NA,NA,NA,NA,NA,0,0,89,0,0,6,0.1,0.1,4,1,1,0,0,0,0,92,0,0,0,0,0,0,0,92,NA
"CMN_2024_UPZ_1_1","CMN",40.343,124.3645,2054-07-21,2024,"CM",NA,"UPZ",1,1,"VB","Varied","Bench",36,15,15,0,0,0,15,21,21,NA,0,100,0,41.6666666666667,7,22,68.1818181818182,2.3,3.9,3.9,4.3,1.7,3.22,1,0,0,0,0,1,NA,0,47,0,0,36,9,1,0.1,7,NA,0,18,0,0,0,0,0,0,0,0,0,0,18,0.0666666666666667
"CMN_2024_UPZ_1_2","CMN",40.343,124.3645,2044-07-21,2024,"CM",NA,"UPZ",1,2,"VB","Varied","Bench",26,13,13,0,0,0,13,13,0,NA,0,100,0,50,9,22,59.0909090909091,5,4.9,3.2,2.8,3,3.78,0,1,0,0,0,1,NA,0,53,0,0,35,2,2,0,8,NA,0,0,0,0,0,0,0,0,0,0,0,0,0,0.0769230769230769
"CMN_2024_UPZ_1_3","CMN",40.343,124.3645,2034-07-21,2024,"CM",NA,"UPZ",1,3,"VB","Varied","Bench",28,27,27,0,0,0,27,1,0,NA,0,100,0,96.4285714285714,9,36,75,4.3,4.6,4.3,3.6,5.5,4.46,0,0,0,0,0,0,NA,0,5,0,0,17,3,3,0.1,72,NA,0,22,0,0,0,1,0,0,0,0,0,0,23,0
"CMN_2024_UPZ_1_4","CMN",40.343,124.3645,2024-07-21,2024,"CM",NA,"UPZ",1,4,"VB","Varied","Bench",46,18,18,0,0,0,18,28,3,NA,0,100,0,39.1304347826087,4,22,81.8181818181818,2.4,2.8,3,2.9,2.9,2.8,0,0,1,0,0,1,NA,0,11,0,0,82,0.1,2,0,5,NA,0,0,0,0,0,0,0,0,0,0,0,0,0,0.0555555555555556
"CMN_2024_UPZ_1_5","CMN",40.343,124.3645,2014-07-21,2024,"CM",NA,"UPZ",1,5,"VB","Varied","Bench",38,8,7,1,0,1,8,30,30,NA,0,87.5,12.5,21.0526315789474,4,11,63.6363636363636,3.2,2.7,2.4,3.8,2.2,2.86,0,0,1,0,0,1,NA,4,7,0,0,80,1,1,1,6,NA,0,8,0,0,0,0,0,0,0,0,0,0,8,0.125
"CMN_2024_UPZ_2_1","CMN",40.343,124.3645,2004-07-21,2024,"CM",NA,"UPZ",2,1,"VB","Varied","Bench",31,13,10,3,0,3,13,18,0,NA,0,76.9230769230769,23.0769230769231,41.9354838709677,0,10,100,4.2,3.6,3.3,4.8,4.5,4.08,0,1,0,0,0,1,NA,0,0,0,0,86,0,5,0,9,NA,0,0,0,0,0,0,0,0,0,0,0,0,0,0.0769230769230769
"CMN_2024_UPZ_2_2","CMN",40.343,124.3645,2014-07-21,2024,"CM",NA,"UPZ",2,2,"VB","Varied","Bench",38,31,23,0,8,8,23,7,0,NA,0,74.1935483870968,25.8064516129032,60.5263157894737,2,25,92,5.8,4,5.2,4.3,4.1,4.68,0,2,0,0,0,2,NA,0,5,0,0,86,7,2,0,0,NA,0,0,0,0,0,0,0,0,0,0,0,0,0,0.0645161290322581
"CMN_2024_UPZ_2_3","CMN",40.343,124.3645,2024-07-21,2024,"CM",NA,"UPZ",2,3,"VB","Varied","Bench",31,13,10,0,3,3,10,18,0,NA,0,76.9230769230769,23.0769230769231,32.258064516129,2,12,83.3333333333333,4.7,3.6,5.3,4.4,4.4,4.48,0,0,0,0,0,0,NA,0,11,0,0,15,3,0,0,71,NA,0,0,0,0,2,0,0,0,0,0,0,0,2,0
"CMN_2024_UPZ_2_4","CMN",40.343,124.3645,2014-07-21,2024,"CM",NA,"UPZ",2,4,"VB","Varied","Bench",73,31,23,0,8,8,23,42,0,NA,0,74.1935483870968,25.8064516129032,31.5068493150685,0,23,100,4.3,3.6,6.9,7,5.5,5.46,0,1,0,0,0,1,NA,0,3,0,0,85,2,0.1,0,10,NA,0,0,0,0,0,0,0,0,0,0,0,0,0,0.032258064516129
"CMN_2024_UPZ_2_5","CMN",40.343,124.3645,2024-07-21,2024,"CM",NA,"UPZ",2,5,"CB","Flat","Cobbles",34,20,13,7,0,7,20,14,0,NA,0,65,35,58.8235294117647,1,14,92.8571428571429,6.1,6.9,6.1,4.7,6.8,6.12,0,1,0,0,0,1,NA,0,7,0,0,15,1,3,0.1,74,NA,0,0,0,0,0,0,0,0,0,0,0,0,0,0.05
"CMN_2024_NPZ_1_1","CMN",40.343,124.3645,2014-07-21,2024,"CM",NA,"NPZ",1,1,"VB","Varied","Bench",33,26,0,0,26,26,0,7,0,NA,0,0,100,0,0,0,NA,5.9,4.6,6.8,6,6.3,5.92,1,0,0,0,0,1,NA,0,0,0,0,77,3,12,0,8,NA,0,0,0,0,0,0,0,0,0,0,0,0,0,0.0384615384615385
"CMN_2024_NPZ_1_2","CMN",40.343,124.3645,2024-07-21,2024,"CM",NA,"NPZ",1,2,"VB","Varied","Bench",61,32,0,0,32,32,0,29,0,NA,0,0,100,0,0,0,NA,6.1,6.5,4,4.2,4.2,5,0,0,0,0,0,0,NA,0,0,0,0,90,2,1,0.1,7,NA,0,0,0,0,0,0,0,0,0,0,0,0,0,0
"CMN_2024_NPZ_1_3","CMN",40.343,124.3645,2014-07-21,2024,"CM",NA,"NPZ",1,3,"WB","Wall","Bench",62,30,29,0,1,1,29,32,0,NA,0,96.6666666666667,3.33333333333333,46.7741935483871,2,31,93.5483870967742,4.3,4.9,4.4,4.8,5,4.68,0,0,0,0,0,0,NA,0,5,0,0,11,0.1,2,0,82,NA,0,0,0,0,0,0,0,0,0,0,0,0,0,0
"CMN_2024_NPZ_1_4","CMN",40.343,124.3645,2024-07-21,2024,"CM",NA,"NPZ",1,4,"WB","Wall","Bench",46,35,17,7,11,18,24,11,0,NA,0,48.5714285714286,51.4285714285714,52.1739130434783,1,18,94.4444444444444,3.7,3.3,4.1,5.8,4,4.18,0,3,0,0,0,3,34,0,29,0,0,12,0.1,3,2,54,20,0,0,0,0,12,0,0,0,0,0,0,0,12,0.0857142857142857
"CMN_2024_NPZ_1_5","CMN",40.343,124.3645,2014-07-21,2024,"CM",NA,"NPZ",1,5,"VB","Varied","Bench",38,20,4,14,2,16,18,18,0,NA,0,20,80,47.3684210526316,0,4,100,5.2,4.3,4.1,4.7,3.6,4.38,0,1,1,0,0,2,NA,0,80,0.1,0,5,1,3,0.1,11,NA,0,0,0,0,20,1,0,0,0,0,0,0,21,0.1
"FC_2024_UPZ_1_1","FC",44.8386,-124.05875,2024-08-02,2024,"CF","Unlikely","UPZ",1,1,"VB","Varied","Bench",60,57,57,0,0,0,57,3,3,NA,0,100,0,95,2,60,95,4.6,4.8,3.4,5,3.5,4.26,2,0,0,1,0,3,32,0,17,1,0,7,0,7,0,68,36,0,0,1,0,0,1,0,0,0,0,0,0,2,0.0526315789473684
"FC_2024_UPZ_1_2","FC",44.8386,-124.05875,2024-08-02,2024,"CF","Unlikely","UPZ",1,2,"FB","Flat","Bench",10,10,10,0,0,0,10,0,0,NA,0,100,0,100,3,17,58.8235294117647,5.1,3.9,4.2,3.8,5,4.4,0,1,0,0,0,1,9,0,61,0,0,9,5,14,0,11,2,0,0,0,0,0,0,0,0,0,0,0,0,0,0.1
"FC_2024_UPZ_1_3","FC",44.8386,-124.05875,2024-08-02,2024,"CF","Unlikely","UPZ",1,3,"FB","Flat","Bench",17,16,16,0,0,0,16,1,1,NA,0,100,0,94.1176470588235,4,20,80,3,3.1,3.8,3.1,2.5,3.1,1,0,0,0,0,1,11,0,72,0,0,6,3,14,0,5,0,0,0,3,0,0,0,0,0,0,0,0,0,3,0.0625
"FC_2024_UPZ_1_4","FC",44.8386,-124.05875,2024-08-02,2024,"CF","Unlikely","UPZ",1,4,"VB","Varied","Bench",20,20,20,0,0,0,20,0,0,NA,0,100,0,100,3,23,86.9565217391304,NA,NA,NA,NA,NA,NA,0,0,0,0,0,0,NA,0,73,0,0,13,0.1,14,0,0,0,0,0,0,0,6,0.1,0,0,0,0,0,0,6.1,0
"FC_2024_UPZ_1_5","FC",44.8386,-124.05875,2024-08-02,2024,"CF","Unlikely","UPZ",1,5,"VB","Varied","Bench",17,17,16,1,0,1,17,0,0,NA,0,94.1176470588235,5.88235294117647,100,1,17,94.1176470588235,3.1,2.1,2.2,3.2,3.3,2.78,0,0,0,0,0,0,5,3,60,0,0,5,2,22,4,4,0,0,20,0,0,20,0,0,0,0,0,0,0,40,0
"FC_2024_UPZ_2_1","FC",44.8386,-124.05875,2024-08-18,2024,"CF","Unlikely","UPZ",2,1,"FB","Flat","Bench",3,3,3,0,0,0,3,0,0,NA,0,100,0,100,1,4,75,3.393,NA,NA,NA,NA,NA,0,0,0,0,0,0,NA,1,67,0,0,7,6,17,0,2,2,0,0,0,0,0,0,8,0,0,0,0,0,8,0
"FC_2024_UPZ_2_2","FC",44.8386,-124.05875,2024-08-18,2024,"CF","Unlikely","UPZ",2,2,"FB","Flat","Bench",9,9,9,0,0,0,9,0,0,NA,0,100,0,100,5,14,64.2857142857143,3.949,3.891,NA,NA,NA,NA,0,0,0,0,0,0,1,9,67,0,0,3,2,15,0,4,3,0,1,23,0,0,2,0,0,0,0,0,0,26,0
"FC_2024_UPZ_2_3","FC",44.8386,-124.05875,2024-08-18,2024,"CF","Unlikely","UPZ",2,3,"FB","Flat","Bench",18,18,18,0,0,0,18,0,0,NA,0,100,0,100,2,20,90,3.5,3.8,4.1,4.5,3.9,3.96,2,0,0,0,0,2,8,1,69,0,0,3,3,18,0,6,0,0,2,3,0,0,2,0,0,0,0,0,0,7,0.111111111111111
"FC_2024_UPZ_2_4","FC",44.8386,-124.05875,2024-08-18,2024,"CF","Unlikely","UPZ",2,4,"FB","Flat","Bench",25,25,25,0,0,0,25,0,0,NA,0,100,0,100,0,25,100,2.8,3.6,4.9,3.8,3.2,3.66,1,0,1,0,0,2,19,7,61,0,0,3,4,16,0,9,0,0,3,10,0,6,4,0,0,0,0,0,0,23,0.08
"FC_2024_UPZ_2_5","FC",44.8386,-124.05875,2024-08-18,2024,"CF","Unlikely","UPZ",2,5,"FB","Flat","Bench",1,1,1,0,0,0,1,0,0,NA,0,100,0,100,0,1,100,4.634,NA,NA,NA,NA,NA,0,0,0,0,0,0,2,6,80,0,0,4,2,8,0,0,0,0,0,30,0,6,0,2,0,0,0,0,0,38,0
"FC_2024_AZ_1_1","FC",44.8386,-124.05875,2024-08-18,2024,"CF","Unlikely","AZ",1,1,"FB","Flat","Bench",11,11,11,0,0,0,11,0,0,NA,0,100,0,100,0,11,100,NA,NA,NA,NA,NA,NA,NA,NA,NA,NA,NA,NA,NA,5,79,0,0,4,8,0,0,4,4,0,0,0,0,6,4,70,0,14,0,0,0,94,NA
"FC_2024_AZ_1_2","FC",44.8386,-124.05875,2024-08-18,2024,"CF","Unlikely","AZ",1,2,"FB","Flat","Bench",8,8,8,0,0,0,8,0,0,NA,0,100,0,100,0,8,100,NA,NA,NA,NA,NA,NA,NA,NA,NA,NA,NA,NA,NA,6,86,0,0,3,3,0,0,2,2,0,5,0,0,0,16,72,0,15,0,0,0,108,NA
"FC_2024_AZ_1_3","FC",44.8386,-124.05875,2024-08-18,2024,"CF","Unlikely","AZ",1,3,"FB","Flat","Bench",11,11,11,0,0,0,11,0,0,NA,0,100,0,100,4,15,73.3333333333333,NA,NA,NA,NA,NA,NA,NA,NA,NA,NA,NA,NA,0.5,8,79,0,0,3,1,5,0,4,4,0,52,0,0,2,0,0,0,0,0,0,0,54,NA
"FC_2024_AZ_1_4","FC",44.8386,-124.05875,2024-08-18,2024,"CF","Unlikely","AZ",1,4,"FB","Flat","Bench",8,6,6,0,0,0,6,2,2,NA,0,100,0,75,2,8,75,NA,NA,NA,NA,NA,NA,NA,NA,NA,NA,NA,NA,NA,12,77,0,0,7,2,0,0,2,2,0,5,3,0,0,0,0,0,75,0,0,0,83,NA
"FC_2024_AZ_1_5","FC",44.8386,-124.05875,2024-08-18,2024,"CF","Unlikely","AZ",1,5,"FB","Flat","Bench",3,3,3,0,0,0,3,0,0,NA,0,100,0,100,7,10,30,NA,NA,NA,NA,NA,NA,NA,NA,NA,NA,NA,NA,NA,0,91,0,0,4,1,1,0.1,3,3,0,0,0,0,6,0,0,0,40,0,0,0,46,NA
"FC_2024_AZ_2_1","FC",44.8386,-124.05875,2024-08-18,2024,"CF","Unlikely","AZ",2,1,"FB","Flat","Bench",2,1,0,0,0,0,0,1,0,NA,0,0,0,0,1,1,0,NA,NA,NA,NA,NA,NA,NA,NA,NA,NA,NA,NA,NA,15,76,0,0,3,2,2,0,2,2,100,90,0,10,10,0,0,0,0,0,0,0,210,NA
"FC_2024_AZ_2_2","FC",44.8386,-124.05875,2024-08-18,2024,"CF","Unlikely","AZ",2,2,"FB","Flat","Bench",0,0,0,0,0,0,0,0,0,NA,0,NA,NA,NA,0,0,NA,NA,NA,NA,NA,NA,NA,NA,NA,NA,NA,NA,NA,0,5,4,0,75,2,2,4,0,8,8,38,85,0,0,0,0,62,0,0,0,0,0,185,NA
"FC_2024_AZ_2_3","FC",44.8386,-124.05875,2024-08-18,2024,"CF","Unlikely","AZ",2,3,"FB","Flat","Bench",2,1,0,0,0,0,0,1,1,NA,0,0,0,0,0,0,NA,NA,NA,NA,NA,NA,NA,NA,NA,NA,NA,NA,NA,NA,0,6,0,79,2,2,10,0,1,1,15,0,0,12,6,0,94,0,0,0,0,0,127,NA
"FC_2024_AZ_2_4","FC",44.8386,-124.05875,2024-08-18,2024,"CF","Unlikely","AZ",2,4,"FB","Flat","Bench",0,0,0,0,0,0,0,0,0,NA,0,NA,NA,NA,0,0,NA,NA,NA,NA,NA,NA,NA,NA,NA,NA,NA,NA,NA,0,3,15,0,66,1,5,7,0,3,3,25,25,0,20,5,0,82,0,0,0,0,0,157,NA
"FC_2024_AZ_2_5","FC",44.8386,-124.05875,2024-08-18,2024,"CF","Unlikely","AZ",2,5,"FB","Flat","Bench",0,0,0,0,0,0,0,0,0,NA,0,NA,NA,NA,2,2,0,NA,NA,NA,NA,NA,NA,NA,NA,NA,NA,NA,NA,0,0,12,0,0,6,8,1,8,65,65,0,0,0,0,10,0,52,0,0,0,0,0,62,NA
"WC_2024_AZ_1_1","WC",42.2229,-124.383,2024-08-20,2024,"SO","Susceptible","AZ",1,1,"VD","Varied","Boulder",4,3,0,3,0,3,3,1,NA,NA,0,0,100,75,5,5,0,NA,NA,NA,NA,NA,NA,NA,NA,NA,NA,NA,NA,NA,0,86,8,0,2,2,1,0,1,1,0,3,0,0,20,0,0,0,0,0,0,0,23,NA
"WC_2024_AZ_1_2","WC",42.2229,-124.383,2024-08-20,2024,"SO","Susceptible","AZ",1,2,"VD","Varied","Boulder",1,1,0,1,0,1,1,0,NA,NA,0,0,100,100,2,2,0,NA,NA,NA,NA,NA,NA,NA,NA,NA,NA,NA,NA,NA,1,78,16,0,0.1,1,1,0.1,3,3,7,0,0,0,12,0,0,0,0,0,0,0,19,NA
"WC_2024_AZ_1_3","WC",42.2229,-124.383,2024-08-20,2024,"SO","Susceptible","AZ",1,3,"FD","Flat","Boulder",2,2,0,0,2,2,0,0,NA,NA,0,0,100,0,0,0,NA,NA,NA,NA,NA,NA,NA,NA,NA,NA,NA,NA,NA,5,0,71,14,5,3,3,0,0.1,4,0,0,0,0,0,4,0,5,0,0,0,0,0,9,NA
"WC_2024_AZ_1_4","WC",42.2229,-124.383,2024-08-20,2024,"SO","Susceptible","AZ",1,4,"VD","Varied","Boulder",8,6,0,3,3,6,3,2,NA,NA,0,0,100,37.5,0,0,NA,NA,NA,NA,NA,NA,NA,NA,NA,NA,NA,NA,NA,4,0,31,7,0,7,8,10,0.1,37,33,0,0,0,0,8,0,0.1,0,0,0,0,0,8.1,NA
"WC_2024_AZ_1_5","WC",42.2229,-124.383,2024-08-20,2024,"SO","Susceptible","AZ",1,5,"VD","Varied","Boulder",0,0,0,0,0,0,0,0,NA,NA,0,NA,NA,NA,2,2,0,NA,NA,NA,NA,NA,NA,NA,NA,NA,NA,NA,NA,0,2,85,3,0,2,2,5,0.1,1,1,0,30,0,0,6,0,0,0,0,7,0,0,43,NA
"WC_2024_AZ_2_1","WC",42.2229,-124.383,2024-08-20,2024,"SO","Susceptible","AZ",2,1,"VB","Varied","Bench",0,0,0,0,0,0,0,0,0,NA,0,NA,NA,NA,0,0,NA,NA,NA,NA,NA,NA,NA,NA,NA,NA,NA,NA,NA,0,0,94,3,0,0,0,0,1,2,2,0,0,0,0,8,0,0,0,0,0,0,0,8,NA
"WC_2024_AZ_2_2","WC",42.2229,-124.383,2024-08-20,2024,"SO","Susceptible","AZ",2,2,"FB","Flat","Bench",0,0,0,0,0,0,0,0,0,NA,0,NA,NA,NA,0,0,NA,NA,NA,NA,NA,NA,NA,NA,NA,NA,NA,NA,NA,0,0,96,0,0,0,0,0,0,4,4,0,0,0,0,29,0,0,0,0,3,0,0,32,NA
"WC_2024_AZ_2_3","WC",42.2229,-124.383,2024-08-20,2024,"SO","Susceptible","AZ",2,3,"VB","Varied","Bench",0,0,0,0,0,0,0,0,0,NA,0,NA,NA,NA,0,0,NA,NA,NA,NA,NA,NA,NA,NA,NA,NA,NA,NA,NA,0,0,88,5,0,0,1,1,0,5,5,0,2,0,0,23,0,0,0,0,4,0,0,29,NA
"WC_2024_AZ_2_4","WC",42.2229,-124.383,2024-08-20,2024,"SO","Susceptible","AZ",2,4,"FB","Flat","Bench",0,0,0,0,0,0,0,0,0,NA,0,NA,NA,NA,0,0,NA,NA,NA,NA,NA,NA,NA,NA,NA,NA,NA,NA,NA,0,0,86,14,0,0,0,0,0,0,0,0,0,0,0,19,0,0,0,0,8,0,0,27,NA
"WC_2024_AZ_2_5","WC",42.2229,-124.383,2024-08-20,2024,"SO","Susceptible","AZ",2,5,"FB","Flat","Bench",0,0,0,0,0,0,0,0,0,NA,0,NA,NA,NA,0,0,NA,NA,NA,NA,NA,NA,NA,NA,NA,NA,NA,NA,NA,0,0,98,2,0,0,0,0,0,0,0,0,0,0,0,85,0,0,0,0,3,0,0,88,NA
"WC_2024_UPZ_1_1","WC",42.2229,-124.383,2024-08-20,2024,"SO","Susceptible","UPZ",1,1,"FB","Flat","Bench",NA,21,19,0,2,2,19,NA,NA,NA,0,90.4761904761905,9.52380952380952,NA,5,24,79.1666666666667,5.6,4.3,3.8,3.1,4.6,4.28,0,0,0,0,0,0,14,0,11,0,0,6,4,3,0,76,62,0,0,0,0,0,0,0,0,0,0,0,0,0,0
"WC_2024_UPZ_1_2","WC",42.2229,-124.383,2024-08-20,2024,"SO","Susceptible","UPZ",1,2,"FB","Flat","Bench",NA,9,5,1,3,4,6,NA,NA,NA,0,55.5555555555556,44.4444444444444,NA,NA,NA,NA,4.7,1.7,5.7,6.2,3.3,4.32,0,1,0,0,0,1,9,0,91,1,0,2,0.1,0,0,6,0,6,5,0,0,9,4,0,0,0,0,0,0,24,0.111111111111111
"WC_2024_UPZ_1_3","WC",42.2229,-124.383,2024-08-20,2024,"SO","Susceptible","UPZ",1,3,"VB","Varied","Bench",13,10,7,1,2,3,8,3,3,NA,0,70,30,61.5384615384615,6,NA,NA,7.9,3.6,4.2,5,3.6,4.86,0,0,0,0,1,1,10,0,74,1,0,3,0,0,0,22,12,0,0,0,0,10,0,0,0,0,0,0,0,10,0.1
"WC_2024_UPZ_1_4","WC",42.2229,-124.383,2024-08-20,2024,"SO","Susceptible","UPZ",1,4,"VD","Varied","Boulder",NA,3,1,0,2,2,1,NA,NA,NA,0,33.3333333333333,66.6666666666667,NA,5,6,16.6666666666667,7.3,2.1,NA,NA,NA,NA,0,0,0,0,0,0,4,1,4,0,0,7,1,1,0,86,82,0,0,0,0,0,0,0,0,0,0,0,0,0,0
"WC_2024_UPZ_1_5","WC",42.2229,-124.383,2024-08-20,2024,"SO","Susceptible","UPZ",1,5,"VD","Varied","Boulder",NA,24,2,5,17,22,7,NA,NA,NA,0,8.33333333333333,91.6666666666667,NA,13,15,13.3333333333333,3.1,3.8,4.4,5.3,5,4.32,0,0,0,0,0,0,7,0,2,0,0,13,6,0,0,79,72,0,0,0,0,0,0,0,0,0,0,0,0,0,0
"WC_2024_UPZ_2_1","WC",42.2229,-124.383,2024-08-20,2024,"SO","Susceptible","UPZ",2,1,"VB","Varied","Bench",NA,9,9,0,0,0,9,NA,NA,NA,0,100,0,NA,0,9,100,6.1,4.5,3.5,5.1,4.5,4.74,0,1,0,0,1,2,5,5,82,0.1,0,4,0,0.1,0.1,9,4,0,5,0,11,10,2,0,0,0,0,0,0,28,0.222222222222222
"WC_2024_UPZ_2_2","WC",42.2229,-124.383,2024-08-20,2024,"SO","Susceptible","UPZ",2,2,"FB","Flat","Bench",21,10,8,0,2,2,8,11,11,NA,0,80,20,38.0952380952381,1,NA,NA,5.1,4.6,2.3,4.9,4.9,4.36,0,0,0,0,1,1,13,5,69,1,0,6,2,3,0.1,14,1,2,4,0,8,5,8,0,0,0,0,0,0,27,0.1
"WC_2024_UPZ_2_3","WC",42.2229,-124.383,2024-08-20,2024,"SO","Susceptible","UPZ",2,3,"CD","Varied","Cobbles",NA,14,0,6,8,14,6,NA,NA,NA,0,0,100,NA,0,0,NA,5,5.3,5.9,4,4,4.84,0,0,0,0,0,0,22,0,0,0,0,24,5,0,0,71,49,0,0,0,0,0,0,0,0,0,0,0,0,0,0
"WC_2024_UPZ_2_4","WC",42.2229,-124.383,2024-08-20,2024,"SO","Susceptible","UPZ",2,4,"VD","Varied","Boulder",19,19,3,0,16,16,3,0,0,NA,0,15.7894736842105,84.2105263157895,15.7894736842105,15,18,16.6666666666667,2.7,4.9,4.9,4.5,4.5,4.3,0,0,0,0,0,0,17,0,12,0,0,9,4,1,0,74,57,0,0,0,0,0,0,0,0,0,0,0,0,0,0
"WC_2024_UPZ_2_5","WC",42.2229,-124.383,2024-08-20,2024,"SO","Susceptible","UPZ",2,5,"VD","Varied","Boulder",8,8,4,0,4,4,4,0,0,NA,0,50,50,50,4,8,50,6.1,5.3,3.6,NA,NA,NA,0,0,0,0,0,0,4,7,67,0,0,4,0,0,0,23,19,0,0,0,0,5,15,0,0,0,0,18,0,38,0
"WC_2024_NPZ_1_1","WC",42.2229,-124.383,2024-08-20,2024,"SO","Susceptible","NPZ",1,1,"VD","Varied","Boulder",24,24,5,19,0,19,24,0,0,NA,0,20.8333333333333,79.1666666666667,100,13,NA,NA,5.1,5.1,4.9,4.7,4.8,4.92,0,0,0,0,0,0,19,0,2,0.1,0,16,2,3,0,77,58,0,0,0,0,0,0,0,0,0,0,0,0,0,0
"WC_2024_NPZ_1_2","WC",42.2229,-124.383,2024-08-20,2024,"SO","Susceptible","NPZ",1,2,"VD","Varied","Boulder",28,26,2,17,7,24,19,2,1,NA,0,7.69230769230769,92.3076923076923,67.8571428571429,0,2,100,5.1,5.8,4.6,4.6,5.4,5.1,0,0,0,0,0,0,26,0,2,0,0,29,2,0,0,67,41,0,0,0,0,0,0,0,0,0,0,0,0,0,0
"WC_2024_NPZ_1_3","WC",42.2229,-124.383,2024-08-20,2024,"SO","Susceptible","NPZ",1,3,"VD","Varied","Boulder",58,52,5,0,47,47,5,6,2,NA,1,9.61538461538462,90.3846153846154,8.62068965517241,1,NA,NA,5.5,5.4,5.1,5,4.7,5.14,0,0,0,0,0,0,70,3,0.1,0,0,8,6,0,0,83,13,0,0,0,0,0,6,0,0,0,0,0,0,6,0
"WC_2024_NPZ_1_4","WC",42.2229,-124.383,2024-08-20,2024,"SO","Susceptible","NPZ",1,4,"VD","Varied","Boulder",NA,12,3,9,0,9,12,NA,NA,NA,0,25,75,NA,0,NA,NA,6.1,6.6,4.9,3.4,4.1,5.02,1,0,0,0,1,2,16,20,7,0,0,14,0.1,2,0,57,41,0,0,0,0,3,0,0,0,1,0,60,0,64,0.166666666666667
"WC_2024_NPZ_1_5","WC",42.2229,-124.383,2024-08-20,2024,"SO","Susceptible","NPZ",1,5,"VD","Varied","Boulder",NA,24,0,7,17,24,7,NA,NA,NA,0,0,100,NA,1,1,0,4,4.5,4.7,5.9,3.9,4.6,0,0,0,0,0,0,21,0,2,0,0,9,9,0,0,80,59,0,0,0,0,0,0,0,0,0,0,0,0,0,0
"WC_2024_NPZ_2_1","WC",42.2229,-124.383,2024-08-20,2024,"SO","Susceptible","NPZ",2,1,"CD","Varied","Cobbles",28,27,0,0,27,27,0,1,NA,NA,0,0,100,0,0,0,NA,6.5,6.1,5.8,6.3,5.6,6.06,0,0,0,0,1,1,36,0,0,0,0,2,1,0,0,97,61,0,0,0,0,0,0,0,0,0,0,0,0,0,0.037037037037037
"WC_2024_NPZ_2_2","WC",42.2229,-124.383,2024-08-20,2024,"SO","Susceptible","NPZ",2,2,"VB","Varied","Bench",NA,7,0,0,7,7,0,NA,NA,NA,0,0,100,NA,0,0,NA,4.1,5.7,5.4,6.1,3.8,5.02,0,0,0,0,0,0,7,0,0,0,0,5,3,0,0,92,85,0,0,0,0,0,0,0,0,0,0,0,0,0,0
"WC_2024_NPZ_2_3","WC",42.2229,-124.383,2024-08-20,2024,"SO","Susceptible","NPZ",2,3,"VB","Varied","Bench",NA,5,4,0,1,1,4,NA,NA,NA,0,80,20,NA,6,10,40,6.3,6.4,5.6,5.6,4.5,5.68,0,0,0,0,1,1,5,0,0,0,18,2,1,0,2,77,72,0,0,0,0,0,0,5,0,0,0,0,0,5,0.2
"WC_2024_NPZ_2_4","WC",42.2229,-124.383,2024-08-20,2024,"SO","Susceptible","NPZ",2,4,"FB","Flat","Bench",NA,20,4,2,14,16,6,NA,NA,NA,1,20,80,NA,0,4,100,6,4.3,5.4,6.4,5.1,5.44,0,0,0,0,1,1,23,0,3,0,0.1,7,4,0,0,86,63,0,0,0,0,0,0,0.1,0,0,0,0,0,0.1,0.05
"WC_2024_NPZ_2_5","WC",42.2229,-124.383,2024-08-20,2024,"SO","Susceptible","NPZ",2,5,"VB","Varied","Bench",20,19,2,3,14,17,5,1,NA,NA,0,10.5263157894737,89.4736842105263,25,1,3,66.6666666666667,7.5,5.4,6.5,6.6,4.4,6.08,0,0,0,0,0,0,21,0,11,0,0,4,1,0,5,79,58,0,0,0,0,0,0,0,0,0,0,4,0,4,0
"CP_2024_AZ_1_1","CP",42.0434,-124.2899,2024-08-19,2024,"SO","Susceptible","AZ",1,1,"VB","Varied","Bench",NA,0,0,0,0,0,0,NA,NA,NA,0,NA,NA,NA,0,0,NA,NA,NA,NA,NA,NA,NA,NA,NA,NA,NA,NA,NA,0,0,93,3,0,0,0,0,0,4,4,0,7,0,0,15,0,0,0,0,0,0,0,22,NA
"CP_2024_AZ_1_2","CP",42.0434,-124.2899,2024-08-19,2024,"SO","Susceptible","AZ",1,2,"FB","Flat","Bench",NA,0,0,0,0,0,0,NA,NA,NA,0,NA,NA,NA,0,0,NA,NA,NA,NA,NA,NA,NA,NA,NA,NA,NA,NA,NA,0,2,92,0,6,0,0,0,0,0,0,0,7,6,12,2,0,26,0,0,0,0,0,53,NA
"CP_2024_AZ_1_3","CP",42.0434,-124.2899,2024-08-19,2024,"SO","Susceptible","AZ",1,3,"VB","Varied","Bench",NA,0,0,0,0,0,0,NA,NA,NA,0,NA,NA,NA,0,0,NA,NA,NA,NA,NA,NA,NA,NA,NA,NA,NA,NA,NA,0,0,98,2,0,0,0,0,0,0,0,40,0,0,24,20,0,0,0,0,0,0,0,84,NA
"CP_2024_AZ_1_4","CP",42.0434,-124.2899,2024-08-19,2024,"SO","Susceptible","AZ",1,4,"FB","Flat","Bench",NA,0,0,0,0,0,0,NA,NA,NA,0,NA,NA,NA,0,0,NA,NA,NA,NA,NA,NA,NA,NA,NA,NA,NA,NA,NA,0,0,95,2,0,0,0.1,0,0,3,3,0,0,0,0,37,0,0,0,0,0,0,0,37,NA
"CP_2024_AZ_1_5","CP",42.0434,-124.2899,2024-08-19,2024,"SO","Susceptible","AZ",1,5,"VB","Varied","Bench",NA,0,0,0,0,0,0,NA,NA,NA,0,NA,NA,NA,0,0,NA,NA,NA,NA,NA,NA,NA,NA,NA,NA,NA,NA,NA,0,0,100,0,0,0,0,0,0,0,0,47,20,0,0,0,0,0,0,0,0,0,0,67,NA
"CP_2024_AZ_2_1","CP",42.0434,-124.2899,2024-08-19,2024,"SO","Susceptible","AZ",2,1,"VB","Varied","Bench",NA,0,0,0,0,0,0,NA,NA,NA,0,NA,NA,NA,0,0,NA,NA,NA,NA,NA,NA,NA,NA,NA,NA,NA,NA,NA,0,0,100,0,0,0,0,0,0,0,0,0,0,0,0,22,0,0,0,0,0,0,0,22,NA
"CP_2024_AZ_2_2","CP",42.0434,-124.2899,2024-08-19,2024,"SO","Susceptible","AZ",2,2,"VB","Varied","Bench",NA,0,0,0,0,0,0,NA,NA,NA,0,NA,NA,NA,0,0,NA,NA,NA,NA,NA,NA,NA,NA,NA,NA,NA,NA,NA,0,0,96,0,0,3,0,0,0,1,1,81,11,0,0,10,0,0,0,0,0,0,0,102,NA
"CP_2024_AZ_2_3","CP",42.0434,-124.2899,2024-08-19,2024,"SO","Susceptible","AZ",2,3,"VB","Varied","Bench",NA,0,0,0,0,0,0,NA,NA,NA,0,NA,NA,NA,0,0,NA,NA,NA,NA,NA,NA,NA,NA,NA,NA,NA,NA,NA,0,0,96,0,4,0,0,0,0,0,0,28,0,0,0,17,0,13,4,0,0,0,0,62,NA
"CP_2024_AZ_2_4","CP",42.0434,-124.2899,2024-08-19,2024,"SO","Susceptible","AZ",2,4,"VB","Varied","Bench",NA,0,0,0,0,0,0,NA,NA,NA,0,NA,NA,NA,0,0,NA,NA,NA,NA,NA,NA,NA,NA,NA,NA,NA,NA,NA,0,0,97,2,0,0,0,0,0,1,1,22,0,0,0,10,0,0,27,0,0,0,0,59,NA
"CP_2024_AZ_2_5","CP",42.0434,-124.2899,2024-08-19,2024,"SO","Susceptible","AZ",2,5,"FB","Flat","Bench",NA,0,0,0,0,0,0,NA,NA,NA,0,NA,NA,NA,0,0,NA,NA,NA,NA,NA,NA,NA,NA,NA,NA,NA,NA,NA,0,0,98,2,0,0,0,0,0,0,0,18,0,0,0,13,0,0,0,0,0,0,0,31,NA
"CP_2024_UPZ_1_1","CP",42.0434,-124.2899,2024-08-19,2024,"SO","Susceptible","UPZ",1,1,"VD","Varied","Boulder",NA,17,11,4,2,6,15,NA,NA,NA,0,64.7058823529412,35.2941176470588,NA,1,11,100,4.118,4.354,3.906,4.311,4.277,4.1932,0,0,0,0,0,0,9,0,57,0,1,22,7,3,0,10,1,0,0,0,0,0,0,2,0,6,0,0,0,8,0
"CP_2024_UPZ_1_2","CP",42.0434,-124.2899,2024-08-19,2024,"SO","Susceptible","UPZ",1,2,"VD","Varied","Boulder",NA,23,23,0,0,0,23,NA,NA,NA,0,100,0,NA,1,24,95.8333333333333,3.332,3.474,2.693,3.801,3.949,3.4498,0,0,1,0,0,1,16,0,74,0,0,7,1,3,0,15,0,0,0,13,0,0,0,0,0,0,0,0,0,13,0.0434782608695652
"CP_2024_UPZ_1_3","CP",42.0434,-124.2899,2024-08-19,2024,"SO","Susceptible","UPZ",1,3,"VD","Varied","Boulder",NA,30,10,13,7,20,23,NA,NA,NA,0,33.3333333333333,66.6666666666667,NA,1,11,90.9090909090909,4.089,3.539,2.92,4.655,3.929,3.8264,1,0,0,0,0,1,46,1,7,0,0,58,5,3,0,26,0,0,0,0,0,5,0,0,0,0,0,0,0,5,0.0333333333333333
"CP_2024_UPZ_1_4","CP",42.0434,-124.2899,2024-08-19,2024,"SO","Susceptible","UPZ",1,4,"VD","Varied","Boulder",NA,45,34,9,2,11,43,NA,NA,NA,0,75.5555555555556,24.4444444444444,NA,0,34,100,5.547,5.658,5.074,5.588,5.138,5.401,0,0,0,0,0,0,85,0,2,0,0,48,2,15,0,33,0,0,0,0,0,0,0,0,0,0,0,0,0,0,0
"CP_2024_UPZ_1_5","CP",42.0434,-124.2899,2024-08-19,2024,"SO","Susceptible","UPZ",1,5,"VD","Varied","Boulder",NA,58,12,28,18,46,40,NA,NA,NA,0,20.6896551724138,79.3103448275862,NA,0,21,57.1428571428571,4.386,5.068,4.484,2.493,4.921,4.2704,0,0,0,0,0,0,59,0,0,0,0,71,5,6,0,18,0,0,0,0,0,0,0,0,0,0,0,0,0,0,0
"CP_2024_UPZ_2_1","CP",42.0434,-124.2899,2024-08-19,2024,"SO","Susceptible","UPZ",2,1,"VD","Varied","Boulder",NA,21,3,14,4,18,17,NA,NA,NA,0,14.2857142857143,85.7142857142857,NA,0,3,100,4.192,4.766,3.74,6.062,5.336,4.8192,0,0,0,0,0,0,14,1,58,0,0,22,2,2,0,15,1,0,0,3,0,0,0,0,0,0,0,0,0,3,0
"CP_2024_UPZ_2_2","CP",42.0434,-124.2899,2024-08-19,2024,"SO","Susceptible","UPZ",2,2,"CD","Varied","Cobbles",NA,25,4,6,15,21,10,NA,NA,NA,0,16,84,NA,0,4,100,6.557,6.786,5.469,5.809,6.045,6.1332,0,0,0,0,0,0,32,0,0,0,0,62,1,15,1,21,0,0,0,0,0,0,0,0,0,0,0,0,0,0,0
"CP_2024_UPZ_2_3","CP",42.0434,-124.2899,2024-08-19,2024,"SO","Susceptible","UPZ",2,3,"VD","Varied","Boulder",NA,30,2,8,20,28,10,NA,NA,NA,0,6.66666666666667,93.3333333333333,NA,0,2,100,4.377,4.349,5.043,6.14,3.593,4.7004,0,0,0,0,0,0,36,0,0,0,0,44,1,0,0,55,19,0,0,0,0,0,0,0,0,0,0,0,0,0,0
"CP_2024_UPZ_2_4","CP",42.0434,-124.2899,2024-08-19,2024,"SO","Susceptible","UPZ",2,4,"VD","Varied","Boulder",NA,19,1,10,8,18,11,NA,NA,NA,0,5.26315789473684,94.7368421052632,NA,0,1,100,5.063,5.969,5.084,6.416,5.994,5.7052,0,1,0,0,0,1,22,0,0,0,0,34,12,5,7,42,20,0,0,0,0,0,0,0,0,0,0,0,0,0,0.0526315789473684
"CP_2024_UPZ_2_5","CP",42.0434,-124.2899,2024-08-19,2024,"SO","Susceptible","UPZ",2,5,"VD","Varied","Boulder",NA,18,3,8,7,15,11,NA,NA,NA,0,16.6666666666667,83.3333333333333,NA,0,3,100,5.594,7.04,6.805,7.164,3.129,5.9464,0,0,0,0,0,0,20,0,0,0,0,75,10,1,1,13,0,0,0,0,0,0,0,0,0,0,0,0,0,0,0
"CP_2024_NPZ_1_1","CP",42.0434,-124.2899,2024-08-19,2024,"SO","Susceptible","NPZ",1,1,"VD","Varied","Boulder",NA,23,7,10,6,16,17,NA,NA,NA,0,30.4347826086957,69.5652173913043,NA,16,23,30.4347826086957,4.074,4.178,5.437,4.061,5.864,4.7228,0,1,0,0,0,1,4,0,0,0,0,19,2,3,0,76,72,0,0,0,0,0,0,0,0,0,0,0,0,0,0.0434782608695652
"CP_2024_NPZ_1_2","CP",42.0434,-124.2899,2024-08-19,2024,"SO","Susceptible","NPZ",1,2,"VD","Varied","Boulder",NA,7,0,7,0,7,7,NA,NA,NA,0,0,100,NA,2,2,0,3.912,3.373,3.097,3.01,2.976,3.2736,0,0,0,0,0,0,4,0,19,0,0,2,0,9,0,70,66,0,0,0,0,0,0,0,0,0,0,0,0,0,0
"CP_2024_NPZ_1_3","CP",42.0434,-124.2899,2024-08-19,2024,"SO","Susceptible","NPZ",1,3,"VD","Varied","Boulder",NA,6,0,6,0,6,6,NA,NA,NA,0,0,100,NA,0,0,NA,4.544,4.971,NA,NA,NA,NA,0,0,0,0,0,0,1,0,85,0,0,7,0,0,0,8,7,0,0,64,0,0,0,0,0,0,1,0,0,65,0
"CP_2024_NPZ_1_4","CP",42.0434,-124.2899,2024-08-19,2024,"SO","Susceptible","NPZ",1,4,"VD","Varied","Boulder",NA,6,0,6,0,6,6,NA,NA,NA,0,0,100,NA,0,0,NA,6.179,NA,NA,NA,NA,NA,0,0,0,0,0,0,1,6,76,0,0,13,1,1,0,3,2,0,0,60,0,0,0,0,0,0,0,0,0,60,0
"CP_2024_NPZ_1_5","CP",42.0434,-124.2899,2024-08-19,2024,"SO","Susceptible","NPZ",1,5,"VD","Varied","Boulder",NA,37,0,37,0,37,37,NA,NA,NA,0,0,100,NA,0,0,NA,3.252,2.951,3.438,3.902,3.915,3.4916,0,1,0,1,0,2,17,0,78,0,0,6,1,2,0,13,0,0,0,55,0,0,0,0,0,0,0,0,0,55,0.0540540540540541
"CP_2024_NPZ_2_1","CP",42.0434,-124.2899,2024-08-19,2024,"SO","Susceptible","NPZ",2,1,"VD","Varied","Boulder",NA,6,0,5,1,6,5,NA,NA,NA,0,0,100,NA,0,0,NA,6.716,5.9,5.989,5.37,3.77,5.549,0,0,0,0,0,0,4,0,27,0,0,32,19,4,0,18,14,0,0,0,0,12,0,0,0,0,0,0,0,12,0
"CP_2024_NPZ_2_2","CP",42.0434,-124.2899,2024-08-19,2024,"SO","Susceptible","NPZ",2,2,"VD","Varied","Boulder",NA,25,0,16,9,25,16,NA,NA,NA,0,0,100,NA,0,0,NA,4.1,4.2,5,6.3,5.8,5.08,1,0,0,0,0,1,36,0,0,0,0,20,5,5,0,70,34,0,0,0,0,0,0,0,0,0,0,0,0,0,0.04
"CP_2024_NPZ_2_3","CP",42.0434,-124.2899,2024-08-19,2024,"SO","Susceptible","NPZ",2,3,"VD","Varied","Boulder",NA,12,0,12,0,12,12,NA,NA,NA,0,0,100,NA,0,0,NA,4.665,3.814,2.596,3.113,4.261,3.6898,0,0,0,0,0,0,10,1,65,0,0,17,3,2,0,12,2,1,2,0,9,0,0,0,0,0,0,0,0,12,0
"CP_2024_NPZ_2_4","CP",42.0434,-124.2899,2024-08-19,2024,"SO","Susceptible","NPZ",2,4,"VD","Varied","Boulder",NA,7,0,6,1,7,6,NA,NA,NA,0,0,100,NA,0,0,NA,3.285,3.472,2.764,NA,NA,NA,0,1,0,0,0,1,5,0,0,0,0,27,15,5,0,53,48,0,17,0,0,0,0,0,0,0,0,0,0,17,0.142857142857143
"CP_2024_NPZ_2_5","CP",42.0434,-124.2899,2024-08-19,2024,"SO","Susceptible","NPZ",2,5,"VD","Varied","Boulder",NA,2,0,1,1,2,1,NA,NA,NA,0,0,100,NA,0,0,NA,5.435,NA,NA,NA,NA,NA,0,0,0,0,0,0,1,2,31,0,0,32,6,0,0,29,28,0,18,0,0,16,0,0,0,0,0,0,0,34,0
"BB_2024_AZ_1_1","BB",44.8303,-124.0607,2024-07-08,2024,"CF","Unlikely","AZ",1,1,"FB","Flat","Bench",1,0,0,0,0,0,0,1,NA,NA,0,NA,NA,0,0,0,NA,NA,NA,NA,NA,NA,NA,NA,NA,NA,NA,NA,NA,0,15,20,0,1,60,2,1,0,1,1,0,0,0,0,0,0,26,0,78,0,0,0,104,NA
"BB_2024_AZ_1_2","BB",44.8303,-124.0607,2024-07-08,2024,"CF","Unlikely","AZ",1,2,"FB","Flat","Bench",0,0,0,0,0,0,0,0,0,NA,0,NA,NA,NA,0,0,NA,NA,NA,NA,NA,NA,NA,NA,NA,NA,NA,NA,NA,0,19,29,0,8,3,2,1,0,38,38,0,0,0,0,0,0,16,0,37,0,0,0,53,NA
"BB_2024_AZ_1_3","BB",44.8303,-124.0607,2024-07-08,2024,"CF","Unlikely","AZ",1,3,"FB","Flat","Bench",0,0,0,0,0,0,0,0,0,NA,0,NA,NA,NA,0,0,NA,NA,NA,NA,NA,NA,NA,NA,NA,NA,NA,NA,NA,0,5,78,0,7,4,3,0.1,0,3,3,0,0,0,0,0,0,68,0,36,0,0,0,104,NA
"BB_2024_AZ_1_4","BB",44.8303,-124.0607,2024-07-08,2024,"CF","Unlikely","AZ",1,4,"VB","Varied","Bench",17,15,2,12,1,13,14,2,1,NA,0,13.3333333333333,86.6666666666667,82.3529411764706,1,3,66.6666666666667,NA,NA,NA,NA,NA,NA,NA,NA,NA,NA,NA,NA,2,6,26,0,9,53,2,4,0,0,0,0,0,0,0,0,0,20,0,28,0,0,0,48,NA
"BB_2024_AZ_1_5","BB",44.8303,-124.0607,2024-07-08,2024,"CF","Unlikely","AZ",1,5,"FB","Flat","Bench",3,2,1,1,0,1,2,1,1,NA,0,50,50,66.6666666666667,0,1,100,NA,NA,NA,NA,NA,NA,NA,NA,NA,NA,NA,NA,NA,0,64,0,17,9,2,4,0,4,4,0,0,0,0,0,0,42,0,90,0,0,0,132,NA
"BB_2024_AZ_2_1","BB",44.8303,-124.0607,2024-07-08,2024,"CF","Unlikely","AZ",2,1,"FB","Flat","Bench",5,5,5,0,0,0,5,0,NA,NA,0,100,0,100,6,11,45.4545454545455,NA,NA,NA,NA,NA,NA,NA,NA,NA,NA,NA,NA,NA,0.1,78,17,0,0,0,0,0,5,5,14,3,0,3,36,0,0,0,0,0,0,0,56,NA
"BB_2024_AZ_2_2","BB",44.8303,-124.0607,2024-07-08,2024,"CF","Unlikely","AZ",2,2,"FB","Flat","Bench",0,0,0,0,0,0,0,0,NA,NA,0,NA,NA,NA,1,1,0,NA,NA,NA,NA,NA,NA,NA,NA,NA,NA,NA,NA,0,2,19,71,0,0.1,0,0,0,8,8,0,7,0,0,0,0,0,0,0,0,0,0,7,NA
"BB_2024_AZ_2_3","BB",44.8303,-124.0607,2024-07-08,2024,"CF","Unlikely","AZ",2,3,"VB","Varied","Bench",1,1,1,0,0,0,1,0,NA,NA,0,100,0,100,3,4,25,NA,NA,NA,NA,NA,NA,NA,NA,NA,NA,NA,NA,NA,2,5,60,0,3,0,0,0,30,30,0,6,0,0,2,0,0,0,0,0,0,0,8,NA
"BB_2024_AZ_2_4","BB",44.8303,-124.0607,2024-07-08,2024,"CF","Unlikely","AZ",2,4,"VB","Varied","Bench",6,6,6,0,0,0,6,0,NA,NA,0,100,0,100,7,13,46.1538461538462,NA,NA,NA,NA,NA,NA,NA,NA,NA,NA,NA,NA,NA,0,17,26,0,5,0,0,4,48,48,0,5,0,0,0,0,0,0,0,0,0,0,5,NA
"BB_2024_AZ_2_5","BB",44.8303,-124.0607,2024-07-08,2024,"CF","Unlikely","AZ",2,5,"VB","Varied","Bench",0,0,0,0,0,0,0,0,NA,NA,0,NA,NA,NA,0,0,NA,NA,NA,NA,NA,NA,NA,NA,NA,NA,NA,NA,NA,0,1,81,6,0,6,0.1,0,0,6,6,0,22,0,7,30,0,0,0,0,0,0,0,59,NA
"BB_2024_UPZ_1_1","BB",44.8303,-124.0607,2024-05-08,2024,"CF","Unlikely","UPZ",1,1,"FB","Flat","Bench",52,47,44,0,3,3,44,5,NA,NA,0,93.6170212765958,6.38297872340426,84.6153846153846,1,45,97.7777777777778,3.6,5.7,4.2,4.7,0.6,3.76,0,2,0,1,0,3,40,0,16,0,0,25,1,0,0,58,18,0,0,0,0,0,0,0,0,0,0,0,0,0,0.0638297872340425
"BB_2024_UPZ_1_2","BB",44.8303,-124.0607,2024-05-08,2024,"CF","Unlikely","UPZ",1,2,"FB","Flat","Bench",31,26,26,0,0,0,26,5,NA,NA,0,100,0,83.8709677419355,0,26,100,2.2,3.7,3.1,3,2.9,2.98,0,0,0,1,0,1,10,0,72,0,0,9,1,0,0,18,8,0,0,0,0,0,0,0,0,0,0,0,0,0,0.0384615384615385
"BB_2024_UPZ_1_3","BB",44.8303,-124.0607,2024-05-08,2024,"CF","Unlikely","UPZ",1,3,"FB","Flat","Bench",55,46,46,0,0,0,46,9,NA,NA,0,100,0,83.6363636363636,2,47,97.8723404255319,3.8,4.8,4.5,3.2,3.7,4,0,0,0,1,0,1,22,0,36,0,0,8,2,0,0,54,32,0,0,0,0,0,0,0,0,0,0,0,0,0,0.0217391304347826
"BB_2024_UPZ_1_4","BB",44.8303,-124.0607,2024-05-08,2024,"CF","Unlikely","UPZ",1,4,"FB","Flat","Bench",NA,27,27,0,0,0,27,NA,NA,NA,0,100,0,NA,1,28,96.4285714285714,4.8,3.1,3.7,4.7,3,3.86,0,0,0,0,0,0,12,1,52,0,0,3,1,0,0,43,31,0,1,0,0,1,0,0,0,0,0,0,0,2,0
"BB_2024_UPZ_1_5","BB",44.8303,-124.0607,2024-05-08,2024,"CF","Unlikely","UPZ",1,5,"FB","Flat","Bench",NA,50,49,0,1,1,49,NA,NA,NA,0,98,2,NA,0,49,100,2.3,3.8,3.4,4.4,7.8,4.34,0,0,0,0,0,0,33,0,53,0,0,6,0.1,0,0,41,8,0,4,0,1,0,1,0,0,0,0,0,0,6,0
"BB_2024_UPZ_2_1","BB",44.8303,-124.0607,2024-07-08,2024,"CF","Unlikely","UPZ",2,1,"FB","Flat","Bench",42,41,32,0,9,9,32,1,1,NA,0,78.0487804878049,21.9512195121951,76.1904761904762,3,35,91.4285714285714,5.1,5.8,4.3,5.7,6.4,5.46,0,0,0,1,0,1,45,0,4,1,0,6,0,3,5,81,36,0,0,0,1,0,0,0,0,0,0,0,0,1,0.024390243902439
"BB_2024_UPZ_2_2","BB",44.8303,-124.0607,2024-07-08,2024,"CF","Unlikely","UPZ",2,2,"VB","Varied","Bench",29,29,29,0,0,0,29,0,0,NA,0,100,0,100,5,34,85.2941176470588,4.4,5.9,5.5,2.2,5.4,4.68,2,1,0,0,0,3,42,0,24,0,0,8,3,0,0,65,23,0,0,0,0,0,0,0,0,0,0,0,0,0,0.103448275862069
"BB_2024_UPZ_2_3","BB",44.8303,-124.0607,2024-07-08,2024,"CF","Unlikely","UPZ",2,3,"VB","Varied","Bench",29,29,29,0,0,0,29,0,0,NA,0,100,0,100,2,31,93.5483870967742,4.6,5,4.7,4.6,5.2,4.82,1,0,0,0,0,1,28,0,26,7,0,3,0,6,4,54,26,0,0,0,2,2,5,0,0,0,0,0,0,9,0.0344827586206897
"BB_2024_UPZ_2_4","BB",44.8303,-124.0607,2024-07-08,2024,"CF","Unlikely","UPZ",2,4,"FB","Flat","Bench",30,30,28,0,2,2,28,0,0,NA,0,93.3333333333333,6.66666666666667,93.3333333333333,3,34,82.3529411764706,NA,NA,NA,NA,NA,NA,0,0,0,0,0,0,NA,0,17,0,0,6,0,1,6,70,70,0,0,0,9,16,2,0,0,0,0,0,0,27,0
"BB_2024_UPZ_2_5","BB",44.8303,-124.0607,2024-07-08,2024,"CF","Unlikely","UPZ",2,5,"FB","Flat","Bench",8,8,7,1,0,1,8,0,0,NA,0,87.5,12.5,100,5,12,58.3333333333333,6,6.2,5.5,4.8,4.5,5.4,0,1,1,1,0,3,39,1,69,4,0,10,0,0,0,16,0,0,0,0,0,0,0,0,0,0,0,0,0,0,0.375
"BB_2024_NPZ_1_1","BB",44.8303,-124.0607,2024-07-08,2024,"CF","Unlikely","NPZ",1,1,"VD","Varied","Boulder",30,24,0,4,20,24,4,6,0,NA,0,0,100,13.3333333333333,0,0,NA,2.776,NA,NA,NA,NA,NA,0,0,2,2,0,4,2,0,6,0,0,17,2,1,0,74,72,0,8,0,10,0,0,17,0,0,0,0,0,35,0.166666666666667
"BB_2024_NPZ_1_2","BB",44.8303,-124.0607,2024-05-08,2024,"CF","Unlikely","NPZ",1,2,"VD","Varied","Boulder",14,14,0,0,14,14,0,0,0,NA,0,0,100,0,0,0,NA,4.7,5.1,5.8,5.8,4.6,5.2,0,0,0,1,0,1,17,0,0,0,7,28,0,2,0,63,46,0,0,0,0,0,0,35,0,0,0,0,0,35,0.0714285714285714
"BB_2024_NPZ_1_3","BB",44.8303,-124.0607,2024-05-08,2024,"CF","Unlikely","NPZ",1,3,"VD","Varied","Boulder",3,3,0,0,3,3,0,0,0,NA,0,0,100,0,0,0,NA,5.564,3.305,6.269,NA,NA,NA,0,0,0,0,0,0,2,0,6,0,4,7,0,1,0,82,80,0,0,0,0,0,0,5,0,0,0,0,0,5,0
"BB_2024_NPZ_1_4","BB",44.8303,-124.0607,2024-05-08,2024,"CF","Unlikely","NPZ",1,4,"VD","Varied","Boulder",21,20,6,2,12,14,8,1,0,NA,0,30,70,38.0952380952381,1,21,28.5714285714286,3.8,3.5,3.4,4.7,3.1,3.7,1,0,0,0,0,1,19,0,12,0,4,4,2,0,0,78,59,0,0,0,0,0,0,7,0,0,0,0,0,7,0.05
"BB_2024_NPZ_1_5","BB",44.8303,-124.0607,2024-05-08,2024,"CF","Unlikely","NPZ",1,5,"VD","Varied","Boulder",11,11,3,1,7,8,4,0,0,NA,0,27.2727272727273,72.7272727272727,36.3636363636364,2,5,60,2.398,1.518,NA,NA,NA,NA,0,0,0,0,0,0,2,6,84,0,0,2,1,3,0,4,2,2,5,0,1,13,0,0,0,0,0,0,0,21,0
"BB_2024_NPZ_2_1","BB",44.8303,-124.0607,2024-05-08,2024,"CF","Unlikely","NPZ",2,1,"DD","Deep","Boulder",18,18,0,18,0,18,18,0,0,NA,0,0,100,100,0,0,NA,2.8,3.8,2.6,3.1,2.1,2.88,1,0,1,7,0,9,44,0,60,16,0,9,2,6,0,7,0,0,0,0,0,2,0,0,0,0,0,0,0,2,0.5
"BB_2024_NPZ_2_2","BB",44.8303,-124.0607,2024-07-08,2024,"CF","Unlikely","NPZ",2,2,"WD","Wall","Boulder",12,12,2,7,3,10,9,0,0,NA,0,16.6666666666667,83.3333333333333,75,0,2,100,4.1,2.6,3.2,3.5,2.8,3.24,1,2,2,1,1,7,16,0,76,9,0,7,2,0,0,6,0,0,0,0,3,9,0,0,0,0,0,0,0,12,0.583333333333333
"BB_2024_NPZ_2_3","BB",44.8303,-124.0607,2024-07-08,2024,"CF","Unlikely","NPZ",2,3,"WD","Wall","Boulder",8,8,1,7,0,7,8,0,0,NA,0,12.5,87.5,100,1,2,50,3.213,3.92,1.461,NA,NA,NA,0,0,1,0,0,1,7,1,8,0.1,0,12,6,0,0,73,66,3,0,0,8,0,0,0,0,0,0,0,0,11,0.125
"BB_2024_NPZ_2_4","BB",44.8303,-124.0607,2024-07-08,2024,"CF","Unlikely","NPZ",2,4,"WD","Wall","Boulder",7,7,0,7,0,7,7,0,0,NA,0,0,100,100,0,0,NA,5.385,3.578,5.154,2.947,4.107,4.2342,0,0,1,0,0,1,6,1,4,5,0,5,2,3,5,75,69,0,0,0,24,0,2,0,12,0,0,0,0,38,0.142857142857143
"BB_2024_NPZ_2_5","BB",44.8303,-124.0607,2024-07-08,2024,"CF","Unlikely","NPZ",2,5,"WD","Wall","Boulder",48,48,0,48,0,48,48,0,0,NA,0,0,100,100,0,0,NA,5,3.2,3.5,4,5.1,4.16,3,0,1,10,0,14,38,0,0,0.1,0,15,12,6,0,67,29,0,0,0,0,0,0,0,0,0,0,0,0,0,0.291666666666667
"SC_2025_AZ_1_1","SC",43.3032,-124.3974,2025-05-31,2025,"CA","Susceptible","AZ",1,1,"FB","Flat","Bench",0,0,0,0,0,0,0,0,NA,NA,0,NA,NA,NA,0,0,NA,NA,NA,NA,NA,NA,NA,NA,NA,NA,NA,NA,NA,0,9,29,42,0,0,0,0,17,3,3,18,0,0,0,23,0,0,0,0,0,0,0,41,NA
"SC_2025_AZ_1_2","SC",43.3032,-124.3974,2025-05-31,2025,"CA","Susceptible","AZ",1,2,"VB","Varied","Bench",0,0,0,0,0,0,0,0,NA,NA,0,NA,NA,NA,0,0,NA,NA,NA,NA,NA,NA,NA,NA,NA,NA,NA,NA,NA,0,3,13,28,0,0,0.1,0,52,4,4,0,0,0,0,22,0,0,0,0,0,0,0,22,NA
"SC_2025_AZ_1_3","SC",43.3032,-124.3974,2025-05-31,2025,"CA","Susceptible","AZ",1,3,"VB","Varied","Bench",0,0,0,0,0,0,0,0,NA,NA,0,NA,NA,NA,0,0,NA,NA,NA,NA,NA,NA,NA,NA,NA,NA,NA,NA,NA,0,5,53,27,3,1,0,0,7,4,4,0,0,0,0,14,0,1,0,0,1,0,0,16,NA
"SC_2025_AZ_1_4","SC",43.3032,-124.3974,2025-05-31,2025,"CA","Susceptible","AZ",1,4,"VB","Varied","Bench",0,0,0,0,0,0,0,0,NA,NA,0,NA,NA,NA,0,0,NA,NA,NA,NA,NA,NA,NA,NA,NA,NA,NA,NA,NA,0,1,5,44,0,0,1,2,7,40,40,0,0,0,0,22,0,0,0,0,3,0,0,25,NA
"SC_2025_AZ_1_5","SC",43.3032,-124.3974,2025-05-31,2025,"CA","Susceptible","AZ",1,5,"FB","Flat","Bench",0,0,0,0,0,0,0,0,NA,NA,0,NA,NA,NA,0,0,NA,NA,NA,NA,NA,NA,NA,NA,NA,NA,NA,NA,NA,0,1,52,22,9,0,0,0,14,2,2,0,0,0,0,6,0,9,0,0,1,0,0,16,NA
"SC_2025_AZ_2_1","SC",43.3032,-124.3974,2025-05-31,2025,"CA","Susceptible","AZ",2,1,"FB","Flat","Bench",0,0,0,0,0,0,0,0,NA,NA,0,NA,NA,NA,0,0,NA,NA,NA,NA,NA,NA,NA,NA,NA,NA,NA,NA,NA,0,3,2,15,0,0,0,0,80,0,0,18,0,0,0,1,0,58,0,0,0,0,0,77,NA
"SC_2025_AZ_2_2","SC",43.3032,-124.3974,2025-05-31,2025,"CA","Susceptible","AZ",2,2,"VB","Varied","Bench",2,2,2,0,0,0,2,0,NA,NA,0,100,0,100,0,2,100,NA,NA,NA,NA,NA,NA,NA,NA,NA,NA,NA,NA,1,5,33,6,16,5,0,0,32,3,2,25,0,5,0,25,0,15,0,0,0,0,0,70,NA
"SC_2025_AZ_2_3","SC",43.3032,-124.3974,2025-05-31,2025,"CA","Susceptible","AZ",2,3,"VB","Varied","Bench",0,0,0,0,0,0,0,0,NA,NA,0,NA,NA,NA,0,0,NA,NA,NA,NA,NA,NA,NA,NA,NA,NA,NA,NA,NA,0,4,45,15,7,1,0.1,0,28,0,0,12,0,0,0,5,0,11,0,0,0,0,0,28,NA
"SC_2025_AZ_2_4","SC",43.3032,-124.3974,2025-05-31,2025,"CA","Susceptible","AZ",2,4,"VB","Varied","Bench",3,3,3,0,0,0,3,0,NA,NA,0,100,0,100,0,3,100,NA,NA,NA,NA,NA,NA,NA,NA,NA,NA,NA,NA,NA,1,22,1,14,1,0,0,13,48,48,0,0,0,0,6,0,32,0,0,0,0,0,38,NA
"SC_2025_AZ_2_5","SC",43.3032,-124.3974,2025-05-31,2025,"CA","Susceptible","AZ",2,5,"VB","Varied","Bench",0,0,0,0,0,0,0,0,NA,NA,0,NA,NA,NA,0,0,NA,NA,NA,NA,NA,NA,NA,NA,NA,NA,NA,NA,NA,0,0,85,7,0,1,0,0,7,0,0,29,0,0,0,7,0,0,0,0,0,0,0,36,NA
"SC_2025_NPZ_1_1","SC",43.3032,-124.3974,2025-05-31,2025,"CA","Susceptible","NPZ",1,1,"VD","Varied","Boulder",26,26,10,3,13,16,13,0,NA,0,NA,38.4615384615385,61.5384615384615,50,5,15,66.6666666666667,6.3,6.7,4.4,3.6,2.3,4.66,0,0,0,1.8,2.2,4,18,0,0,NA,0.1,15,1,3,0,81,63,0,0,0,0,0,0,0,0,0,0,0,0,0,0.153846153846154
"SC_2025_NPZ_1_2","SC",43.3032,-124.3974,2025-05-31,2025,"CA","Susceptible","NPZ",1,2,"VD","Varied","Boulder",21,18,0,15,3,18,15,3,NA,0,NA,0,100,71.4285714285714,0,0,NA,3,3.8,3.5,3,4.7,3.6,0,0,0,0,2.5,2.5,19,0,0,0,0.1,23,4,1,1,71,52,0,0,0,0,0,0,0,0,0,0,0,0,0,0.138888888888889
"SC_2025_NPZ_1_3","SC",43.3032,-124.3974,2025-05-31,2025,"CA","Susceptible","NPZ",1,3,"VB","Varied","Bench",3,3,3,0,0,0,3,0,NA,0,NA,100,0,100,0,3,100,4,4.9,3.3,NA,NA,NA,0,0,0,0,1,1,2,0,0,0,0.1,2,0.1,0,0,98,96,0,0,0,0,0,0,0,0,0,0,0,0,0,0.333333333333333
"SC_2025_NPZ_1_4","SC",43.3032,-124.3974,2025-05-31,2025,"CA","Susceptible","NPZ",1,4,"VD","Varied","Boulder",9,8,7,1,0,1,8,1,NA,0,NA,87.5,12.5,88.8888888888889,1,8,87.5,1.8,3.4,4.4,NA,NA,NA,0,0,0,0,0,0,4,0,0.1,0,0.1,25,1,0,0,74,70,0,0,0,0,0,0,0,0,0,0,0,0,0,0
"SC_2025_NPZ_1_5","SC",43.3032,-124.3974,2025-05-31,2025,"CA","Susceptible","NPZ",1,5,"VD","Varied","Boulder",31,31,7,22,2,24,29,0,NA,0,NA,22.5806451612903,77.4193548387097,93.5483870967742,10,17,41.1764705882353,2.8,2.5,3.2,3.8,2,2.86,0,0,0,0.4,4,4.4,19,0,0,0,0.1,38,4,0,0,58,39,0,0,0,0,0,0,0,0,0,0,0,0,0,0.141935483870968
"SC_2025_NPZ_2_1","SC",43.3032,-124.3974,2025-05-31,2025,"CA","Susceptible","NPZ",2,1,"VB","Varied","Bench",35,32,23,6,3,9,29,3,NA,0,0,71.875,28.125,82.8571428571429,0,23,100,5.4,3.8,5.5,3,3.3,4.2,0,0,0,0.2,0.3,0.5,25,0,1,0.1,0,17,3,3,3,73,52,0,0,0,0,0,0,0,0,0,0,0,0,0,0.015625
"SC_2025_NPZ_2_2","SC",43.3032,-124.3974,2025-05-31,2025,"CA","Susceptible","NPZ",2,2,"VB","Varied","Bench",10,10,4,6,0,6,10,0,NA,0,NA,40,60,100,3,7,57.1428571428571,4.9,4.1,4.1,4.4,3.1,4.12,0,0,0,0,1,1,5,0,10,5,8,8,2,0,1,66,61,0,0,0,0,0,0,6,0,0,0,0,0,6,0.1
"SC_2025_NPZ_2_3","SC",43.3032,-124.3974,2025-05-31,2025,"CA","Susceptible","NPZ",2,3,"VD","Varied","Boulder",7,6,2,4,0,4,6,1,NA,0,NA,33.3333333333333,66.6666666666667,85.7142857142857,0,2,100,3,5.6,2.9,4.1,1.6,3.44,0.2,0,0,0,0,0.2,3,0,41,2,0.1,3,0.1,4,0,50,47,0,0,0,0,7,0,1,0,0,0,0,0,8,0.0333333333333333
"SC_2025_NPZ_2_4","SC",43.3032,-124.3974,2025-05-31,2025,"CA","Susceptible","NPZ",2,4,"CD","Varied","Cobbles",38,38,11,13,14,27,24,0,NA,0,0,28.9473684210526,71.0526315789474,63.1578947368421,1,12,91.6666666666667,4.3,3.8,5.1,2.7,5,4.18,0,0,0,0,0.5,0.5,27,0,0,8,0.1,17,1,1,12,61,34,0,0,0,0,0,0,0,0,0,0,0,0,0,0.0131578947368421
"SC_2025_NPZ_2_5","SC",43.3032,-124.3974,2025-05-31,2025,"CA","Susceptible","NPZ",2,5,"VB","Varied","Bench",14,13,3,6,4,10,9,1,NA,0,NA,23.0769230769231,76.9230769230769,64.2857142857143,2,16,18.75,4.5,5.5,5.5,5.5,6.2,5.44,0,0,0,0,1.2,1.2,7,0,1,2,6,7,0,0,1,83,76,0,0,0,0,0,0,3,0,0,0,0,0,3,0.0923076923076923
"SC_2025_UPZ_1_1","SC",43.3032,-124.3974,2025-05-31,2025,"CA","Susceptible","UPZ",1,1,"VB","Varied","Bench",6,6,2,3,1,4,5,0,NA,0,NA,33.3333333333333,66.6666666666667,83.3333333333333,5,7,28.5714285714286,4.7,5.5,3.3,NA,NA,NA,0,0,0,0,0,0,4,0,25,3,3,5,3,0.1,4,57,53,2,0,0,0,1,0,4,0,0,0,0,0,7,0
"SC_2025_UPZ_1_2","SC",43.3032,-124.3974,2025-05-31,2025,"CA","Susceptible","UPZ",1,2,"VB","Varied","Bench",4,3,1,2,0,2,3,1,NA,0,NA,33.3333333333333,66.6666666666667,75,4,5,20,1.3,4.2,5.2,NA,NA,NA,0,0,0,0,0,0,3,1,69,0.1,7,3,1,0,0.1,19,16,0,0,0,0,13,0,12,0,0,0,0,0,25,0
"SC_2025_UPZ_1_3","SC",43.3032,-124.3974,2025-05-31,2025,"CA","Susceptible","UPZ",1,3,"VB","Varied","Bench",22,22,22,0,0,0,22,0,NA,0,NA,100,0,100,9,31,70.9677419354839,4.2,2,3.6,3.3,3.6,3.34,0,0,0.2,0,0,0.2,12,2,28,0.1,0,15,1,0,0,54,42,3,0,0,0,19,0,0,0,0,0,0,0,22,0.00909090909090909
"SC_2025_UPZ_1_4","SC",43.3032,-124.3974,2025-05-31,2025,"CA","Susceptible","UPZ",1,4,"VB","Varied","Bench",66,66,63,3,0,3,66,0,NA,0,NA,95.4545454545455,4.54545454545455,100,1,67,94.0298507462687,4,4.1,5,3.6,4,4.14,0,0,0,0.8,1.1,1.9,60,2,0,0.1,0,22,7,0,0,69,9,0,0,0,0,0,0,0,0,0,0,0,0,0,0.0287878787878788
"SC_2025_UPZ_1_5","SC",43.3032,-124.3974,2025-05-31,2025,"CA","Susceptible","UPZ",1,5,"VD","Varied","Boulder",18,18,18,0,0,0,18,0,NA,0,NA,100,0,100,6,24,75,3.7,4.6,2.3,3,4.3,3.58,0,0,0,0.2,0.1,0.3,6,0,25,0.1,0,11,0.1,2,0,62,56,0,0,0,0,0,0,0,0,0,1,0,0,1,0.0166666666666667
"SC_2025_UPZ_2_1","SC",43.3032,-124.3974,2025-05-31,2025,"CA","Susceptible","UPZ",2,1,"FB","Flat","Bench",20,20,20,0,0,0,20,0,NA,0,NA,100,0,100,2,22,90.9090909090909,5.8,2.5,4.2,4.3,4.2,4.2,0,0,0,0,0.5,0.5,16,0,7,0,0,12,3,0,0,78,62,0,0,0,0,10,0,0,0,0,0,0,0,10,0.025
"SC_2025_UPZ_2_2","SC",43.3032,-124.3974,2025-05-31,2025,"CA","Susceptible","UPZ",2,2,"VB","Varied","Bench",42,41,41,0,0,0,41,1,NA,0,NA,100,0,97.6190476190476,32,73,56.1643835616438,4.6,2.6,3,2,3.8,3.2,0,0,0,0,1,1,35,0,2,0,0.1,40,4,0,0,54,19,0,0,0,0,0,0,0,0,0,0,0,0,0,0.024390243902439
"SC_2025_UPZ_2_3","SC",43.3032,-124.3974,2025-05-31,2025,"CA","Susceptible","UPZ",2,3,"FB","Flat","Bench",64,61,61,0,0,0,61,3,NA,0,NA,100,0,95.3125,14,75,81.3333333333333,4.2,4.9,3.7,4.6,2.5,3.98,0,0,0,0,4.3,4.3,52,0,0,0,0.1,18,3,7,0,72,20,0,0,0,0,0,0,0,0,0,0,0,0,0,0.0704918032786885
"SC_2025_UPZ_2_4","SC",43.3032,-124.3974,2025-05-31,2025,"CA","Susceptible","UPZ",2,4,"FB","Flat","Bench",39,37,37,0,0,0,37,2,NA,0,NA,100,0,94.8717948717949,20,57,64.9122807017544,4.2,4,4.9,2.2,4,3.86,0,0,0,0.1,3.5,3.6,23,0,0,0,0.1,11,6,0,0,83,60,0,0,0,0,0,0,0,0,0,0,0,0,0,0.0972972972972973
"SC_2025_UPZ_2_5","SC",43.3032,-124.3974,2025-05-31,2025,"CA","Susceptible","UPZ",2,5,"VD","Varied","Boulder",14,14,7,7,0,7,14,0,NA,NA,0,50,50,100,9,23,30.4347826086957,2.4,3.8,4.4,3.9,3.5,3.6,0,0,0,0,0.4,0.4,10,0,0,5,0,0,10,3,5,77,67,0,0,0,0,0,0,0,0,0,0,0,0,0,0.0285714285714286
"FC_2025_AZ_1_1","FC",44.8386,-124.05875,2025-06-12,2025,"CF","Unlikely","AZ",1,1,"FB","Flat","Bench",0,0,0,0,0,0,0,0,NA,NA,0,NA,NA,NA,0,0,NA,NA,NA,NA,NA,NA,NA,NA,NA,NA,NA,NA,NA,0,14,42,0,14,0,0,0,30,0,0,63,22,0,0,25,0,22,0,0,0,0,0,132,NA
"FC_2025_AZ_1_2","FC",44.8386,-124.05875,2025-06-12,2025,"CF","Unlikely","AZ",1,2,"FB","Flat","Bench",0,0,0,0,0,0,0,0,NA,NA,0,NA,NA,NA,0,0,NA,NA,NA,NA,NA,NA,NA,NA,NA,NA,NA,NA,NA,0,15,27,2,21,0,5,0,30,0,0,19,0,2,0,38,0,35,0,0,0,0,0,94,NA
"FC_2025_AZ_1_3","FC",44.8386,-124.05875,2025-06-12,2025,"CF","Unlikely","AZ",1,3,"FB","Flat","Bench",0,0,0,0,0,0,0,0,NA,NA,0,NA,NA,NA,0,0,NA,NA,NA,NA,NA,NA,NA,NA,NA,NA,NA,NA,NA,0,0,3,0,43,0,0,0,54,0,0,12,0,0,0,5,0,96,0,0,0,0,0,113,NA
"FC_2025_AZ_1_4","FC",44.8386,-124.05875,2025-06-12,2025,"CF","Unlikely","AZ",1,4,"FB","Flat","Bench",0,0,0,0,0,0,0,0,NA,NA,0,NA,NA,NA,0,0,NA,NA,NA,NA,NA,NA,NA,NA,NA,NA,NA,NA,NA,0,0,31,0,13,0,0,0,56,0,0,0,0,0,0,4,0,32,0,0,0,0,0,36,NA
"FC_2025_AZ_1_5","FC",44.8386,-124.05875,2025-06-12,2025,"CF","Unlikely","AZ",1,5,"FB","Flat","Bench",0,0,0,0,0,0,0,0,NA,NA,0,NA,NA,NA,0,0,NA,NA,NA,NA,NA,NA,NA,NA,NA,NA,NA,NA,NA,0,0,1,0,41,0,0,0,58,0,0,0,0,0,0,0,0,87,0,0,0,0,0,87,NA
"FC_2025_AZ_2_1","FC",44.8386,-124.05875,2025-06-12,2025,"CF","Unlikely","AZ",2,1,"FB","Flat","Bench",0,0,0,0,0,0,0,0,NA,NA,0,NA,NA,NA,0,0,NA,NA,NA,NA,NA,NA,NA,NA,NA,NA,NA,NA,NA,0,0,0,0,42,0,0,0,58,0,0,0,0,0,0,0,0,100,0,0,0,0,0,100,NA
"FC_2025_AZ_2_2","FC",44.8386,-124.05875,2025-06-12,2025,"CF","Unlikely","AZ",2,2,"FB","Flat","Bench",0,0,0,0,0,0,0,0,NA,NA,0,NA,NA,NA,0,0,NA,NA,NA,NA,NA,NA,NA,NA,NA,NA,NA,NA,NA,0,0,0,0,21,0,0,0,79,0,0,0,0,0,0,0,0,100,0,0,0,0,0,100,NA
"FC_2025_AZ_2_3","FC",44.8386,-124.05875,2025-06-12,2025,"CF","Unlikely","AZ",2,3,"FB","Flat","Bench",0,0,0,0,0,0,0,0,NA,NA,0,NA,NA,NA,0,0,NA,NA,NA,NA,NA,NA,NA,NA,NA,NA,NA,NA,NA,0,0,0,0,41,0,0,0,59,0,0,0,0,0,0,0,0,2,0,0,0,0,0,2,NA
"FC_2025_AZ_2_4","FC",44.8386,-124.05875,2025-06-12,2025,"CF","Unlikely","AZ",2,4,"FD","Flat","Boulder",0,0,0,0,0,0,0,0,NA,NA,0,NA,NA,NA,0,0,NA,NA,NA,NA,NA,NA,NA,NA,NA,NA,NA,NA,NA,0,12,62,0,2,2,2,0,20,0,0,43,0,7,0,70,0,4,0,0,0,0,0,124,NA
"FC_2025_AZ_2_5","FC",44.8386,-124.05875,2025-06-12,2025,"CF","Unlikely","AZ",2,5,"FD","Flat","Boulder",0,0,0,0,0,0,0,0,NA,NA,0,NA,NA,NA,0,0,NA,NA,NA,NA,NA,NA,NA,NA,NA,NA,NA,NA,NA,0,20,25,0,1,0,0,0,54,0,0,100,0,24,0,33,0,0,0,0,0,0,0,157,NA
"FC_2025_UPZ_1_1","FC",44.8386,-124.05875,2025-06-12,2025,"CF","Unlikely","UPZ",1,1,"VB","Varied","Bench",13,13,13,0,0,0,13,0,NA,NA,0,100,0,100,2,9,144.444444444444,5.2,3.6,4,3.4,4.1,4.06,0,0.5,2,1.5,0,4,9,4,42,4,0,25,6,5,0,14,5,0,7,0,0,0,0,0,0,0,0,0,0,7,0.307692307692308
"FC_2025_UPZ_1_2","FC",44.8386,-124.05875,2025-06-12,2025,"CF","Unlikely","UPZ",1,2,"VB","Varied","Bench",27,27,27,0,0,0,27,0,NA,NA,0,100,0,100,1,21,128.571428571429,4.1,3,4,3.7,3.7,3.7,1,0.5,2,1.5,0,5,21,5,23,0,0,27,3,21,0,21,0,0,0,12,0,0,0,0,0,0,0,0,0,12,0.185185185185185
"FC_2025_UPZ_1_3","FC",44.8386,-124.05875,2025-06-12,2025,"CF","Unlikely","UPZ",1,3,"FB","Flat","Bench",16,16,16,0,0,0,16,0,NA,NA,0,100,0,100,2,12,133.333333333333,4.1,4.8,4.4,3.3,4.2,4.16,2,1,2,1,0,6,12,5,69,2,0,7,2,3,0,12,0,0,0,0,0,0,0,0,0,0,0,0,0,0,0.375
"FC_2025_UPZ_1_4","FC",44.8386,-124.05875,2025-06-12,2025,"CF","Unlikely","UPZ",1,4,"FB","Flat","Bench",27,23,23,0,0,0,23,4,NA,NA,0,100,0,85.1851851851852,2,23,100,3.2,3.8,3.6,4.8,4.5,3.98,5,1,5,1,0,12,23,1,34,1,0,30,5,5,0,24,1,0,1,0,0,0,0,0,0,0,0,0,0,1,0.521739130434783
"FC_2025_UPZ_1_5","FC",44.8386,-124.05875,2025-06-12,2025,"CF","Unlikely","UPZ",1,5,"VB","Varied","Bench",34,32,32,0,0,0,32,2,NA,NA,0,100,0,94.1176470588235,0,35,91.4285714285714,5.4,5.6,3.9,3,3.6,4.3,4,5,14,1,0,24,35,0,34,0,0,21,7,3,0,35,0,0,2,4,0,0,0,0,0,0,0,0,0,6,0.75
"FC_2025_UPZ_2_1","FC",44.8386,-124.05875,2025-06-12,2025,"CF","Unlikely","UPZ",2,1,"VB","Varied","Bench",6,6,6,0,0,0,6,0,NA,NA,0,100,0,100,1,3,200,NA,NA,NA,NA,NA,NA,0,0,0,0,0,0,3,2,46,0,0,10,3,23,4,12,9,0,6,0,0,10,0,0,0,0,0,0,0,16,0
"FC_2025_UPZ_2_2","FC",44.8386,-124.05875,2025-06-12,2025,"CF","Unlikely","UPZ",2,2,"VB","Varied","Bench",27,24,24,0,0,0,24,3,NA,NA,0,100,0,88.8888888888889,2,20,120,3.7,3.6,2.9,3,1.2,2.88,1.75,0.25,3.25,0.5,0,5.75,20,0,58,0,0,16,2,4,0,20,0,0,0,0,0,1,0,0,0,0,0,0,0,1,0.239583333333333
"FC_2025_UPZ_2_3","FC",44.8386,-124.05875,2025-06-12,2025,"CF","Unlikely","UPZ",2,3,"VB","Varied","Bench",18,18,18,0,0,0,18,0,NA,NA,0,100,0,100,2,14,128.571428571429,3.9,4,4.6,3.7,3.1,3.86,1.75,0,3.5,0.4,0,5.65,14,0,53,0,0,11,3,19,0,14,0,0,0,0,0,5,0,0,0,0,0,0,0,5,0.313888888888889
"FC_2025_UPZ_2_4","FC",44.8386,-124.05875,2025-06-12,2025,"CF","Unlikely","UPZ",2,4,"FB","Flat","Bench",39,38,38,0,0,0,38,1,NA,NA,0,100,0,97.4358974358974,1,28,135.714285714286,2.2,3.9,4.2,3.5,2.9,3.34,1.5,0.125,3,0.7,0,5.325,28,0,53,0,0,14,2,3,0,28,0,0,0,0,0,0,0,0,0,0,0,0,0,0,0.140131578947368
"FC_2025_UPZ_2_5","FC",44.8386,-124.05875,2025-06-12,2025,"CF","Unlikely","UPZ",2,5,"FB","Flat","Bench",13,12,12,0,0,0,12,1,NA,NA,0,100,0,92.3076923076923,1,10,120,3.5,3.9,3.9,4.4,3.4,3.82,0.3,0,1.5,0.5,0,2.3,7,6,62,0,13,11,1,0,0,7,0,0,0,0,0,0,0,25,0,0,0,0,0,25,0.191666666666667
"SH_2025_AZ_1_1","SH",44.24923,-124.1154,2025-06-14,2025,"CP","Extremely Unlikely","AZ",1,1,"FB","Flat","Bench",0,0,0,0,0,0,0,0,NA,NA,0,NA,NA,NA,0,0,NA,NA,NA,NA,NA,NA,NA,NA,NA,NA,NA,NA,NA,0,56,16,0,0,6,1,7,14,0,0,0,0,0,0,0,0,0,0,92,0,0,0,92,NA
"SH_2025_AZ_1_2","SH",44.24923,-124.1154,2025-06-14,2025,"CP","Extremely Unlikely","AZ",1,2,"FB","Flat","Bench",0,0,0,0,0,0,0,0,NA,NA,0,NA,NA,NA,0,0,NA,NA,NA,NA,NA,NA,NA,NA,NA,NA,NA,NA,NA,0,34,39,0,8,0,0,0,19,0,0,0,0,0,0,3,0,17,0,97,0,0,0,117,NA
"SH_2025_AZ_1_3","SH",44.24923,-124.1154,2025-06-14,2025,"CP","Extremely Unlikely","AZ",1,3,"FB","Flat","Bench",0,0,0,0,0,0,0,0,NA,NA,0,NA,NA,NA,0,0,NA,NA,NA,NA,NA,NA,NA,NA,NA,NA,NA,NA,NA,0,1,28,0,59,1,0,0,11,0,0,0,0,0,0,4,0,65,0,14,0,0,0,83,NA
"SH_2025_AZ_1_4","SH",44.24923,-124.1154,2025-06-14,2025,"CP","Extremely Unlikely","AZ",1,4,"FB","Flat","Bench",0,0,0,0,0,0,0,0,NA,NA,0,NA,NA,NA,0,0,NA,NA,NA,NA,NA,NA,NA,NA,NA,NA,NA,NA,NA,0,12,74,2,0,4,1,0,6,1,1,17,2,0,0,43,0,0,0,0,0,0,0,62,NA
"SH_2025_AZ_1_5","SH",44.24923,-124.1154,2025-06-14,2025,"CP","Extremely Unlikely","AZ",1,5,"FB","Flat","Bench",0,0,0,0,0,0,0,0,NA,NA,0,NA,NA,NA,0,0,NA,NA,NA,NA,NA,NA,NA,NA,NA,NA,NA,NA,NA,0,50,14,0,0.1,0,1,0,35,0,0,0,0,0,0,0,0,0,0,100,0,0,0,100,NA
"SH_2025_AZ_2_1","SH",44.24923,-124.1154,2025-06-14,2025,"CP","Extremely Unlikely","AZ",2,1,"FB","Flat","Bench",0,0,0,0,0,0,0,0,NA,NA,0,NA,NA,NA,0,0,NA,NA,NA,NA,NA,NA,NA,NA,NA,NA,NA,NA,NA,0,9,68,3,4,0,0,0,16,0,0,35,24,0,0,43,0,6,0,0,0,0,0,108,NA
"SH_2025_AZ_2_2","SH",44.24923,-124.1154,2025-06-14,2025,"CP","Extremely Unlikely","AZ",2,2,"FB","Flat","Bench",0,0,0,0,0,0,0,0,NA,NA,0,NA,NA,NA,0,0,NA,NA,NA,NA,NA,NA,NA,NA,NA,NA,NA,NA,NA,0,3,67,2,17,2,0,0,9,0,0,96,26,0,0,4,0,26,0,0,0,0,0,152,NA
"SH_2025_AZ_2_3","SH",44.24923,-124.1154,2025-06-14,2025,"CP","Extremely Unlikely","AZ",2,3,"FB","Flat","Bench",0,0,0,0,0,0,0,0,NA,NA,0,NA,NA,NA,0,0,NA,NA,NA,NA,NA,NA,NA,NA,NA,NA,NA,NA,NA,0,0,70,0,1,1,0,0.1,28,0,0,15,0,0,0,0,0,1,0,0,0,0,0,16,NA
"SH_2025_AZ_2_4","SH",44.24923,-124.1154,2025-06-14,2025,"CP","Extremely Unlikely","AZ",2,4,"FB","Flat","Bench",0,0,0,0,0,0,0,0,NA,NA,0,NA,NA,NA,0,0,NA,NA,NA,NA,NA,NA,NA,NA,NA,NA,NA,NA,NA,0,0,62,0,0,0,0,0,38,0,0,25,0,0,0,0,0,0,0,0,0,0,0,25,NA
"SH_2025_AZ_2_5","SH",44.24923,-124.1154,2025-06-14,2025,"CP","Extremely Unlikely","AZ",2,5,"VB","Varied","Bench",0,0,0,0,0,0,0,0,NA,NA,0,NA,NA,NA,0,0,NA,NA,NA,NA,NA,NA,NA,NA,NA,NA,NA,NA,NA,0,5,48,2,0,2,6,0,11,26,26,2,15,0,0,4,0,0,0,0,0,0,0,21,NA
"SH_2025_UPZ_1_1","SH",44.24923,-124.1154,2025-06-14,2025,"CP","Extremely Unlikely","UPZ",1,1,"VB","Varied","Bench",2,2,2,0,0,0,2,0,NA,NA,0,100,0,100,0,2,100,NA,NA,NA,NA,NA,NA,0,0,0,0,0,0,2,8,55,2,6,6,8,7,5,3,1,0,5,0,0,32,0,3,0,0,0,0,0,40,0
"SH_2025_UPZ_1_2","SH",44.24923,-124.1154,2025-06-14,2025,"CP","Extremely Unlikely","UPZ",1,2,"VB","Varied","Bench",0,0,0,0,0,0,0,0,NA,NA,0,NA,NA,NA,0,0,NA,NA,NA,NA,NA,NA,NA,0,0,0,0,0,0,0,12,24,0,0,18,5,1,0,40,40,0,69,0,0,0,0,4,0,0,0,0,0,73,NA
"SH_2025_UPZ_1_3","SH",44.24923,-124.1154,2025-06-14,2025,"CP","Extremely Unlikely","UPZ",1,3,"VB","Varied","Bench",0,0,0,0,0,0,0,0,NA,NA,0,NA,NA,NA,0,0,NA,NA,NA,NA,NA,NA,NA,0,0,0,0,0,0,0,7,10,0,0,3,3,5,0,72,72,0,32,0,0,0,0,0,0,0,0,0,0,32,NA
"SH_2025_UPZ_1_4","SH",44.24923,-124.1154,2025-06-14,2025,"CP","Extremely Unlikely","UPZ",1,4,"VB","Varied","Bench",0,0,1,0,0,0,1,0,NA,NA,0,Inf,NA,Inf,1,2,50,NA,NA,NA,NA,NA,NA,0,0,0,0,0,0,0,11,32,2,0,6,8,15,15,11,11,7,44,0,0,5,0,0,0,0,0,0,0,56,NA
"SH_2025_UPZ_1_5","SH",44.24923,-124.1154,2025-06-14,2025,"CP","Extremely Unlikely","UPZ",1,5,"VB","Varied","Bench",0,0,0,0,0,0,0,0,NA,NA,0,NA,NA,NA,0,0,NA,NA,NA,NA,NA,NA,NA,0,0,0,0,0,0,0,14,54,2,0,2,3,9,7,9,9,0,60,0,0,40,0,0,0,0,0,0,0,100,NA
"SH_2025_UPZ_2_1","SH",44.24923,-124.1154,2025-06-14,2025,"CP","Extremely Unlikely","UPZ",2,1,"VB","Varied","Bench",3,3,2,1,0,1,3,0,NA,NA,0,66.6666666666667,33.3333333333333,100,0,2,100,3.9,3.2,3,NA,NA,NA,0,0,0,0,0,0,2,0,33,0,2,0,2,60,1,2,0,0,0,0,0,0,0,0,0,0,0,0,0,0,0
"SH_2025_UPZ_2_2","SH",44.24923,-124.1154,2025-06-14,2025,"CP","Extremely Unlikely","UPZ",2,2,"VB","Varied","Bench",0,0,0,0,0,0,0,0,NA,NA,0,NA,NA,NA,0,0,NA,3.8,3.1,NA,NA,NA,NA,0,0,0.125,0,0,0.125,0,0,55,0.1,0,2,1,36,0,6,6,0,0,0,0,1,0,0,0,0,0,0,0,1,Inf
"SH_2025_UPZ_2_3","SH",44.24923,-124.1154,2025-06-14,2025,"CP","Extremely Unlikely","UPZ",2,3,"WB","Wall","Bench",2,2,1,1,0,1,2,0,NA,NA,0,50,50,100,0,1,100,3,NA,NA,NA,NA,NA,0,0,0,0,0,0,2,4,20,1,0,0,0,73,0,2,0,0,13,0,0,7,0,0,0,0,0,0,0,20,0
"SH_2025_UPZ_2_4","SH",44.24923,-124.1154,2025-06-14,2025,"CP","Extremely Unlikely","UPZ",2,4,"WB","Wall","Bench",0,0,0,0,0,0,0,0,NA,NA,0,NA,NA,NA,1,1,0,NA,NA,NA,NA,NA,NA,NA,NA,NA,NA,NA,0,0,0,4,0,0,0,0,94,0,2,2,0,0,0,0,0,0,0,0,0,0,0,0,0,NA
"SH_2025_UPZ_2_5","SH",44.24923,-124.1154,2025-06-14,2025,"CP","Extremely Unlikely","UPZ",2,5,"WB","Wall","Bench",1,1,1,0,0,0,1,0,NA,NA,0,100,0,100,2,3,33.3333333333333,NA,NA,NA,NA,NA,NA,0,0,0,0,0,0,1,0,22,1,0,7,0,62,0,8,7,0,0,0,0,3,0,0,0,0,0,0,0,3,0
"YB_2025_AZ_1_1","YB",44.3114,-124.1086,2025-06-13,2025,"CP","Extremely Unlikely","AZ",1,1,"VB","Varied","Bench",0,0,0,0,0,0,0,0,NA,NA,0,NA,NA,NA,0,0,NA,NA,NA,NA,NA,NA,NA,NA,NA,NA,NA,NA,NA,0,11,13,0,0,14,13,1,0.1,48,48,0,57,0,0,10,0,0,0,0,0,0,0,67,NA
"YB_2025_AZ_1_2","YB",44.3114,-124.1086,2025-06-13,2025,"CP","Extremely Unlikely","AZ",1,2,"VB","Varied","Bench",0,0,0,0,0,0,0,0,NA,NA,0,NA,NA,NA,0,0,NA,NA,NA,NA,NA,NA,NA,NA,NA,NA,NA,NA,NA,0,12,67,0,0,4,3,10,0.1,4,4,0,52,0,0,11,0,0,0,7,0,0,0,70,NA
"YB_2025_AZ_1_3","YB",44.3114,-124.1086,2025-06-13,2025,"CP","Extremely Unlikely","AZ",1,3,"VB","Varied","Bench",0,0,0,0,0,0,0,0,NA,NA,0,NA,NA,NA,0,0,NA,NA,NA,NA,NA,NA,NA,NA,NA,NA,NA,NA,NA,0,14,57,0,0,12,4,8,0,5,5,0,82,0,0,7,0,2,0,0,0,0,0,91,NA
"YB_2025_AZ_1_4","YB",44.3114,-124.1086,2025-06-13,2025,"CP","Extremely Unlikely","AZ",1,4,"VB","Varied","Bench",0,0,0,0,0,0,0,0,NA,NA,0,NA,NA,NA,0,0,NA,NA,NA,NA,NA,NA,NA,NA,NA,NA,NA,NA,NA,0,17,69,0,0,10,1,2,0,1,1,0,63,0,0,7,0,0,0,0,0,0,0,70,NA
"YB_2025_AZ_1_5","YB",44.3114,-124.1086,2025-06-13,2025,"CP","Extremely Unlikely","AZ",1,5,"VB","Varied","Bench",0,0,0,0,0,0,0,0,NA,NA,0,NA,NA,NA,0,0,NA,NA,NA,NA,NA,NA,NA,NA,NA,NA,NA,NA,NA,0,39,28,0,0,4,1,14,6,8,8,2,7,0,0,0,0,0,0,89,0,0,0,98,NA
"YB_2025_AZ_2_1","YB",44.3114,-124.1086,2025-06-13,2025,"CP","Extremely Unlikely","AZ",2,1,"VB","Varied","Bench",0,0,0,0,0,0,0,0,NA,NA,0,NA,NA,NA,0,0,NA,NA,NA,NA,NA,NA,NA,NA,NA,NA,NA,NA,NA,0,40,2,0,0,35,6,1,4,12,12,0,0,0,0,0,0,0,0,92,0,0,0,92,NA
"YB_2025_AZ_2_2","YB",44.3114,-124.1086,2025-06-13,2025,"CP","Extremely Unlikely","AZ",2,2,"VB","Varied","Bench",0,0,0,0,0,0,0,0,NA,NA,0,NA,NA,NA,0,0,NA,NA,NA,NA,NA,NA,NA,NA,NA,NA,NA,NA,NA,0,NA,0.1,0,0,26,11,8,0,55,55,0,0,0,0,0,0,0,0,99,0,0,0,104,NA
"YB_2025_AZ_2_3","YB",44.3114,-124.1086,2025-06-13,2025,"CP","Extremely Unlikely","AZ",2,3,"VB","Varied","Bench",0,0,0,0,0,0,0,0,NA,NA,0,NA,NA,NA,0,0,NA,NA,NA,NA,NA,NA,NA,NA,NA,NA,NA,NA,NA,0,7,46,0,0,0.1,1,4,0,42,42,0,34,0,0,0,0,0,0,0,0,0,0,34,NA
"YB_2025_AZ_2_4","YB",44.3114,-124.1086,2025-06-13,2025,"CP","Extremely Unlikely","AZ",2,4,"VB","Varied","Bench",0,0,0,0,0,0,0,0,NA,NA,0,NA,NA,NA,0,0,NA,NA,NA,NA,NA,NA,NA,NA,NA,NA,NA,NA,NA,0,2,32,0,15,2,5,7,9,28,28,0,9,0,0,0,0,0,0,13,0,0,0,22,NA
"YB_2025_AZ_2_5","YB",44.3114,-124.1086,2025-06-13,2025,"CP","Extremely Unlikely","AZ",2,5,"VB","Varied","Bench",0,0,0,0,0,0,0,0,NA,NA,0,NA,NA,NA,0,0,NA,NA,NA,NA,NA,NA,NA,NA,NA,NA,NA,NA,NA,0,67,5,0,14,3,3,3,4,1,1,0,0,0,0,0,0,0,0,95,0,0,0,95,NA
"YB_2025_UPZ_1_1","YB",44.3114,-124.1086,2025-06-13,2025,"CP","Extremely Unlikely","UPZ",1,1,"VB","Varied","Bench",1,1,0,1,0,1,1,0,NA,NA,0,0,100,100,0,1,0,NA,NA,NA,NA,NA,NA,0,0,0,0,0,0,NA,0,39,0,0,3,4,15,0.1,39,39,0,0,0,0,0,0,0,0,0,0,0,0,0,0
"YB_2025_UPZ_1_2","YB",44.3114,-124.1086,2025-06-13,2025,"CP","Extremely Unlikely","UPZ",1,2,"VD","Varied","Boulder",2,2,0,2,0,2,2,0,NA,NA,0,0,100,100,0,2,0,4.6,5.2,NA,NA,NA,NA,0,0,0,0,0,0,NA,0,1,0,0,74,7,12,0,6,6,0,0,0,0,0,0,0,0,0,0,0,0,3,0
"YB_2025_UPZ_1_3","YB",44.3114,-124.1086,2025-06-13,2025,"CP","Extremely Unlikely","UPZ",1,3,"FB","Flat","Bench",0,0,0,0,0,0,0,0,NA,NA,0,NA,NA,NA,0,0,NA,NA,NA,NA,NA,NA,NA,0,0,0,0,0,0,0,3,6,0,0,8,0,79,0.1,4,4,0,0,0,0,0,0,0,0,12,0,0,0,12,NA
"YB_2025_UPZ_1_4","YB",44.3114,-124.1086,2025-06-13,2025,"CP","Extremely Unlikely","UPZ",1,4,"FB","Flat","Bench",0,0,0,0,0,0,0,0,NA,NA,0,NA,NA,NA,0,0,NA,NA,NA,NA,NA,NA,NA,0,0,0,0,0,0,0,0,57,0,0,0.1,4,12,0,27,27,0,0,0,0,0,0,0,0,0,0,0,0,0,NA
"YB_2025_UPZ_1_5","YB",44.3114,-124.1086,2025-06-13,2025,"CP","Extremely Unlikely","UPZ",1,5,"VD","Varied","Boulder",2,2,0,2,0,2,2,0,NA,NA,0,0,100,100,0,1,0,NA,NA,NA,NA,NA,NA,0,0,0,0,0,0,NA,2,77,0,0,4,1,15,0,1,1,0,0,0,0,7,0,0,0,0,0,0,0,7,0
"WC_2025_AZ_1_1","WC",42.2229,-124.383,2025-06-25,2025,"SO","Susceptible","AZ",1,1,"VD","Varied","Boulder",1,1,1,0,0,0,1,0,NA,0,0,100,0,100,0,0,Inf,NA,NA,NA,NA,NA,NA,NA,NA,NA,NA,NA,NA,1,0,93,3,0,0,1,1,0,2,1,0,0,0,0,25,0,0,0,0,0,0,0,25,NA
"WC_2025_AZ_1_2","WC",42.2229,-124.383,2025-06-25,2025,"SO","Susceptible","AZ",1,2,"VD","Varied","Boulder",1,1,0,1,0,1,1,0,NA,0,0,0,100,100,0,0,NA,NA,NA,NA,NA,NA,NA,NA,NA,NA,NA,NA,NA,NA,0,88,3,0,0,5,0,2,2,2,0,0,0,0,22,0,0,0,0,0,0,0,22,NA
"WC_2025_AZ_1_3","WC",42.2229,-124.383,2025-06-25,2025,"SO","Susceptible","AZ",1,3,"VD","Varied","Boulder",0,0,0,0,0,0,0,0,NA,0,0,NA,NA,NA,0,0,NA,NA,NA,NA,NA,NA,NA,NA,NA,NA,NA,NA,NA,0,3,45,21,0,0,11,7,0,13,13,0,0,0,0,11,0,0,0,0,0,0,0,11,NA
"WC_2025_AZ_1_4","WC",42.2229,-124.383,2025-06-25,2025,"SO","Susceptible","AZ",1,4,"VD","Varied","Boulder",9,9,1,8,0,8,9,0,NA,0,0,11.1111111111111,88.8888888888889,100,0,0,Inf,NA,NA,NA,NA,NA,NA,NA,NA,NA,NA,NA,NA,1,0,72,21,0,2,2,2,0,1,0,10,0,0,0,24,0,0,0,0,0,0,0,34,NA
"WC_2025_AZ_1_5","WC",42.2229,-124.383,2025-06-25,2025,"SO","Susceptible","AZ",1,5,"VB","Varied","Bench",0,0,0,0,0,0,0,0,NA,0,0,NA,NA,NA,0,0,NA,NA,NA,NA,NA,NA,NA,NA,NA,NA,NA,NA,NA,0,0,87,10,0,1,0,0,1,1,1,0,2,0,0,60,0,0,0,0,0,0,0,62,NA
"WC_2025_AZ_2_1","WC",42.2229,-124.383,2025-06-25,2025,"SO","Susceptible","AZ",2,1,"VD","Varied","Boulder",0,0,0,0,0,0,0,0,NA,0,0,NA,NA,NA,0,0,NA,NA,NA,NA,NA,NA,NA,NA,NA,NA,NA,NA,NA,0,6,42,6,0,1,0,1,38,6,6,0,30,0,36,0,0,0,0,0,0,0,0,66,NA
"WC_2025_AZ_2_2","WC",42.2229,-124.383,2025-06-25,2025,"SO","Susceptible","AZ",2,2,"VD","Varied","Boulder",0,0,0,0,0,0,0,0,NA,0,0,NA,NA,NA,0,0,NA,NA,NA,NA,NA,NA,NA,NA,NA,NA,NA,NA,NA,0,10,41,2,25,4,6,0,10,2,2,85,0,0,2,0,0,0,0,0,0,0,0,87,NA
"WC_2025_AZ_2_3","WC",42.2229,-124.383,2025-06-25,2025,"SO","Susceptible","AZ",2,3,"VD","Varied","Boulder",18,12,0,0,12,12,0,6,NA,0,0,0,100,0,0,0,NA,NA,NA,NA,NA,NA,NA,NA,NA,NA,NA,NA,NA,20,1,20,9,26,9,2,0,2,31,11,0,0,0,8,0,0,5,0,0,0,0,0,13,NA
"WC_2025_AZ_2_4","WC",42.2229,-124.383,2025-06-25,2025,"SO","Susceptible","AZ",2,4,"FD","Flat","Boulder",0,0,0,0,0,0,0,0,NA,0,0,NA,NA,NA,0,0,NA,NA,NA,NA,NA,NA,NA,NA,NA,NA,NA,NA,NA,0,2,80,1,0,0,1,5,2,9,9,0,8,0,0,4,0,0,0,0,6,0,0,18,NA
"WC_2025_AZ_2_5","WC",42.2229,-124.383,2025-06-25,2025,"SO","Susceptible","AZ",2,5,"VD","Varied","Boulder",1,1,0,0,1,1,0,0,NA,0,0,0,100,0,0,0,NA,NA,NA,NA,NA,NA,NA,NA,NA,NA,NA,NA,NA,1,2,44,14,10,6,4,0,5,15,14,0,5,0,8,6,0,10,0,0,0,0,0,29,NA
"WC_2025_UPZ_1_1","WC",42.2229,-124.383,2025-06-25,2025,"SO","Susceptible","UPZ",1,1,"VB","Varied","Bench",4,4,0,0,4,4,0,0,NA,0,0,0,100,0,2,2,0,4.5,3.9,5,5.4,5.6,4.88,0,0,0,0,0,0,6,13,46,1,0,17,4,2,0,17,11,0,16,1,14,16,7,0,0,0,0,65,0,119,0
"WC_2025_UPZ_1_2","WC",42.2229,-124.383,2025-06-25,2025,"SO","Susceptible","UPZ",1,2,"FD","Flat","Boulder",1,1,1,0,0,0,1,0,NA,0,0,100,0,100,8,9,11.1111111111111,NA,NA,NA,NA,NA,NA,0,0,0,0,0,0,1,0,12,0.1,0,9,0,0,0,79,78,0,0,0,0,0,0,0,0,0,0,0,0,0,0
"WC_2025_UPZ_1_3","WC",42.2229,-124.383,2025-06-25,2025,"SO","Susceptible","UPZ",1,3,"VD","Varied","Boulder",15,12,11,0,1,1,11,3,NA,0,0,91.6666666666667,8.33333333333333,73.3333333333333,6,17,64.7058823529412,3.3,3.9,5,3.5,4.5,4.04,0,0,0.1,0,0,0.1,11,6,33,4,0,8,3,2,0,44,33,0,11,0,0,7,0,0,0,0,0,0,0,18,0.00833333333333333
"WC_2025_UPZ_1_4","WC",42.2229,-124.383,2025-06-25,2025,"SO","Susceptible","UPZ",1,4,"VD","Varied","Boulder",12,11,10,0,1,1,10,1,NA,0,0,90.9090909090909,9.09090909090909,83.3333333333333,5,15,66.6666666666667,3.5,2.9,5.1,NA,NA,NA,0,0,0,0,0,0,10,4,63,0.1,0,9,0,1,0,23,13,0,8,0,0,27,0,0,0,0,0,0,0,35,0
"WC_2025_UPZ_1_5","WC",42.2229,-124.383,2025-06-25,2025,"SO","Susceptible","UPZ",1,5,"VB","Varied","Bench",7,7,6,0,1,1,6,0,NA,0,0,85.7142857142857,14.2857142857143,85.7142857142857,7,13,46.1538461538462,3.2,3.6,5.4,3.6,5.5,4.26,0,0,0,0,0.2,0.2,7,9,8,0,0,15,2,1,0,65,58,0,0,0,0,5,35,0,0,0,0,0,0,40,0.0285714285714286
"WC_2025_UPZ_2_1","WC",42.2229,-124.383,2025-06-25,2025,"SO","Susceptible","UPZ",2,1,"VD","Varied","Boulder",25,25,1,5,19,24,6,0,NA,0,0,4,96,24,0,5,20,6.3,5.9,6.4,6.3,4.8,5.94,0,0,0,0,0,0,24,0,1,0.1,0,24,12,1,0.1,62,38,0,0,0,0,0,0,0,0,0,0,0,0,0,0
"WC_2025_UPZ_2_2","WC",42.2229,-124.383,2025-06-25,2025,"SO","Susceptible","UPZ",2,2,"VB","Varied","Bench",23,19,3,3,13,16,6,4,NA,0,0,15.7894736842105,84.2105263157895,26.0869565217391,4,7,42.8571428571429,8.3,5.3,5.2,5.5,6.8,6.22,0,0,0,0,1,1,35,9,22,5,0,3,4,7,9,41,6,0,0,0,0,5,25,0,0,0,0,0,0,30,0.0526315789473684
"WC_2025_UPZ_2_3","WC",42.2229,-124.383,2025-06-25,2025,"SO","Susceptible","UPZ",2,3,"VB","Varied","Bench",3,2,1,1,0,1,2,1,NA,0,0,50,50,66.6666666666667,4,5,20,4.4,4.6,4.1,3.3,NA,NA,0,0,0.06,0,0,0.1,3,4,69,5,0,3,1,2,0,16,13,0,24,0,0,9,3,0,0,0,0,0,0,36,0.05
"WC_2025_UPZ_2_4","WC",42.2229,-124.383,2025-06-25,2025,"SO","Susceptible","UPZ",2,4,"VD","Varied","Boulder",1,1,0,0,1,1,0,0,NA,0,0,0,100,0,12,12,0,NA,NA,NA,NA,NA,NA,0,0,0,0,0,0,1,0,2,1,0,12,26,0.1,0,59,58,0,0,0,0,0,0,0,0,0,0,0,0,0,0
"WC_2025_UPZ_2_5","WC",42.2229,-124.383,2025-06-25,2025,"SO","Susceptible","UPZ",2,5,"VB","Varied","Bench",11,9,6,3,0,3,9,2,NA,0,0,66.6666666666667,33.3333333333333,81.8181818181818,7,13,46.1538461538462,8.3,7.2,6.5,5.5,2.8,6.06,0,0,0,0,0.3,0.3,9,10,26,3,0,10,8,5,4,34,25,0,0,0,0,3,50,15,0,0,0,0,7,75,0.0333333333333333
"WC_2025_NPZ_1_1","WC",42.2229,-124.383,2025-06-25,2025,"SO","Susceptible","NPZ",1,1,"VB","Varied","Bench",71,39,3,12,24,36,15,32,NA,15,0,7.69230769230769,92.3076923076923,21.1267605633803,0,3,100,4.7,6.6,5.3,4.4,3.4,4.88,0,0,0,0,0.2,0.2,37,0,1,1,0,44,14,1,0,39,2,0,0,0,0,0,1,0,0,0,0,0,0,1,0.00512820512820513
"WC_2025_NPZ_1_2","WC",42.2229,-124.383,2025-06-25,2025,"SO","Susceptible","NPZ",1,2,"FB","Flat","Bench",5,1,0,1,0,1,1,4,NA,0,0,0,100,20,0,0,NA,2.4,6.1,NA,NA,NA,NA,0,0,0,0,0,0,1,0,0,2,5,3,8,0.1,0,82,81,0,0,0,0,0,0,0,0,0,0,0,0,0,0
"WC_2025_NPZ_1_3","WC",42.2229,-124.383,2025-06-25,2025,"SO","Susceptible","NPZ",1,3,"VB","Varied","Bench",31,29,0,1,28,29,1,2,NA,0,0,0,100,3.2258064516129,0,0,NA,4.7,6,6.5,5.9,5.5,5.72,0,0,0,0,0,0,38,0,0,0,0,7,2,1,11,79,41,0,0,0,0,0,0,0,0,0,0,0,0,0,0
"WC_2025_NPZ_1_4","WC",42.2229,-124.383,2025-06-25,2025,"SO","Susceptible","NPZ",1,4,"VB","Varied","Bench",22,20,0,1,19,20,1,2,NA,0,0,0,100,4.54545454545455,0,0,NA,5.6,5.5,4.8,4.4,3.5,4.76,0,0,0,0,0,0,26,0,0,1,0,11,6,1,2,79,53,0,0,0,0,0,0,0,0,0,0,0,0,0,0
"WC_2025_NPZ_1_5","WC",42.2229,-124.383,2025-06-25,2025,"SO","Susceptible","NPZ",1,5,"VB","Varied","Bench",4,1,0,1,0,1,1,3,NA,0,0,0,100,25,0,0,NA,4,2.5,2.9,NA,NA,NA,0,0,0,0,0,0,1,0,4,0.1,33,13,5,2,0.1,43,42,0,0,0,0,0,0,23,0,0,0,0,0,23,0
"WC_2025_NPZ_2_1","WC",42.2229,-124.383,2025-06-25,2025,"SO","Susceptible","NPZ",2,1,"CD","Varied","Cobbles",29,28,0,3,25,28,3,1,NA,0,0,0,100,10.3448275862069,0,0,NA,5.7,6.3,5.3,5.8,4.6,5.54,0,0,0,0,6,6,44,0,0,0.1,0,9,10,2,0,79,35,0,0,0,0,0,0,0,0,0,0,0,0,0,0.214285714285714
"WC_2025_NPZ_2_2","WC",42.2229,-124.383,2025-06-25,2025,"SO","Susceptible","NPZ",2,2,"CD","Varied","Cobbles",27,27,0,4,23,27,4,0,NA,0,1,0,100,14.8148148148148,0,0,NA,5.9,6.3,3.8,5.6,4.4,5.2,0,0,0,0,6,6,35,0,0,0,0,12,6,0,10,72,37,0,0,0,0,0,0,0,0,0,0,0,0,0,0.222222222222222
"WC_2025_NPZ_2_3","WC",42.2229,-124.383,2025-06-25,2025,"SO","Susceptible","NPZ",2,3,"CD","Varied","Cobbles",22,22,0,1,21,22,1,0,NA,0,0,0,100,4.54545454545455,0,0,NA,5.9,5.8,5.9,6.7,6,6.06,0,0,0,0,0.7,0.7,37,0,0,0,0,7,4,0,2,87,50,0,0,0,0,0,0,0,0,0,0,0,0,0,0.0318181818181818
"WC_2025_NPZ_2_4","WC",42.2229,-124.383,2025-06-25,2025,"SO","Susceptible","NPZ",2,4,"CD","Varied","Cobbles",36,36,0,1,35,36,1,0,NA,0,0,0,100,2.77777777777778,0,0,NA,5.3,4.1,5.5,6.9,6.5,5.66,0,0,0.2,0,2,2.2,38,0,0,0,0,9,3,0,0.1,88,50,0,0,0,0,0,0,0,0,0,0,0,0,0,0.0611111111111111
"WC_2025_NPZ_2_5","WC",42.2229,-124.383,2025-06-25,2025,"SO","Susceptible","NPZ",2,5,"VB","Varied","Bench",16,16,0,3,13,16,3,0,NA,0,0,0,100,18.75,0,0,NA,5,5.8,7.8,5.4,4.9,5.78,0,0,0,0,0.8,0.8,26,0,0,3,0,11,3,1,7,75,49,0,0,0,0,0,0,0,0,0,0,0,0,0,0.05
"RP_2025_AZ_1_1","RP",42.71666,-124.467,2025-06-24,2025,"CB","Susceptible","AZ",1,1,"FB","Flat","Bench",0,0,0,0,0,0,0,0,NA,0,0,NA,NA,NA,1,1,0,NA,NA,NA,NA,NA,NA,NA,NA,NA,NA,NA,NA,0,32,16,0,21,19,4,0,0,8,8,0,20,0,25,30,0,29,0,0,0,0,0,104,NA
"RP_2025_AZ_1_2","RP",42.71666,-124.467,2025-06-24,2025,"CB","Susceptible","AZ",1,2,"FB","Flat","Bench",3,2,2,0,0,0,2,1,NA,0,0,100,0,66.6666666666667,0,2,100,NA,NA,NA,NA,NA,NA,NA,NA,NA,NA,NA,NA,1,0,92,0,0,3,0,0.1,3,2,1,0,0,0,0,53,0,0,0,0,0,0,0,53,NA
"RP_2025_AZ_1_3","RP",42.71666,-124.467,2025-06-24,2025,"CB","Susceptible","AZ",1,3,"FB","Flat","Bench",0,0,0,0,0,0,0,0,NA,0,0,NA,NA,NA,0,0,NA,NA,NA,NA,NA,NA,NA,NA,NA,NA,NA,NA,NA,0,0,51,48,0,0,0,0,1,0,0,0,0,0,0,22,0,0,0,0,0,0,0,22,NA
"RP_2025_AZ_1_4","RP",42.71666,-124.467,2025-06-24,2025,"CB","Susceptible","AZ",1,4,"FB","Flat","Bench",0,0,0,0,0,0,0,0,NA,0,0,NA,NA,NA,0,0,NA,NA,NA,NA,NA,NA,NA,NA,NA,NA,NA,NA,NA,0,17,68,9,0,0,0,0,6,0,0,0,0,0,20,40,0,0,0,0,0,0,0,60,NA
"RP_2025_AZ_1_5","RP",42.71666,-124.467,2025-06-24,2025,"CB","Susceptible","AZ",1,5,"FB","Flat","Bench",0,0,0,0,0,0,0,0,NA,0,0,NA,NA,NA,1,1,0,NA,NA,NA,NA,NA,NA,NA,NA,NA,NA,NA,NA,0,15,35,2,0,0,0,0,46,2,2,0,3,0,3,70,0,0,0,0,0,0,0,76,NA
"RP_2025_AZ_2_1","RP",42.71666,-124.467,2025-06-24,2025,"CB","Susceptible","AZ",2,1,"FB","Flat","Bench",0,0,0,0,0,0,0,0,NA,0,0,NA,NA,NA,0,0,NA,NA,NA,NA,NA,NA,NA,NA,NA,NA,NA,NA,NA,0,10,79,0,11,0,0,0,0,0,0,0,0,0,1,21,0,0,0,0,0,0,0,22,NA
"RP_2025_AZ_2_2","RP",42.71666,-124.467,2025-06-24,2025,"CB","Susceptible","AZ",2,2,"FB","Flat","Bench",0,0,0,0,0,0,0,0,NA,0,0,NA,NA,NA,0,0,NA,NA,NA,NA,NA,NA,NA,NA,NA,NA,NA,NA,NA,0,3,10,28,0,5,10,1,0,43,43,0,13,0,0,3,0,0,0,0,0,0,0,16,NA
"RP_2025_AZ_2_3","RP",42.71666,-124.467,2025-06-24,2025,"CB","Susceptible","AZ",2,3,"FB","Flat","Bench",0,0,0,0,0,0,0,0,NA,0,0,NA,NA,NA,0,0,NA,NA,NA,NA,NA,NA,NA,NA,NA,NA,NA,NA,NA,0,0,0,0,95,0,0,0,5,0,0,0,0,0,0,0,0,95,0,0,0,0,0,95,NA
"RP_2025_AZ_2_4","RP",42.71666,-124.467,2025-06-24,2025,"CB","Susceptible","AZ",2,4,"VD","Varied","Boulder",0,0,0,0,0,0,0,0,NA,0,0,NA,NA,NA,0,0,NA,NA,NA,NA,NA,NA,NA,NA,NA,NA,NA,NA,NA,0,0,65,0,0,0,0,3,0,32,32,0,0,0,0,0,0,0,0,0,0,0,0,0,NA
"RP_2025_AZ_2_5","RP",42.71666,-124.467,2025-06-24,2025,"CB","Susceptible","AZ",2,5,"FB","Flat","Bench",0,0,0,0,0,0,0,0,NA,0,0,NA,NA,NA,0,0,NA,NA,NA,NA,NA,NA,NA,NA,NA,NA,NA,NA,NA,0,11,82,0,0,4,0,0,3,0,0,0,23,0,0,20,0,0,0,0,0,0,0,43,NA
"RP_2025_NPZ_1_1","RP",42.71666,-124.467,2025-06-24,2025,"CB","Susceptible","NPZ",1,1,"VD","Varied","Boulder",59,45,1,10,35,45,11,14,NA,0,0,2.22222222222222,100,18.6440677966102,0,1,100,5.8,5.4,6.5,4.7,3.3,5.14,0,0,0,0,0.2,0.2,40,2,10,0.1,0,22,5,1,20,40,0,0,0,0,16,16,0,0,0,0,0,0,0,32,0.00444444444444444
"RP_2025_NPZ_1_2","RP",42.71666,-124.467,2025-06-24,2025,"CB","Susceptible","NPZ",1,2,"VD","Varied","Boulder",88,71,0,25,46,71,25,17,NA,9,0,0,100,28.4090909090909,0,0,NA,6.1,4.8,5.1,3.9,7.5,5.48,0,0,0,0.2,0.1,0.3,65,0,0,0,0,12,9,5,23,51,0,0,0,0,12,0,0,0,0,0,0,0,0,12,0.00422535211267606
"RP_2025_NPZ_1_3","RP",42.71666,-124.467,2025-06-24,2025,"CB","Susceptible","NPZ",1,3,"VD","Varied","Boulder",9,6,0,2,4,6,2,3,NA,0,0,0,100,22.2222222222222,0,0,NA,1.8,4,4.8,4,1.8,3.28,0,0,0,0,0.1,0.1,6,8,38,1,8,18,6,4,6,11,5,0,9,0,3,22,0,0,0,0,0,0,0,34,0.0166666666666667
"RP_2025_NPZ_1_4","RP",42.71666,-124.467,2025-06-24,2025,"CB","Susceptible","NPZ",1,4,"CD","Varied","Cobbles",52,49,0,5,44,49,5,3,NA,0,0,0,100,9.61538461538462,0,0,NA,7.4,4.7,8.1,8.2,7.8,7.24,0,0,0,0,2,2,71,0,0,0,0,13,5,5,18,59,0,0,0,0,0,0,0,0,0,0,0,0,0,0,0.0408163265306122
"RP_2025_NPZ_1_5","RP",42.71666,-124.467,2025-06-24,2025,"CB","Susceptible","NPZ",1,5,"VD","Varied","Boulder",51,45,0,7,38,45,7,6,NA,0,0,0,100,13.7254901960784,0,0,NA,6.1,6.2,6.4,5.1,6.4,6.04,0,0,0,0,2.3,2.3,37,0,15,1,0,15,9,7,15,38,1,0,0,0,0,0,0,0,0,0,0,0,0,0,0.0511111111111111
"RP_2025_NPZ_2_1","RP",42.71666,-124.467,2025-06-24,2025,"CB","Susceptible","NPZ",2,1,"VD","Varied","Boulder",43,33,0,8,25,33,8,10,NA,NA,0,0,100,18.6046511627907,0,0,NA,6.7,5.8,5.2,7.4,7.1,6.44,0,0,0,0,0.4,0.4,42,0,0,0,0,43,0,4,15,38,0,0,0,0,0,0,0,0,0,0,0,0,0,0,0.0121212121212121
"RP_2025_NPZ_2_2","RP",42.71666,-124.467,2025-06-24,2025,"CB","Susceptible","NPZ",2,2,"VD","Varied","Boulder",29,23,1,20,2,22,21,6,NA,NA,0,4.34782608695652,95.6521739130435,72.4137931034483,0,1,100,NA,NA,NA,NA,NA,NA,0,0,0,0,0,0,17,0,0,0,0,53,9,2,2,34,17,0,0,0,0,0,0,0,0,0,0,0,0,0,0
"RP_2025_NPZ_2_3","RP",42.71666,-124.467,2025-06-24,2025,"CB","Susceptible","NPZ",2,3,"VD","Varied","Boulder",44,28,1,2,25,27,3,16,NA,NA,0,3.57142857142857,96.4285714285714,6.81818181818182,0,1,100,4.5,6.3,3.6,6.6,6.5,5.5,0,0,0,0,3.5,3.5,37,0,0,0,0,45,0,2,11,42,5,0,0,0,0,0,0,0,0,0,0,0,0,0,0.125
"RP_2025_NPZ_2_4","RP",42.71666,-124.467,2025-06-24,2025,"CB","Susceptible","NPZ",2,4,"VD","Varied","Boulder",69,54,10,2,32,34,12,15,2,NA,0,18.5185185185185,62.962962962963,17.3913043478261,0,0,Inf,2,3.3,6.6,4.6,4.6,4.22,0,0,0,0,0,0,69,0,0,0,0,12,0,2,29,57,0,0,0,0,0,0,0,0,0,0,0,0,0,0,0
"RP_2025_NPZ_2_5","RP",42.71666,-124.467,2025-06-24,2025,"CB","Susceptible","NPZ",2,5,"VD","Varied","Boulder",44,27,5,4,18,22,9,17,4,NA,0,18.5185185185185,81.4814814814815,20.4545454545455,0,0,Inf,7.3,2.1,5.5,2.2,5.7,4.56,0,0,0,0,4,4,40,5,0,0,0,21,2,2,19,51,11,0,0,0,0,0,0,0,0,0,0,11,0,11,0.148148148148148
"RP_2025_UPZ_1_1","RP",42.71666,-124.467,2025-06-24,2025,"CB","Susceptible","UPZ",1,1,"VB","Varied","Bench",33,17,5,16,1,17,21,16,NA,5,0,29.4117647058824,100,63.6363636363636,1,6,83.3333333333333,NA,NA,NA,NA,NA,NA,NA,NA,NA,NA,NA,NA,22,2,24,0,0,28,11,9,0,26,4,0,32,0,0,3,0,0,0,0,0,0,0,35,NA
"RP_2025_UPZ_1_2","RP",42.71666,-124.467,2025-06-24,2025,"CB","Susceptible","UPZ",1,2,"VB","Varied","Bench",12,0,0,0,0,0,0,12,NA,0,0,NA,NA,0,2,14,0,2.6,2.6,3,NA,NA,NA,0,0,0,0,0,0,7,10,64,0,0,15,2,1,0,8,1,0,23,0,6,8,0,0,0,2,0,0,0,39,NA
"RP_2025_UPZ_1_3","RP",42.71666,-124.467,2025-06-24,2025,"CB","Susceptible","UPZ",1,3,"VD","Varied","Boulder",26,26,1,5,20,25,6,0,NA,0,0,3.84615384615385,96.1538461538462,23.0769230769231,0,1,100,4.8,4.6,3.7,5,2.3,4.08,0,0,0,0,0.8,0.8,30,2,20,0,0,21,3,5,3,46,16,0,14,0,0,7,0,0,0,0,0,0,0,21,0.0307692307692308
"RP_2025_UPZ_1_4","RP",42.71666,-124.467,2025-06-24,2025,"CB","Susceptible","UPZ",1,4,"VB","Varied","Bench",12,6,6,0,0,0,6,6,NA,0,0,100,0,50,1,7,85.7142857142857,5,4.5,4,3.5,3,4,0,0,0,0,0,0,5,21,15,0,0,48,7,4,0,5,0,0,70,0,0,0,0,0,0,0,0,0,0,70,0
"RP_2025_UPZ_1_5","RP",42.71666,-124.467,2025-06-24,2025,"CB","Susceptible","UPZ",1,5,"VB","Varied","Bench",30,17,2,15,0,15,17,13,NA,3,0,11.7647058823529,88.2352941176471,56.6666666666667,1,3,66.6666666666667,5.2,2.9,5.1,2.4,5.3,4.18,0,0,0,0,0.3,0.3,10,8,10,1,0,12,18,16,1,34,24,0,73,0,0,5,0,0,0,0,0,0,0,78,0.0176470588235294
"RP_2025_UPZ_2_1","RP",42.71666,-124.467,2025-06-24,2025,"CB","Susceptible","UPZ",2,1,"FD","Flat","Boulder",0,0,0,0,0,0,0,0,NA,0,0,NA,NA,NA,0,0,NA,NA,NA,NA,NA,NA,NA,0,0,0,0,0,0,0,17,16,0,0,11,51,0.1,0,5,5,0,63,0,0,3,0,0,0,0,0,0,0,66,NA
"RP_2025_UPZ_2_2","RP",42.71666,-124.467,2025-06-24,2025,"CB","Susceptible","UPZ",2,2,"VB","Varied","Bench",54,36,14,18,4,22,32,18,NA,6,0,38.8888888888889,61.1111111111111,59.2592592592593,2,16,87.5,4,4.3,4.7,2.5,3.4,3.78,0,0,0,0.2,0.3,0.5,25,10,22,0,0,14,7,7,0,40,15,0,36,0,9,10,0,0,0,0,0,0,0,55,0.0138888888888889
"RP_2025_UPZ_2_3","RP",42.71666,-124.467,2025-06-24,2025,"CB","Susceptible","UPZ",2,3,"VB","Varied","Bench",15,10,0,3,7,10,3,5,NA,0,0,0,100,20,0,0,NA,4.4,6.3,4.9,4.6,2.9,4.62,0,0,0,0,0.4,0.4,7,7,37,0,24,8,8,1,8,7,0,0,17,0,0,15,0,25,0,0,0,0,0,57,0.04
"RP_2025_UPZ_2_4","RP",42.71666,-124.467,2025-06-24,2025,"CB","Susceptible","UPZ",2,4,"VB","Varied","Bench",4,3,0,3,0,3,3,1,NA,0,0,0,100,75,0,0,NA,4,3.3,2.5,NA,NA,NA,0,0,0,0,0,0,2,13,58,1,8,3,2,1,12,2,0,0,6,0,0,31,0,2,0,0,0,0,0,39,0
"RP_2025_UPZ_2_5","RP",42.71666,-124.467,2025-06-24,2025,"CB","Susceptible","UPZ",2,5,"VB","Varied","Bench",20,8,3,5,0,5,8,12,NA,4,0,37.5,62.5,40,1,4,75,6.8,7,NA,NA,NA,NA,0,0,0,0.2,0,0.2,7,10,3,0,0,60,10,7,0.1,10,3,0,28,0,0,0,0,0,0,0,0,0,0,28,0.025
"CP_2025_AZ_1_1","CP",42.0434,-124.2899,2025-06-26,2025,"SO","Susceptible","AZ",1,1,"FB","Flat","Bench",2,2,0,1,1,2,1,0,NA,0,0,0,100,50,0,0,NA,NA,NA,NA,NA,NA,NA,NA,NA,NA,NA,NA,NA,2,10,5,0,23,11,3,0,16,32,30,0,0,0,0,0,0,71,0,0,0,0,0,71,NA
"CP_2025_AZ_1_2","CP",42.0434,-124.2899,2025-06-26,2025,"SO","Susceptible","AZ",1,2,"FB","Flat","Bench",0,0,0,0,0,0,0,0,NA,0,0,NA,NA,NA,0,0,NA,NA,NA,NA,NA,NA,NA,NA,NA,NA,NA,NA,NA,0,0,0,0,46,0,0,0,54,0,0,0,0,0,0,0,0,100,0,0,0,0,0,100,NA
"CP_2025_AZ_1_3","CP",42.0434,-124.2899,2025-06-26,2025,"SO","Susceptible","AZ",1,3,"FB","Flat","Bench",0,0,0,0,0,0,0,0,NA,0,0,NA,NA,NA,0,0,NA,NA,NA,NA,NA,NA,NA,NA,NA,NA,NA,NA,NA,0,10,0,0,35,6,0,0,49,0,0,0,0,10,0,0,0,100,0,0,0,0,10,120,NA
"CP_2025_AZ_1_4","CP",42.0434,-124.2899,2025-06-26,2025,"SO","Susceptible","AZ",1,4,"FB","Flat","Bench",7,6,0,6,0,6,6,1,NA,0,0,0,100,85.7142857142857,0,0,NA,NA,NA,NA,NA,NA,NA,NA,NA,NA,NA,NA,NA,10,14,20,0,48,0,4,7,0,7,0,0,0,50,0,14,0,52,0,0,0,0,0,116,NA
"CP_2025_AZ_1_5","CP",42.0434,-124.2899,2025-06-26,2025,"SO","Susceptible","AZ",1,5,"FB","Flat","Bench",0,0,0,0,0,0,0,0,NA,0,0,NA,NA,NA,0,0,NA,NA,NA,NA,NA,NA,NA,NA,NA,NA,NA,NA,NA,0,0,3,0.1,39,1,9,0,44,4,4,0,0,0,0,0,0,59,0,0,0,0,0,59,NA
"CP_2025_AZ_2_1","CP",42.0434,-124.2899,2025-06-26,2025,"SO","Susceptible","AZ",2,1,"VB","Varied","Bench",0,0,0,0,0,0,0,0,NA,0,0,NA,NA,NA,0,0,NA,NA,NA,NA,NA,NA,NA,NA,NA,NA,NA,NA,NA,0,2,15,0,45,5,6,14,12,1,1,0,0,0,0,4,0,100,0,0,0,0,0,104,NA
"CP_2025_AZ_2_2","CP",42.0434,-124.2899,2025-06-26,2025,"SO","Susceptible","AZ",2,2,"VB","Varied","Bench",0,0,0,0,0,0,0,0,NA,0,0,NA,NA,NA,0,0,NA,NA,NA,NA,NA,NA,NA,NA,NA,NA,NA,NA,NA,0,0,1,0,13,5,8,0,73,0,0,0,0,0,0,1,0,88,0,0,0,0,0,89,NA
"CP_2025_AZ_2_3","CP",42.0434,-124.2899,2025-06-26,2025,"SO","Susceptible","AZ",2,3,"VD","Varied","Boulder",0,0,0,0,0,0,0,0,NA,0,0,NA,NA,NA,0,0,NA,NA,NA,NA,NA,NA,NA,NA,NA,NA,NA,NA,NA,0,4,13,12,40,13,4,4,8,2,2,0,0,14,0,0,0,8,0,0,0,0,0,22,NA
"CP_2025_AZ_2_4","CP",42.0434,-124.2899,2025-06-26,2025,"SO","Susceptible","AZ",2,4,"VD","Varied","Boulder",0,0,0,0,0,0,0,0,NA,0,0,NA,NA,NA,0,0,NA,NA,NA,NA,NA,NA,NA,NA,NA,NA,NA,NA,NA,0,1,28,0,29,0,3,0,39,0,0,0,0,0,0,3,0,70,0,0,0,0,0,75,NA
"CP_2025_AZ_2_5","CP",42.0434,-124.2899,2025-06-26,2025,"SO","Susceptible","AZ",2,5,"VB","Varied","Bench",0,0,0,0,0,0,0,0,NA,0,0,NA,NA,NA,0,0,NA,NA,NA,NA,NA,NA,NA,NA,NA,NA,NA,NA,NA,0,11,16,0,66,4,0,0,3,0,0,0,0,15,0,25,0,58,0,0,0,0,0,98,NA
"CP_2025_UPZ_1_1","CP",42.0434,-124.2899,2025-06-26,2025,"SO","Susceptible","UPZ",1,1,"FD","Flat","Boulder",10,9,9,0,0,0,9,1,NA,0,0,100,0,90,2,9,100,4.1,3.7,3.5,3.8,4.6,3.94,0,0,0,0,0,0,7,2,72,0,0,10,8,1,0,7,0,0,0,2,0,0,0,0.1,0,0,0,0,0,2.1,0
"CP_2025_UPZ_1_2","CP",42.0434,-124.2899,2025-06-26,2025,"SO","Susceptible","UPZ",1,2,"FD","Flat","Boulder",16,11,2,1,8,9,3,5,NA,0,0,18.1818181818182,81.8181818181818,18.75,0,2,100,4.9,2.7,3.2,4.6,4.2,3.92,0,0,0,0.1,0.2,0.3,10,1,10,0,23,27,34,4,0,1,0,0,0,0,0,2,0,44,0,0,0,0,0,46,0.0272727272727273
"CP_2025_UPZ_1_3","CP",42.0434,-124.2899,2025-06-26,2025,"SO","Susceptible","UPZ",1,3,"VB","Varied","Bench",38,22,3,3,16,19,6,16,NA,10,0,13.6363636363636,86.3636363636364,15.7894736842105,0,3,100,3.4,1.5,2.1,4.6,3.7,3.06,0,0,0,0,1,1,25,1,32,0,0,37,9,10,7,4,0,0,0,0,0,2,0,0,0,0,0,0,0,2,0.0454545454545455
"CP_2025_UPZ_1_4","CP",42.0434,-124.2899,2025-06-26,2025,"SO","Susceptible","UPZ",1,4,"WB","Wall","Bench",30,22,9,2,11,13,11,8,NA,0,0,40.9090909090909,59.0909090909091,36.6666666666667,2,11,81.8181818181818,3.3,3.8,3.5,3.7,2.2,3.3,0,0,0,0,0,0,24,2,53,0,0,18,6,6,0,15,0,0,0,0,0,5,0,0,0,0,0,0,0,5,0
"CP_2025_UPZ_1_5","CP",42.0434,-124.2899,2025-06-26,2025,"SO","Susceptible","UPZ",1,5,"VB","Varied","Bench",45,37,34,0,3,3,34,8,NA,0,0,91.8918918918919,8.10810810810811,75.5555555555556,1,35,97.1428571428571,3.4,4.3,3.8,2.8,3.5,3.56,0,0,0,0,0.2,0.2,24,0,53,0,2,12,13,0,0,20,0,0,10,5,10,0,0,4,0,0,0,0,0,29,0.00540540540540541
"CP_2025_UPZ_2_1","CP",42.0434,-124.2899,2025-06-26,2025,"SO","Susceptible","UPZ",2,1,"FD","Flat","Boulder",17,16,6,0,10,10,6,1,NA,0,0,37.5,62.5,35.2941176470588,1,7,85.7142857142857,3,2.6,2.9,4.4,2,2.98,0,0,0,0,2,2,10,1,28,0,0,49,15,2,0,5,0,0,21,0,0,0,0,0,0,0,0,0,2,23,0.125
"CP_2025_UPZ_2_2","CP",42.0434,-124.2899,2025-06-26,2025,"SO","Susceptible","UPZ",2,2,"WB","Wall","Bench",24,21,2,1,18,19,3,3,NA,0,0,9.52380952380952,90.4761904761905,12.5,0,1,200,0.8,3.6,5,3.9,4.5,3.56,0,1.5,0,0,0,1.5,32,0,6,0,0,80,6,2,0,6,0,0,12,0,0,0,0,0,0,0,0,0,0,12,0.0714285714285714
"CP_2025_UPZ_2_3","CP",42.0434,-124.2899,2025-06-26,2025,"SO","Susceptible","UPZ",2,3,"WB","Wall","Bench",43,28,14,4,10,14,18,15,NA,0,0,50,50,41.8604651162791,2,16,87.5,3.1,2.3,4.1,2.6,3.3,3.08,0,0,0,0.1,0,0.1,27,0,14,0,0,52,12,0,2,20,0,0,85,0,4,0,0,0,0,0,0,0,0,89,0.00357142857142857
"CP_2025_UPZ_2_4","CP",42.0434,-124.2899,2025-06-26,2025,"SO","Susceptible","UPZ",2,4,"WB","Wall","Bench",1,1,0,1,0,1,1,0,NA,0,0,0,100,100,0,0,NA,NA,NA,NA,NA,NA,NA,NA,NA,NA,NA,NA,NA,1,6,43,0,0,43,6,2,0,0,0,0,77,0,0,7,0,0,0,0,0,0,9,93,NA
"CP_2025_UPZ_2_5","CP",42.0434,-124.2899,2025-06-26,2025,"SO","Susceptible","UPZ",2,5,"WB","Wall","Bench",15,13,0,5,8,13,5,2,NA,0,0,0,100,33.3333333333333,0,0,NA,4.1,4.5,4.4,4.5,3.9,4.28,0,0,0,0,0,0,12,1,1,0,0,86,6,0,0,6,0,0,63,0,4,0,0,0,0,0,0,0,3,70,0
"CP_2025_NPZ_1_1","CP",42.0434,-124.2899,2025-06-26,2025,"SO","Susceptible","NPZ",1,1,"VD","Varied","Boulder",51,32,0,0,32,32,0,19,NA,0,0,0,100,0,0,0,NA,5.9,1.8,1.5,6.2,5.6,4.2,0,0,0,0,0,0,25,0,0,0,0,83,1,5,0,11,0,0,0,0,0,0,0,0,0,0,0,0,0,0,0
"CP_2025_NPZ_1_2","CP",42.0434,-124.2899,2025-06-26,2025,"SO","Susceptible","NPZ",1,2,"FD","Flat","Boulder",66,46,1,3,42,45,4,20,NA,0,0,2.17391304347826,97.8260869565217,6.06060606060606,0,1,100,5.7,5.2,2.2,6.1,6.2,5.08,0,0.1,0,0,0,0.1,50,0,3,0,0,80,3,2,0,12,0,0,0,0,0,0,0,0,0,0,0,0,0,0,0.00217391304347826
"CP_2025_NPZ_1_3","CP",42.0434,-124.2899,2025-06-26,2025,"SO","Susceptible","NPZ",1,3,"CD","Varied","Cobbles",39,34,1,1,32,33,2,5,NA,0,0,2.94117647058824,97.0588235294118,5.12820512820513,0,1,100,4.7,4.6,3.8,4.2,5.8,4.62,0,0,0,0,0,0,26,0,2,0,0,69,8,2,0,19,0,0,0,0,0,0,0,0,0,0,0,0,0,0,0
"CP_2025_NPZ_1_4","CP",42.0434,-124.2899,2025-06-26,2025,"SO","Susceptible","NPZ",1,4,"WB","Wall","Bench",26,23,0,0,23,23,0,3,NA,0,0,0,100,0,0,0,NA,4.1,3.4,4.1,4.5,3.6,3.94,0,0,0,0,0,0,25,0,1,0,0,80,7,6,3,3,0,0,8,0,0,0,0,0,0,0,0,0,0,8,0
"CP_2025_NPZ_1_5","CP",42.0434,-124.2899,2025-06-26,2025,"SO","Susceptible","NPZ",1,5,"FD","Flat","Boulder",77,43,5,5,33,38,10,34,NA,1,0,11.6279069767442,88.3720930232558,12.987012987013,2,7,71.4285714285714,2.7,2.3,4.2,4.6,5.7,3.9,0,0,0,0,0,0,45,0,5,0,0,25,30,5,0,35,0,0,0,0,0,0,0,0,0,0,0,0,0,0,0
"CP_2025_NPZ_2_1","CP",42.0434,-124.2899,2025-06-26,2025,"SO","Susceptible","NPZ",2,1,"VD","Varied","Boulder",41,25,0,0,25,25,0,16,NA,0,0,0,100,0,0,0,NA,4.6,5.1,4.8,2,1.7,3.64,0,0,0,0,0,0,23,0,1,0.1,0,65,24,0,0,10,0,0,0,0,0,0,0,0,0,0,0,0,0,0,0
"CP_2025_NPZ_2_2","CP",42.0434,-124.2899,2025-06-26,2025,"SO","Susceptible","NPZ",2,2,"FD","Flat","Boulder",60,34,0,0,34,34,0,26,NA,0,0,0,100,0,0,0,NA,2.9,6.2,5.6,2.4,4,4.22,0,0.2,0,0,0,0.2,38,0,0,0,0,78,5,1,4,12,0,0,6,0,0,0,0,0,0,0,0,0,0,6,0.00588235294117647
"CP_2025_NPZ_2_3","CP",42.0434,-124.2899,2025-06-26,2025,"SO","Susceptible","NPZ",2,3,"CD","Varied","Cobbles",93,44,4,0,40,40,4,49,NA,0,0,9.09090909090909,90.9090909090909,4.3010752688172,0,4,100,5.9,5.3,2,5.7,6.2,5.02,0,0,0,0,0,0,42,0,0,0,0,25,6,12,8,49,7,0,0,0,0,0,0,0,0,0,0,0,0,0,0
"CP_2025_NPZ_2_4","CP",42.0434,-124.2899,2025-06-26,2025,"SO","Susceptible","NPZ",2,4,"CD","Varied","Cobbles",46,38,0,0,38,38,0,8,NA,0,0,0,100,0,0,0,NA,5.4,3,5.7,2.3,4.3,4.14,0,0,0,0,0,0,30,0,0,0,0,40,2,1,4,53,23,0,0,0,1,0,0,0,0,0,0,0,0,1,0
"CP_2025_NPZ_2_5","CP",42.0434,-124.2899,2025-06-26,2025,"SO","Susceptible","NPZ",2,5,"VD","Varied","Boulder",43,26,0,1,19,20,1,17,NA,0,0,0,76.9230769230769,2.32558139534884,0,0,NA,5.5,6.4,2.2,2.3,3.7,4.02,0,0,0,0,0,0,29,0,0,0,0,60,2,0,0,38,9,0,0,0,27,0,0,0,0,0,0,0,0,27,0
"CB_2025_AZ_1_1","CB",42.83969,-124.5651,2025-06-27,2025,"CB","Susceptible","AZ",1,1,"VD","Varied","Boulder",0,0,0,0,0,0,0,0,NA,0,0,NA,NA,NA,0,0,NA,NA,NA,NA,NA,NA,NA,NA,NA,NA,NA,NA,NA,0,4,8,0,0,3,2,5,8,75,75,0,0,5,60,5,0,15,0,0,0,0,2,87,NA
"CB_2025_AZ_1_2","CB",42.83969,-124.5651,2025-06-27,2025,"CB","Susceptible","AZ",1,2,"VD","Varied","Boulder",1,1,0,0,1,1,0,0,NA,0,0,0,100,0,0,0,NA,NA,NA,NA,NA,NA,NA,NA,NA,NA,NA,NA,NA,1,6,18,5,0,9,6,13,29,14,13,0,0,7,0,98,0,0,0,0,0,0,0,105,NA
"CB_2025_AZ_1_3","CB",42.83969,-124.5651,2025-06-27,2025,"CB","Susceptible","AZ",1,3,"FD","Flat","Boulder",0,0,0,0,0,0,0,0,NA,0,0,NA,NA,NA,0,0,NA,NA,NA,NA,NA,NA,NA,NA,NA,NA,NA,NA,NA,0,1,82,0,0,4,10,0,0,3,3,0,0,0,0,22,0,0.1,0,0,0,0,5,27.1,NA
"CB_2025_AZ_1_4","CB",42.83969,-124.5651,2025-06-27,2025,"CB","Susceptible","AZ",1,4,"VD","Varied","Boulder",0,0,0,0,0,0,0,0,NA,0,0,NA,NA,NA,0,0,NA,NA,NA,NA,NA,NA,NA,NA,NA,NA,NA,NA,NA,0,11,34,0,0.1,1,9,0,45,0,0,0,0,0,8,16,0,0,0,0,0,0,16,40,NA
"CB_2025_AZ_1_5","CB",42.83969,-124.5651,2025-06-27,2025,"CB","Susceptible","AZ",1,5,"FD","Flat","Boulder",0,0,0,0,0,0,0,0,NA,0,0,NA,NA,NA,0,0,NA,NA,NA,NA,NA,NA,NA,NA,NA,NA,NA,NA,NA,0,11,25,3,0,12,40,2,7,0,0,0,0,0,12,64,0,0,0,0,0,0,0,76,NA
"CB_2025_AZ_2_1","CB",42.83969,-124.5651,2025-06-27,2025,"CB","Susceptible","AZ",2,1,"VD","Varied","Boulder",0,0,0,0,0,0,0,0,NA,0,0,NA,NA,NA,0,0,NA,NA,NA,NA,NA,NA,NA,NA,NA,NA,NA,NA,NA,0,9,27,0.1,0,5,4,0,52,3,3,0,0,0,65,13,0,0,0,0,0,0,6,89,NA
"CB_2025_AZ_2_2","CB",42.83969,-124.5651,2025-06-27,2025,"CB","Susceptible","AZ",2,2,"VD","Varied","Boulder",0,0,0,0,0,0,0,0,NA,0,0,NA,NA,NA,0,0,NA,NA,NA,NA,NA,NA,NA,NA,NA,NA,NA,NA,NA,0,6,14,7,0,2,2,2,18,49,49,13,0,0,4,47,0,0,0,0,0,0,0,64,NA
"CB_2025_AZ_2_3","CB",42.83969,-124.5651,2025-06-27,2025,"CB","Susceptible","AZ",2,3,"CD","Varied","Cobbles",2,2,0,2,0,2,2,0,NA,0,0,0,100,100,0,0,NA,NA,NA,NA,NA,NA,NA,NA,NA,NA,NA,NA,NA,NA,0,85,0,0,0,0,3,10,2,2,0,0,0,1,19,0,0,0,0,0,0,0,20,NA
"CB_2025_AZ_2_4","CB",42.83969,-124.5651,2025-06-27,2025,"CB","Susceptible","AZ",2,4,"CD","Varied","Cobbles",0,0,0,0,0,0,0,0,NA,0,0,NA,NA,NA,0,0,NA,NA,NA,NA,NA,NA,NA,NA,NA,NA,NA,NA,NA,0,4,40,15,0,1,5,3,9,23,23,21,17,0,0,5,0,0,0,0,0,0,0,43,NA
"CB_2025_AZ_2_5","CB",42.83969,-124.5651,2025-06-27,2025,"CB","Susceptible","AZ",2,5,"VB","Varied","Bench",0,0,0,0,0,0,0,0,NA,0,0,NA,NA,NA,0,0,NA,NA,NA,NA,NA,NA,NA,NA,NA,NA,NA,NA,NA,0,8,12,20,0,0.1,9,2,8,41,41,0,7,0,0,1,0,0,0,0,0,0,0,8,NA
"CB_2025_UPZ_1_1","CB",42.83969,-124.5651,2025-06-27,2025,"CB","Susceptible","UPZ",1,1,"VB","Varied","Bench",11,11,8,2,1,3,10,0,NA,0,0,72.7272727272727,27.2727272727273,90.9090909090909,3,11,72.7272727272727,3.5,3.1,3.4,3.1,4,3.42,0,0,0,0,0,0,7,2,14,0,0,17,18,7,1,41,34,0,45,0,0,2,0,0,0,0,0,0,0,47,0
"CB_2025_UPZ_1_2","CB",42.83969,-124.5651,2025-06-27,2025,"CB","Susceptible","UPZ",1,2,"VB","Varied","Bench",4,4,4,0,0,0,4,0,NA,0,0,100,0,100,17,21,19.047619047619,3.4,3.2,NA,NA,NA,NA,0,0,0,0,0,0,4,7,9,9,0,13,4,4,0,54,50,0,0,0,0,67,0,0,0,0,0,0,0,67,0
"CB_2025_UPZ_1_3","CB",42.83969,-124.5651,2025-06-27,2025,"CB","Susceptible","UPZ",1,3,"VB","Varied","Bench",6,6,3,0,3,3,3,0,NA,0,0,50,50,50,6,9,33.3333333333333,4.4,4.6,4.1,4,3.6,4.14,0,0,0,0,0.1,0.1,4,0,55,0,0,1,4,9,0.1,31,27,0,0,0,0,22,0,0,0,0,0,0,0,22,0.0166666666666667
"CB_2025_UPZ_1_4","CB",42.83969,-124.5651,2025-06-27,2025,"CB","Susceptible","UPZ",1,4,"VB","Varied","Bench",12,12,5,0,7,7,5,0,NA,0,0,41.6666666666667,58.3333333333333,41.6666666666667,5,10,50,5.4,5.4,3.8,6.1,6.8,5.5,0,0,0,0,0.8,0.8,14,3,41,5,0,6,1,4,25,15,1,0,5,0,0,24,0,0,0,0,0,0,0,29,0.0666666666666667
"CB_2025_UPZ_1_5","CB",42.83969,-124.5651,2025-06-27,2025,"CB","Susceptible","UPZ",1,5,"VB","Varied","Bench",22,12,6,6,0,6,12,10,NA,0,0,50,50,54.5454545454545,2,8,75,4.3,4.3,4.9,5.3,4,4.56,0,0,0,0,0.11,0.1,11,0,60,16,0,8,0,6,3,7,0,0,0,0,0,38,0,0,0,0,0,0,0,38,0.00833333333333333
"CB_2025_UPZ_2_1","CB",42.83969,-124.5651,2025-06-27,2025,"CB","Susceptible","UPZ",2,1,"VB","Varied","Bench",14,14,14,0,0,0,14,0,NA,0,0,100,0,100,5,19,73.6842105263158,4.9,5,3.9,2.6,2.8,3.84,0,0,0,0,0.1,0,9,0,16,17,0,10,9,0.1,0.1,48,39,0,1,0,0,0,0,0,0,0,0,0,0,1,0
"CB_2025_UPZ_2_2","CB",42.83969,-124.5651,2025-06-27,2025,"CB","Susceptible","UPZ",2,2,"VB","Varied","Bench",22,21,20,0,1,1,20,1,NA,0,0,95.2380952380952,4.76190476190476,90.9090909090909,16,36,55.5555555555556,5.7,4.1,4.2,3.8,3.6,4.28,0,0,0,0,0,0,8,0,1,5,0,20,11,4,0,59,51,0,0,0,0,0,0,0,0,0,0,0,0,0,0
"CB_2025_UPZ_2_3","CB",42.83969,-124.5651,2025-06-27,2025,"CB","Susceptible","UPZ",2,3,"TP","Varied","Tidepool",18,15,5,0,10,10,5,3,NA,0,0,33.3333333333333,66.6666666666667,27.7777777777778,3,8,62.5,5.4,5.4,5.3,5.2,6.2,5.5,0,0,0,0,0,0,19,0,5,0,0,18,65,5,0.1,7,0,0,0,0,0,0,0,0,0,0,0,0,0,0,0
"CB_2025_UPZ_2_4","CB",42.83969,-124.5651,2025-06-27,2025,"CB","Susceptible","UPZ",2,4,"VB","Varied","Bench",36,32,28,0,4,4,28,4,NA,0,0,87.5,12.5,77.7777777777778,18,46,60.8695652173913,5.1,4.4,5.1,4.2,5.8,4.92,0,0,0,0.3,0.2,0.5,12,0,0,0,0,20,5,2,0,73,61,0,35,0,0,0,0,0,0,0,0,0,0,35,0.015625
"CB_2025_UPZ_2_5","CB",42.83969,-124.5651,2025-06-27,2025,"CB","Susceptible","UPZ",2,5,"VB","Varied","Bench",25,23,21,2,0,2,23,2,NA,0,0,91.304347826087,8.69565217391304,92,5,28,75,2.7,4,2.7,2.4,2.8,2.92,0,0,0,0,0,0,11,9,18,0,0,42,9,5,0,17,6,0,0,0,0,0,0,0,0,0,0,0,0,0,0
"CB_2025_NPZ_1_1","CB",42.83969,-124.5651,2025-06-27,2025,"CB","Susceptible","NPZ",1,1,"CD","Varied","Cobbles",33,31,0,2,29,31,2,2,NA,0,0,0,100,6.06060606060606,0,0,NA,5.9,7.4,7.8,7.5,7.8,7.28,0,0,0,0,0.4,0.4,33,0,0,0,0,9,6,0,18,67,34,0,0,0,0,0,0,0,0,0,0,0,0,0,0.0129032258064516
"CB_2025_NPZ_1_2","CB",42.83969,-124.5651,2025-06-27,2025,"CB","Susceptible","NPZ",1,2,"CD","Varied","Cobbles",16,16,0,0,16,16,0,0,NA,0,0,0,100,0,0,0,NA,6.9,8.7,7.4,7.4,6.6,7.4,0,0,0,0,0.2,0,36,0,0,12,0,16,1,0,13,58,22,3,0,0,0,0,0,0,0,0,0,0,0,3,0
"CB_2025_NPZ_1_3","CB",42.83969,-124.5651,2025-06-27,2025,"CB","Susceptible","NPZ",1,3,"VD","Varied","Boulder",25,25,3,4,18,22,7,0,NA,0,0,12,88,28,5,8,37.5,6.3,7.5,8,6.9,5.3,6.8,0,0,0,0,0,0,34,0,0,8,0,20,5,10,4,53,19,0,0,0,0,0,0,0,0,0,0,0,0,0,0
"CB_2025_NPZ_1_4","CB",42.83969,-124.5651,2025-06-27,2025,"CB","Susceptible","NPZ",1,4,"CD","Varied","Cobbles",16,16,0,0,16,16,0,0,NA,0,0,0,100,0,0,0,NA,5.5,6.1,5,7,5.5,5.82,0,0,0,0,0,0,14,0,0,0,0,9,6,9,68,8,0,0,0,0,0,0,0,0,0,0,0,0,0,0,0
"CB_2025_NPZ_1_5","CB",42.83969,-124.5651,2025-06-27,2025,"CB","Susceptible","NPZ",1,5,"VB","Varied","Bench",8,6,3,0,3,3,3,2,NA,0,0,50,50,37.5,0,3,100,5.9,4.5,4.2,2.6,5.4,4.52,0,0,0,0,0,0,6,0,0,9,0,23,8,0,0,60,54,0,0,0,0,2,0,0,0,0,0,0,0,2,0
"CB_2025_NPZ_2_1","CB",42.83969,-124.5651,2025-06-27,2025,"CB","Susceptible","NPZ",2,1,"WB","Wall","Bench",4,4,0,0,4,4,0,0,NA,0,0,0,100,0,0,0,NA,10,8.8,8,7.6,7.6,8.4,0,0,0,0,0,0,8,0,11,29,0,12,14,0,6,28,20,0,0,0,0,0,0,0,0,0,0,0,0,0,0
"CB_2025_NPZ_2_2","CB",42.83969,-124.5651,2025-06-27,2025,"CB","Susceptible","NPZ",2,2,"CD","Varied","Cobbles",8,8,0,2,6,8,2,0,NA,0,0,0,100,25,0,0,NA,7.6,6.7,5,6.9,5.3,6.3,0,0,0,0,0,0,9,0,1,0,0,8,10,7,70,4,0,0,0,0,0,0,0,0,0,0,0,0,0,0,0
"CB_2025_NPZ_2_3","CB",42.83969,-124.5651,2025-06-27,2025,"CB","Susceptible","NPZ",2,3,"CD","Varied","Cobbles",28,26,0,6,20,26,6,2,NA,0,0,0,100,21.4285714285714,0,0,NA,4.6,6.5,2.8,3.4,5,4.46,0,0,0,0,0,0,28,0,0,10,0,5,4,3,4,74,46,0,0,0,0,0,0,0,0,0,0,0,0,0,0
"CB_2025_NPZ_2_4","CB",42.83969,-124.5651,2025-06-27,2025,"CB","Susceptible","NPZ",2,4,"CD","Varied","Cobbles",18,18,0,3,15,18,3,0,NA,0,1,0,100,16.6666666666667,0,0,NA,6.5,5.4,7.3,7.5,7.7,6.88,0,0,0,0,0,0,18,0,0,24,0,11,4,0,10,51,33,0,0,0,0,0,0,0,0,0,0,0,0,0,0
"CB_2025_NPZ_2_5","CB",42.83969,-124.5651,2025-06-27,2025,"CB","Susceptible","NPZ",2,5,"CD","Varied","Cobbles",25,21,0,2,19,21,2,4,NA,0,0,0,100,8,0,0,NA,8.5,8,7.3,7.5,8.1,7.88,0.2,0,0,0,0.1,0.3,32,2,0,0,0,15,9,1,70,3,0,0,0,0,0,0,0,0,0,0,0,0,0,0,0.0142857142857143
"SB_2025_AZ_1_1","SB",43.3339,-124.3767,2025-06-28,2025,"CA","Unlikely","AZ",1,1,"VD","Varied","Boulder",23,23,20,0,3,3,20,0,NA,0,0,86.9565217391304,13.0434782608696,86.9565217391304,0,20,100,NA,NA,NA,NA,NA,NA,NA,NA,NA,NA,NA,NA,12,5,23,4,0,11,1,0.1,0.1,56,44,0,0,0,81,0,0,0,0,0,0,0,2,83,NA
"SB_2025_AZ_1_2","SB",43.3339,-124.3767,2025-06-28,2025,"CA","Unlikely","AZ",1,2,"VD","Varied","Boulder",1,1,0,0,1,1,0,0,NA,0,0,0,100,0,0,0,NA,NA,NA,NA,NA,NA,NA,NA,NA,NA,NA,NA,NA,1,23,38,7,0,7,1,0,1,23,22,24,23,0,65,23,0,0,0,0,0,0,0,135,NA
"SB_2025_AZ_1_3","SB",43.3339,-124.3767,2025-06-28,2025,"CA","Unlikely","AZ",1,3,"VD","Varied","Boulder",2,2,0,2,0,2,2,0,NA,0,0,0,100,100,0,0,NA,NA,NA,NA,NA,NA,NA,NA,NA,NA,NA,NA,NA,1,4,28,2,0,2,0,0,4,60,59,98,0,0,56,12,5,0,0,0,0,0,0,171,NA
"SB_2025_AZ_1_4","SB",43.3339,-124.3767,2025-06-28,2025,"CA","Unlikely","AZ",1,4,"VD","Varied","Boulder",6,6,6,0,0,0,6,0,NA,0,0,100,0,100,3,9,66.6666666666667,NA,NA,NA,NA,NA,NA,NA,NA,NA,NA,NA,NA,4,5,22,1,0,5,1,0.1,10,56,52,0,0,0,57,1,20,0,0,0,0,0,0,78,NA
"SB_2025_AZ_1_5","SB",43.3339,-124.3767,2025-06-28,2025,"CA","Unlikely","AZ",1,5,"VD","Varied","Boulder",0,0,0,0,0,0,0,0,NA,0,0,NA,NA,NA,0,0,NA,NA,NA,NA,NA,NA,NA,NA,NA,NA,NA,NA,NA,0,19,6,3,0,13,1,1,0,57,57,0,0,2,93,8,0,0,0,0,0,0,0,103,NA
"SB_2025_AZ_2_1","SB",43.3339,-124.3767,2025-06-28,2025,"CA","Unlikely","AZ",2,1,"VB","Varied","Bench",0,0,0,0,0,0,0,0,NA,0,0,NA,NA,NA,0,0,NA,NA,NA,NA,NA,NA,NA,NA,NA,NA,NA,NA,NA,0,6,15,24,0,9,7,0,6,33,33,15,0,0,24,15,5,0,0,0,0,0,0,59,NA
"SB_2025_AZ_2_2","SB",43.3339,-124.3767,2025-06-28,2025,"CA","Unlikely","AZ",2,2,"VB","Varied","Bench",1,1,0,0,1,1,0,0,NA,0,0,0,100,0,0,0,NA,NA,NA,NA,NA,NA,NA,NA,NA,NA,NA,NA,NA,1,1,58,12,0,5,0.1,0,9,15,14,78,0,0,28,7,0,0,0,0,0,0,0,113,NA
"SB_2025_AZ_2_3","SB",43.3339,-124.3767,2025-06-28,2025,"CA","Unlikely","AZ",2,3,"VB","Varied","Bench",0,0,0,0,0,0,0,0,0,0,0,NA,NA,NA,0,0,NA,NA,NA,NA,NA,NA,NA,NA,NA,NA,NA,NA,NA,0,12,40,7,0,6,5,0,3,27,27,25,22,0,9,20,0,0,0,0,1,0,0,77,NA
"SB_2025_AZ_2_4","SB",43.3339,-124.3767,2025-06-28,2025,"CA","Unlikely","AZ",2,4,"VB","Varied","Bench",0,0,0,0,0,0,0,0,0,0,0,NA,NA,NA,0,0,NA,NA,NA,NA,NA,NA,NA,NA,NA,NA,NA,NA,NA,0,6,33,2,0,3,9,0,2,45,45,33,28,0,0,32,0,0,0,0,0,0,0,93,NA
"SB_2025_AZ_2_5","SB",43.3339,-124.3767,2025-06-28,2025,"CA","Unlikely","AZ",2,5,"VD","Varied","Boulder",0,0,0,0,0,0,0,0,0,0,0,NA,NA,NA,0,0,NA,NA,NA,NA,NA,NA,NA,NA,NA,NA,NA,NA,NA,0,8,73,2,0,8,6,0,0,3,3,38,0,0,0,18,0,0,0,0,2,0,0,58,NA
"SB_2025_UPZ_1_1","SB",43.3339,-124.3767,2025-06-28,2025,"CA","Unlikely","UPZ",1,1,"FB","Flat","Bench",35,28,28,0,0,0,28,7,NA,0,0,100,0,80,2,30,93.3333333333333,5.7,5.5,5.4,5.6,5.6,5.56,0,0.25,0,0,0,0.25,30,6,11,0.1,0,14,6,0,2,61,31,0,0,0,0,0,18,0,0,0,0,0,0,18,0.00892857142857143
"SB_2025_UPZ_1_2","SB",43.3339,-124.3767,2025-06-28,2025,"CA","Unlikely","UPZ",1,2,"VB","Varied","Bench",29,27,27,0,0,0,27,2,NA,0,0,100,0,93.1034482758621,2,25,108,5.8,4.1,6.1,5.7,5,5.34,0,0,0,0.1,0,0.1,20,16,32,5,0,18,2,0.1,0.1,27,7,0,0,0,0,0,0,0,0,0,0,0,0,0,0.0037037037037037
"SB_2025_UPZ_1_3","SB",43.3339,-124.3767,2025-06-28,2025,"CA","Unlikely","UPZ",1,3,"VB","Varied","Bench",19,19,19,0,0,0,19,0,NA,0,0,100,0,100,2,21,90.4761904761905,5.1,4.9,4.7,4.3,4.5,4.7,0,0,0,0,0,0,11,1,31,5,0,12,3,0.1,0.1,48,37,0,0,0,0,0,0,0,0,0,0,0,0,0,0
"SB_2025_UPZ_1_4","SB",43.3339,-124.3767,2025-06-28,2025,"CA","Unlikely","UPZ",1,4,"TP","Varied","Tidepool",41,39,37,0,2,2,37,2,NA,0,0,94.8717948717949,5.12820512820513,90.2439024390244,3,40,92.5,7.8,6.1,8,6.8,5.7,6.88,0,0,0,0,0,0,50,0,2,6,0,11,3,15,7,56,6,0,0,0,0,0,0,0,0,0,0,0,0,0,0
"SB_2025_UPZ_1_5","SB",43.3339,-124.3767,2025-06-28,2025,"CA","Unlikely","UPZ",1,5,"VB","Varied","Bench",18,18,18,0,0,0,18,0,NA,0,0,100,0,100,5,23,78.2608695652174,3.7,4.4,4.3,4.7,4.2,4.26,0,0,0,0,0,0,9,1,35,0,0.1,8,3,6,3,44,35,0,0,0,0,0,0,0,0,0,0,0,0,0,0
"SB_2025_UPZ_2_1","SB",43.3339,-124.3767,2025-06-28,2025,"CA","Unlikely","UPZ",2,1,"VB","Varied","Bench",29,28,19,0,9,9,19,1,NA,0,0,67.8571428571429,32.1428571428571,65.5172413793103,3,31,61.2903225806452,5.2,4.9,4.8,5.4,5.2,5.1,0,0,1,0,0,1,20,0,22,6,0,10,2,20,13,27,7,0,0,0,0,0,0,0,0,0,0,0,0,0,0.0357142857142857
"SB_2025_UPZ_2_2","SB",43.3339,-124.3767,2025-06-28,2025,"CA","Unlikely","UPZ",2,2,"FB","Flat","Bench",34,30,30,0,0,0,30,4,NA,0,0,100,0,88.2352941176471,6,36,83.3333333333333,6.1,5.6,6.1,5.6,5.7,5.82,0,0,0.75,0,0,0.75,34,0,23,6,0,8,3,6,9,45,11,0,0,0,0,0,0,0,0,0,0,0,0,0,0.025
"SB_2025_UPZ_2_3","SB",43.3339,-124.3767,2025-06-28,2025,"CA","Unlikely","UPZ",2,3,"VB","Varied","Bench",12,12,11,0,1,1,11,0,NA,0,0,91.6666666666667,8.33333333333333,91.6666666666667,4,16,68.75,5.3,4.8,4.1,4.8,4.7,4.74,0,0,0,0,0,0,10,2,25,5,10,18,11,2,4,23,13,0,0,0,0,0,0,0,0,0,0,0,0,0,0
"SB_2025_UPZ_2_4","SB",43.3339,-124.3767,2025-06-28,2025,"CA","Unlikely","UPZ",2,4,"TP","Varied","Tidepool",51,48,48,0,0,0,48,3,NA,0,0,100,0,94.1176470588235,7,55,87.2727272727273,5.2,4.5,4.8,3.8,4.4,4.54,0,0,0,0,0,0,36,4,31,2,0,27,2,2,16,16,0,0,0,0,0,0,0,0,0,0,0,0,0,0,0
"SB_2025_UPZ_2_5","SB",43.3339,-124.3767,2025-06-28,2025,"CA","Unlikely","UPZ",2,5,"FB","Flat","Bench",35,34,34,0,0,0,34,1,NA,0,0,100,0,97.1428571428571,3,37,91.8918918918919,4.7,5.5,6,5.4,5.8,5.48,0,0,1,0,0,1,28,1,9,0.1,0,14,7,0.1,1,68,40,0,0,0,0,0,0,0,0,0,0,0,0,0,0.0294117647058824
"SB_2025_NPZ_1_1","SB",43.3339,-124.3767,2025-06-28,2025,"CA","Unlikely","NPZ",1,1,"VD","Varied","Boulder",8,8,0,5,3,8,5,0,NA,0,0,0,100,62.5,0,0,NA,NA,NA,NA,NA,NA,NA,0,0,0,0,0,0,6,1,25,1,0,21,19,0,0,33,27,0,0,0,0,0,0,0,0,0,0,0,0,0,0
"SB_2025_NPZ_1_2","SB",43.3339,-124.3767,2025-06-28,2025,"CA","Unlikely","NPZ",1,2,"VD","Varied","Boulder",1,1,0,0,1,1,0,0,NA,0,0,0,100,0,0,0,NA,NA,NA,NA,NA,NA,NA,0,0,0,0.1,0,0.1,1,0,7,0,0,9,3,0,0,81,80,0,0,0,0,0,0,0,0,0,0,0,0,0,0.1
"SB_2025_NPZ_1_3","SB",43.3339,-124.3767,2025-06-28,2025,"CA","Unlikely","NPZ",1,3,"VD","Varied","Boulder",8,8,0,5,3,8,5,0,NA,0,0,0,100,62.5,1,1,0,5.1,5.4,5,5.2,4.5,5.04,0,0,0,0,0,0,9,0,8,3,0,22,3,0.1,0,64,55,0,0,0,0,0,0,0,0,0,0,0,0,0,0
"SB_2025_NPZ_1_4","SB",43.3339,-124.3767,2025-06-28,2025,"CA","Unlikely","NPZ",1,4,"VD","Varied","Boulder",3,3,0,2,1,3,2,0,NA,0,0,0,100,66.6666666666667,0,0,NA,NA,NA,NA,NA,NA,NA,0,0,0,0,0,0,8,0,3,0.1,0,19,11,0.1,0,67,59,0,0,0,0,0,0,0,0,0,0,0,0,0,0
"SB_2025_NPZ_1_5","SB",43.3339,-124.3767,2025-06-28,2025,"CA","Unlikely","NPZ",1,5,"VD","Varied","Boulder",9,8,0,7,1,8,7,1,NA,0,0,0,100,77.7777777777778,0,0,NA,5.7,6.6,4.8,5.4,3.1,5.12,0,0,0,0,0,0,8,4,16,4,0,17,6,0,0,53,45,1,0,0,0,0,0,0,0,0,0,0,0,1,0
"SB_2025_NPZ_2_1","SB",43.3339,-124.3767,2025-06-28,2025,"CA","Unlikely","NPZ",2,1,"VB","Varied","Bench",33,30,16,0,14,14,16,3,NA,0,0,53.3333333333333,46.6666666666667,48.4848484848485,2,18,88.8888888888889,4.8,3.8,5.1,4.5,1.9,4.02,0,0,0,0,0,0,28,0,4,0.1,0,9,2,17,53,15,0,0,0,0,0,0,20,0,0,0,0,0,0,20,0
"SB_2025_NPZ_2_2","SB",43.3339,-124.3767,2025-06-28,2025,"CA","Unlikely","NPZ",2,2,"VD","Varied","Boulder",30,27,0,5,22,27,5,3,NA,0,0,0,100,16.6666666666667,0,0,NA,7.1,6.3,6.1,6.3,6,6.36,0,0,0,0,0,0,32,11,15,0,0,26,8,2,0,38,6,0,0,2,3,20,13,0,0,0,0,2,0,40,0
"SB_2025_NPZ_2_3","SB",43.3339,-124.3767,2025-06-28,2025,"CA","Unlikely","NPZ",2,3,"VD","Varied","Boulder",22,21,11,6,4,10,17,1,NA,0,0,52.3809523809524,47.6190476190476,77.2727272727273,2,13,84.6153846153846,5.2,5.1,5.5,5.8,5.7,5.46,0,0,0,0,0,0,20,4,38,5,0,7,9,4,0,33,13,0,0,0,0,0,0,0,0,0,0,0,0,0,0
"SB_2025_NPZ_2_4","SB",43.3339,-124.3767,2025-06-28,2025,"CA","Unlikely","NPZ",2,4,"VD","Varied","Boulder",15,15,5,8,2,10,13,0,NA,0,0,33.3333333333333,66.6666666666667,86.6666666666667,1,6,83.3333333333333,6.4,6.4,5.1,6.1,5.2,5.84,0,0,0,0,0,0,10,3,50,0,0,9,5,0.1,0,33,23,0,0,0,0,0,0,0,0,0,0,0,0,0,0
"SB_2025_NPZ_2_5","SB",43.3339,-124.3767,2025-06-28,2025,"CA","Unlikely","NPZ",2,5,"VD","Varied","Boulder",46,45,7,2,36,38,9,1,NA,0,0,15.5555555555556,84.4444444444444,19.5652173913043,0,6,116.666666666667,4.6,3.6,4.7,4.2,5,4.42,0,0,0,0,0,0,28,4,11,0,0,28,8,0.1,0.1,49,21,0,0,0,0,1,20,2,0,0,0,3,0,26,0
"BB_2025_AZ_1_1","BB",44.8303,-124.0607,2025-07-10,2025,"CF","Unlikely","AZ",1,1,"VB","Varied","Bench",0,0,0,0,0,0,0,0,NA,0,0,NA,NA,NA,1,1,0,NA,NA,NA,NA,NA,NA,NA,NA,NA,NA,NA,NA,0,0.1,84,3,1,5,0,1,6,0.1,0,36,17,0,0,0,0,1,0,0,0,0,0,54,NA
"BB_2025_AZ_1_2","BB",44.8303,-124.0607,2025-07-10,2025,"CF","Unlikely","AZ",1,2,"VB","Varied","Bench",0,0,0,0,0,0,0,0,NA,0,0,NA,NA,NA,4,4,0,NA,NA,NA,NA,NA,NA,NA,NA,NA,NA,NA,NA,0,1,64,13,2,4,7,0,9,0,0,10,4,0,0,3,0,2,0,0,0,0,0,19,NA
"BB_2025_AZ_1_3","BB",44.8303,-124.0607,2025-07-10,2025,"CF","Unlikely","AZ",1,3,"VD","Varied","Boulder",0,0,0,0,0,0,0,0,NA,0,0,NA,NA,NA,2,2,0,NA,NA,NA,NA,NA,NA,NA,NA,NA,NA,NA,NA,0,2,3,0.1,0,13,9,2,11,60,60,6,56,0,0,0,0,0,0,0,0,0,0,62,NA
"BB_2025_AZ_1_4","BB",44.8303,-124.0607,2025-07-10,2025,"CF","Unlikely","AZ",1,4,"VD","Varied","Boulder",0,0,0,0,0,0,0,0,NA,0,0,NA,NA,NA,0,0,NA,NA,NA,NA,NA,NA,NA,NA,NA,NA,NA,NA,NA,0,2,44,22,0,5,3,7,12,5,5,2,8,0,2,0,0,0,0,0,0,0,0,12,NA
"BB_2025_AZ_1_5","BB",44.8303,-124.0607,2025-07-10,2025,"CF","Unlikely","AZ",1,5,"VB","Varied","Bench",0,0,0,0,0,0,0,0,NA,0,0,NA,NA,NA,0,0,NA,NA,NA,NA,NA,NA,NA,NA,NA,NA,NA,NA,NA,0,1,70,0.1,10,7,0.1,3,7,2,2,44,22,0,0,0,0,21,0,0,0,0,0,87,NA
"BB_2025_AZ_2_1","BB",44.8303,-124.0607,2025-07-10,2025,"CF","Unlikely","AZ",2,1,"VB","Varied","Bench",0,0,0,0,0,0,0,0,NA,0,0,NA,NA,NA,0,0,NA,NA,NA,NA,NA,NA,NA,NA,NA,NA,NA,NA,NA,0,1,71,0,17,1,0,0,10,0,0,0,13,0,0,2,0,18,0,0,0,0,0,33,NA
"BB_2025_AZ_2_2","BB",44.8303,-124.0607,2025-07-10,2025,"CF","Unlikely","AZ",2,2,"VB","Varied","Bench",0,0,0,0,0,0,0,0,NA,0,0,NA,NA,NA,0,0,NA,NA,NA,NA,NA,NA,NA,NA,NA,NA,NA,NA,NA,0,0,36,0,6,8,2,0,42,6,6,0,0,0,0,0,0,55,0,0,0,0,0,55,NA
"BB_2025_AZ_2_3","BB",44.8303,-124.0607,2025-07-10,2025,"CF","Unlikely","AZ",2,3,"VB","Varied","Bench",0,0,0,0,0,0,0,0,NA,0,0,NA,NA,NA,1,1,0,NA,NA,NA,NA,NA,NA,NA,NA,NA,NA,NA,NA,0,2,40,30,1,11,8,3,0.1,5,5,0,35,0,0,0,0,11,0,0,0,0,0,46,NA
"BB_2025_AZ_2_4","BB",44.8303,-124.0607,2025-07-10,2025,"CF","Unlikely","AZ",2,4,"VD","Varied","Boulder",0,0,0,0,0,0,0,0,NA,0,0,NA,NA,NA,0,0,NA,NA,NA,NA,NA,NA,NA,NA,NA,NA,NA,NA,NA,0,7,0,6,0,12,3,3,60,9,9,6,56,0,0,6,0,0,0,0,0,0,0,68,NA
"BB_2025_AZ_2_5","BB",44.8303,-124.0607,2025-07-10,2025,"CF","Unlikely","AZ",2,5,"WB","Wall","Bench",1,1,1,0,0,0,1,0,NA,0,0,100,0,100,0,1,100,NA,NA,NA,NA,NA,NA,NA,NA,NA,NA,NA,NA,NA,1,20,22,0,16,13,0,15,13,13,0,0,0,0,0,0,0,0,0,0,0,0,0,NA
"BB_2025_UPZ_1_1","BB",44.8303,-124.0607,2025-07-10,2025,"CF","Unlikely","UPZ",1,1,"VB","Varied","Bench",41,39,35,0,4,4,35,2,NA,0,0,89.7435897435898,10.2564102564103,85.3658536585366,0,35,100,3.9,2.1,3.3,3.2,3,3.1,0,0,0,6,0,6,22,2,59,0,0,11,2,0.1,0,26,4,0,0,0,0,2,0,1,0,0,0,0,0,3,0.153846153846154
"BB_2025_UPZ_1_2","BB",44.8303,-124.0607,2025-07-10,2025,"CF","Unlikely","UPZ",1,2,"VB","Varied","Bench",25,23,23,0,0,0,23,2,NA,0,0,100,0,92,2,25,92,3.5,3.1,2.9,3.1,NA,NA,0,0,0,0,0,0,10,7,31,0,0,22,4,0,0,36,26,0,66,0,0,1,0,0,0,0,0,0,0,67,0
"BB_2025_UPZ_1_3","BB",44.8303,-124.0607,2025-07-10,2025,"CF","Unlikely","UPZ",1,3,"VB","Varied","Bench",16,15,3,3,9,12,6,1,NA,0,0,20,80,37.5,0,3,100,5.4,4.5,4.3,5.3,4.4,4.78,0,0,0,2,0,2,12,1,16,0,6,8,2,0.1,7,60,48,0,0,0,0,8,0,14,0,0,0,0,0,22,0.133333333333333
"BB_2025_UPZ_1_4","BB",44.8303,-124.0607,2025-07-10,2025,"CF","Unlikely","UPZ",1,4,"VB","Varied","Bench",63,59,58,0,1,1,58,4,NA,0,0,98.3050847457627,1.69491525423729,92.0634920634921,0,59,98.3050847457627,4.4,3.9,4,4.3,4.3,4.18,0.3,0,0,2,0,2.3,39,0.1,28,0,0,43,3,1,0,25,0,0,0,0,0,0,1,0,0,0,0,0,0,1,0.0389830508474576
"BB_2025_UPZ_1_5","BB",44.8303,-124.0607,2025-07-10,2025,"CF","Unlikely","UPZ",1,5,"VB","Varied","Bench",34,33,23,0,5,5,23,1,NA,0,0,69.6969696969697,15.1515151515152,67.6470588235294,2,30,76.6666666666667,4.6,3.4,4.4,5.2,5,4.52,0,0,0.1,0.5,0,0.6,17,0.1,73,0,0.1,10,2,15,0.1,0.1,0,0,0,0,0,1,0,1,0,0,0,0,0,2,0.0181818181818182
"BB_2025_UPZ_2_1","BB",44.8303,-124.0607,2025-07-10,2025,"CF","Unlikely","UPZ",2,1,"FB","Flat","Bench",5,5,4,0,1,1,4,0,NA,0,0,80,20,80,11,15,26.6666666666667,5.8,NA,NA,NA,NA,NA,0,0,0,0,0,0,2,0.1,17,0,21,1,0.1,0,58,3,1,0,0,0,0,0.1,0,49,0,0,0,0,0,49.1,0
"BB_2025_UPZ_2_2","BB",44.8303,-124.0607,2025-07-10,2025,"CF","Unlikely","UPZ",2,2,"FB","Flat","Bench",24,18,18,0,0,0,18,6,NA,0,0,100,0,75,3,21,85.7142857142857,3.4,5.1,5.4,5.1,4.7,4.74,0,0.1,0,0,0,0.1,9,1,45,1,0,16,2,0.1,0,35,26,1,14,0,0,2,0,0,0,0,0,0,0,17,0.00555555555555556
"BB_2025_UPZ_2_3","BB",44.8303,-124.0607,2025-07-10,2025,"CF","Unlikely","UPZ",2,3,"FB","Flat","Bench",13,13,13,0,0,0,13,0,NA,0,0,100,0,100,6,19,68.421052631579,6.1,5,5,5.4,6.2,5.54,0,0,0,0.2,0.2,0.4,10,2,61,6,0,12,2,0,0,17,7,0,9,0,0,1,0,0,0,0,0,0,0,10,0.0307692307692308
"BB_2025_UPZ_2_4","BB",44.8303,-124.0607,2025-07-10,2025,"CF","Unlikely","UPZ",2,4,"FB","Flat","Bench",29,28,28,0,0,0,28,1,NA,0,0,100,0,96.551724137931,1,29,96.551724137931,5.7,6,5.8,5.2,5,5.54,0,0,0,0,0.6,0.6,19,0.1,30,0.1,0,6,0.1,1,0.1,63,44,0,0.1,0,0,0,0,0,0,0,0,0,0,0.1,0.0214285714285714
"BB_2025_UPZ_2_5","BB",44.8303,-124.0607,2025-07-10,2025,"CF","Unlikely","UPZ",2,5,"FB","Flat","Bench",3,3,3,0,0,0,3,0,NA,0,0,100,0,100,2,5,60,NA,NA,NA,NA,NA,NA,0,0,0,0,0,0,1,5,82,0,0,7,2,0.1,0.1,4,3,8,57,0,0,5,0,0,0,0,0,0,0,70,0
"BB_2025_NPZ_1_1","BB",44.8303,-124.0607,2025-07-10,2025,"CF","Unlikely","NPZ",1,1,"VD","Varied","Boulder",8,8,0,8,0,8,8,0,NA,0,0,0,100,100,0,0,NA,7.3,5.5,2.7,5.8,7.5,5.76,0,0,0.1,0.1,0,0.2,8,0.1,24,11,0,11,8,0,6,40,32,1,3,0,0,0,0,0,0,0,0,0,0,4,0.025
"BB_2025_NPZ_1_2","BB",44.8303,-124.0607,2025-07-10,2025,"CF","Unlikely","NPZ",1,2,"VD","Varied","Boulder",4,4,0,3,1,4,3,0,NA,0,0,0,100,75,0,0,NA,6.9,5.8,6.6,NA,NA,NA,0,0,0,0,0,0,2,1,22,16,0,8,3,1,39,10,8,9,15,0,0,1,0,0.1,0,0,5,0,0,30.1,0
"BB_2025_NPZ_1_3","BB",44.8303,-124.0607,2025-07-10,2025,"CF","Unlikely","NPZ",1,3,"VD","Varied","Boulder",15,15,0,11,4,15,11,0,NA,0,0,0,100,73.3333333333333,0,0,NA,7.3,7.6,7.8,7.2,6.9,7.36,0,1,0,0.5,0,0,11,0,8,2,0,2,5,0,0.1,83,72,0,0,0,0,0,0,0,0,0,0,0,0,0,0
"BB_2025_NPZ_1_4","BB",44.8303,-124.0607,2025-07-10,2025,"CF","Unlikely","NPZ",1,4,"VD","Varied","Boulder",14,14,0,14,0,14,14,0,NA,0,0,0,100,100,0,0,NA,7.8,6.9,6.4,7.3,6.5,6.98,0,0,0.3,0,1,1.3,1,2,2,2,0,28,2,0.1,0,64,63,0,14,0,0,1,0,0,0,0,0,0,0,15,0.0928571428571429
"BB_2025_NPZ_1_5","BB",44.8303,-124.0607,2025-07-10,2025,"CF","Unlikely","NPZ",1,5,"VD","Varied","Boulder",4,3,0,2,1,3,2,1,NA,0,0,0,100,50,0,0,NA,6.4,7,6.5,6.9,6.6,6.68,0,0,0,0.1,0,0.1,2,0,0,0.1,0,27,3,0.1,0,70,68,0,4,0,0,0,0,0,0,0,0,0,0,4,0.0333333333333333
"BB_2025_NPZ_2_1","BB",44.8303,-124.0607,2025-07-10,2025,"CF","Unlikely","NPZ",2,1,"VD","Varied","Boulder",34,34,0,30,4,34,30,0,NA,0,0,0,100,88.2352941176471,0,0,NA,6.8,7.9,7,7.2,7.1,7.2,0,0,1.2,1,0,2.2,16,0,0,0,0,29,3,4,0,64,48,0,0,0,0,0,0,0,0,0,0,0,0,0,0.0647058823529412
"BB_2025_NPZ_2_2","BB",44.8303,-124.0607,2025-07-10,2025,"CF","Unlikely","NPZ",2,2,"VD","Varied","Boulder",16,16,0,2,14,16,2,0,NA,0,0,0,100,12.5,0,0,NA,7.4,7.6,5.5,6.6,6.8,6.78,0,0,2,0,0,2,8,4,55,2,0,26,4,0.1,0,9,1,0,0,0,0,15,0,0,0,0,0,0,0,15,0.125
"BB_2025_NPZ_2_3","BB",44.8303,-124.0607,2025-07-10,2025,"CF","Unlikely","NPZ",2,3,"VD","Varied","Boulder",0,0,0,0,0,0,0,0,NA,0,0,NA,NA,NA,0,0,NA,NA,NA,NA,NA,NA,NA,NA,NA,NA,NA,NA,NA,0,0.1,86,0,0,9,1,0,0,4,4,0,0,0,0,5,0,0,0,0,0,0,0,5,NA
"BB_2025_NPZ_2_4","BB",44.8303,-124.0607,2025-07-10,2025,"CF","Unlikely","NPZ",2,4,"VD","Varied","Boulder",0,0,0,0,0,0,0,0,NA,0,0,NA,NA,NA,0,0,NA,NA,NA,NA,NA,NA,NA,NA,NA,NA,NA,NA,NA,0,22,16,0,0,12,4,0,10,36,36,0,0,0,75,0,0,0,0,0,0,0,0,75,NA
"BB_2025_NPZ_2_5","BB",44.8303,-124.0607,2025-07-10,2025,"CF","Unlikely","NPZ",2,5,"VD","Varied","Boulder",0,0,0,0,0,0,0,0,NA,0,0,NA,NA,NA,0,0,NA,NA,NA,NA,NA,NA,NA,NA,NA,NA,NA,NA,NA,0,5,16,0,0,15,0,0.1,0,64,64,2,62,0,2,3,0,0,0,0,0,0,0,69,NA
"SC_2026_UPZ_1_1","SC",43.3032,-124.3974,2026-06-16,2026,"CA","Susceptible","UPZ",1,1,"FB","Flat","Bench",18,17,17,0,0,0,17,1,NA,0,0,100,0,94.4444444444444,36,56,30.3571428571429,3.9,3.4,3.6,4.6,3.9,3.88,0,0,0,3.5,0,3.5,14,0,12,10,0,49,1,4,10,14,0,0,0,0,0,0,0,0,0,0,0,0,0,0,0.205882352941176
"SC_2026_UPZ_1_2","SC",43.3032,-124.3974,2026-06-16,2026,"CA","Susceptible","UPZ",1,2,"FB","Flat","Bench",24,23,22,0,1,1,22,1,NA,0,0,95.6521739130435,4.34782608695652,91.6666666666667,13,35,62.8571428571429,2.1,3.7,5.6,4.8,3.4,3.92,0,0.5,0,1,0,1.5,18,0,8,10,0,10,2,0,52,18,0,0,0,0,0,0,0,0,0,0,0,0,0,0,0.0652173913043478
"SC_2026_UPZ_1_3","SC",43.3032,-124.3974,2026-06-16,2026,"CA","Susceptible","UPZ",1,3,"FB","Flat","Bench",28,25,25,0,0,0,25,3,NA,0,0,100,0,89.2857142857143,27,52,48.0769230769231,4.4,3.5,3.8,2.7,3.8,3.64,0.3,0.5,0,0.7,0,1.5,20,0,7,13,0,20,2,1,37,20,0,0,0,0,0,0,0,0,0,0,0,0,0,0,0.06
"SC_2026_UPZ_1_4","SC",43.3032,-124.3974,2026-06-16,2026,"CA","Susceptible","UPZ",1,4,"FB","Flat","Bench",64,48,48,0,0,0,48,16,NA,0,0,100,0,75,14,78,61.5384615384615,3.8,3.1,3.2,3.3,3.3,3.34,0,0.7,0,0.8,0,1.5,50,0,2,4,0,18,2,8,20,46,0,0,0,0,0,0,0,0,0,0,0,0,0,0,0.03125
"SC_2026_UPZ_1_5","SC",43.3032,-124.3974,2026-06-16,2026,"CA","Susceptible","UPZ",1,5,"TP","Varied","Tidepool",72,63,63,0,0,0,63,9,NA,0,0,100,0,87.5,18,81,77.7777777777778,2.4,3.6,3.9,3,3.4,3.26,0,0,0,1.8,0,1.8,43,0,4,1,0,25,1,2,24,43,0,0,0,0,0,0,0,0,0,0,0,0,0,0,0.0285714285714286
"SC_2026_UPZ_2_1","SC",43.3032,-124.3974,2026-06-16,2026,"CA","Susceptible","UPZ",2,1,"TP","Varied","Tidepool",23,22,20,2,0,2,22,1,NA,0,0,90.9090909090909,9.09090909090909,95.6521739130435,10,32,62.5,3.2,3.9,1.9,2.7,2,2.74,0,0,0,0.4,0,0.4,14,0,16,11,0,10,2,0,47,14,0,0,0,0,0,0,0,0,0,0,0,0,0,0,0.0181818181818182
"SC_2026_UPZ_2_2","SC",43.3032,-124.3974,2026-06-16,2026,"CA","Susceptible","UPZ",2,2,"TP","Varied","Tidepool",29,29,28,0,1,1,28,0,NA,0,0,96.551724137931,3.44827586206897,96.551724137931,7,36,77.7777777777778,5,5.9,4.3,5.8,5.6,5.32,0,0.2,0,0.5,0,0.7,15,0,62,4,0,5,0,0,8,21,6,0,0,0,0,0,0,0,0,0,0,0,0,0,0.0241379310344828
"SC_2026_UPZ_2_3","SC",43.3032,-124.3974,2026-06-16,2026,"CA","Susceptible","UPZ",2,3,"VB","Varied","Bench",73,64,64,0,0,0,64,9,NA,0,0,100,0,87.6712328767123,1,65,98.4615384615385,3.6,2.9,4,2,3.6,3.22,0,0,0,0.1,0,0.1,50,0,5,9,0,14,2,0,20,50,0,0,0,0,0,0,0,0,0,0,0,0,0,0,0.0015625
"SC_2026_UPZ_2_4","SC",43.3032,-124.3974,2026-06-16,2026,"CA","Susceptible","UPZ",2,4,"FB","Flat","Bench",29,27,27,0,0,0,27,2,NA,0,0,100,0,93.1034482758621,6,33,81.8181818181818,5.2,5.4,4,4.6,4.8,4.8,0,0.3,0,1.2,0,1.5,9,1,69,11,2,3,1,0,3,10,1,0,0,1,0,0,0,12,0,0,0,0,0,13,0.0555555555555556
"SC_2026_UPZ_2_5","SC",43.3032,-124.3974,2026-06-16,2026,"CA","Susceptible","UPZ",2,5,"VB","Varied","Bench",45,45,44,0,1,1,44,0,NA,0,0,97.7777777777778,2.22222222222222,97.7777777777778,13,58,75.8620689655172,4.5,4,4.4,5,5.8,4.74,0.1,0,0,1,0,1.1,35,0,5,4,0,10,0.1,0,7,74,39,0,0,0,0,0,0,0,0,0,0,0,0,0,0.0244444444444444
"SC_2026_NPZ_1_1","SC",43.3032,-124.3974,2026-06-16,2026,"CA","Susceptible","NPZ",1,1,"TP","Varied","Tidepool",22,11,0,1,10,11,1,11,NA,0,0,0,100,4.54545454545455,0,0,NA,5.1,5.2,3.3,5.7,3.4,4.54,0.1,0,0,0.1,0,0.2,11,0,1,1,0,5,0,0,76,17,6,0,0,0,0,0,0,0,0,0,0,0,0,0,0.0181818181818182
"SC_2026_NPZ_1_2","SC",43.3032,-124.3974,2026-06-16,2026,"CA","Susceptible","NPZ",1,2,"TP","Varied","Tidepool",33,32,0,1,31,32,1,1,NA,0,0,0,100,3.03030303030303,0,0,NA,4.7,3.7,5.2,6.7,4.7,5,0,0,0,0.4,0,0.4,26,0,0,0,0,9,1,0,64,26,0,0,0,0,0,0,0,0,0,0,0,0,0,0,0.0125
"SC_2026_NPZ_1_3","SC",43.3032,-124.3974,2026-06-16,2026,"CA","Susceptible","NPZ",1,3,"VD","Varied","Boulder",27,25,14,5,7,12,19,2,NA,0,0,56,48,70.3703703703704,20,34,41.1764705882353,NA,NA,NA,NA,NA,NA,NA,NA,NA,NA,NA,NA,18,0,6,6,0,9,0,1,60,18,0,0,0,0,0,0,0,0,0,0,0,0,0,0,NA
"SC_2026_NPZ_1_4","SC",43.3032,-124.3974,2026-06-16,2026,"CA","Susceptible","NPZ",1,4,"VB","Varied","Bench",46,43,4,10,29,39,14,3,NA,0,0,9.30232558139535,90.6976744186046,30.4347826086957,0,3,133.333333333333,5.5,5.4,5.8,4.5,3.1,4.86,0,0,0,1.7,0,1.7,40,0,0.1,0.1,0,12,0.1,0.1,48,40,0,0,0,0,0,0,0,0,0,0,0,0,0,0,0.0395348837209302
"SC_2026_NPZ_1_5","SC",43.3032,-124.3974,2026-06-16,2026,"CA","Susceptible","NPZ",1,5,"VB","Varied","Bench",66,59,7,0,52,52,7,7,NA,0,0,11.864406779661,88.135593220339,10.6060606060606,1,8,87.5,4.4,4.4,4.3,4.8,4.7,4.52,0,0,0.5,1.7,0,2.2,67,0,0,0,0,17,2,2,12,67,0,0,0,0,0,0,0,0,0,0,0,0,0,0,0.0372881355932203
"SC_2026_NPZ_2_1","SC",43.3032,-124.3974,2026-06-16,2026,"CA","Susceptible","NPZ",2,1,"VB","Varied","Bench",8,8,0,1,7,8,1,0,NA,0,0,0,100,12.5,0,0,NA,3.8,5,4.7,5.7,5.2,4.88,0,0,0,0.7,0,0.7,8,0,0,0,0,4,0,4,82,10,2,0,0,0,0,0,0,0,0,0,0,0,0,0,0.0875
"SC_2026_NPZ_2_2","SC",43.3032,-124.3974,2026-06-16,2026,"CA","Susceptible","NPZ",2,2,"TP","Varied","Tidepool",10,10,0,1,9,10,1,0,NA,0,0,0,100,10,0,0,NA,4.9,3.4,5.3,6.2,5.7,5.1,0,0,0,0,0,0,10,0,2,2,0,6,2,0,78,10,0,0,0,0,0,0,0,0,0,0,0,0,0,0,0
"SC_2026_NPZ_2_3","SC",43.3032,-124.3974,2026-06-16,2026,"CA","Susceptible","NPZ",2,3,"TP","Varied","Tidepool",28,24,0,10,14,24,10,4,NA,0,0,0,100,35.7142857142857,0,0,NA,6.5,6.1,3.6,3.2,2.8,4.44,0,0,0,0,0,0,16,0,0,0,0,16,1,3,64,16,0,0,0,0,0,0,0,0,0,0,0,0,0,0,0
"SC_2026_NPZ_2_4","SC",43.3032,-124.3974,2026-06-16,2026,"CA","Susceptible","NPZ",2,4,"TP","Varied","Tidepool",16,16,5,4,7,11,9,0,NA,0,0,31.25,68.75,56.25,4,9,55.5555555555556,3.8,5.8,4.8,5.1,3.9,4.68,0.4,0.2,0,0.5,0,1.1,20,0,8,3,0,10,2,3,49,25,5,0,0,0,0,0,0,0,0,0,0,0,0,0,0.06875
"SC_2026_NPZ_2_5","SC",43.3032,-124.3974,2026-06-16,2026,"CA","Susceptible","NPZ",2,5,NA,NA,NA,22,22,4,17,1,18,21,0,NA,0,0,18.1818181818182,81.8181818181818,95.4545454545455,2,6,66.6666666666667,5.6,5.2,4.4,4.1,5.3,4.92,0,0,0,0.3,0,0.3,20,0,0.1,0.1,0,12,6,2,8,72,52,0,0,0,0,0,0,0,0,0,0,0,0,0,0.0136363636363636
"CB_2026_AZ_1_1","CB",42.83969,-124.5651,2026-06-17,2026,"CB","Susceptible","AZ",1,1,"VB","Varied","Bench",1,0,0,1,1,2,1,1,NA,0,0,NA,Inf,100,17,17,0,NA,NA,NA,NA,NA,NA,NA,NA,NA,NA,NA,NA,0,5,65,0,0,5,2,0,20,3,3,0,23,0,0,40,0,0,0,0,0,0,0,63,NA
"CB_2026_AZ_1_2","CB",42.83969,-124.5651,2026-06-17,2026,"CB","Susceptible","AZ",1,2,"VB","Varied","Bench",27,21,20,0,1,1,20,6,NA,0,0,95.2380952380952,4.76190476190476,74.0740740740741,11,13,153.846153846154,NA,NA,NA,NA,NA,NA,NA,NA,NA,NA,NA,NA,14,2,66,0,0,12,0,1,10,9,0,0,0,0,0,6,0,0,0,0,0,0,0,6,NA
"CB_2026_AZ_1_3","CB",42.83969,-124.5651,2026-06-17,2026,"CB","Susceptible","AZ",1,3,"FB","Flat","Bench",0,0,0,0,0,0,0,0,NA,0,0,NA,NA,NA,2,5,0,NA,NA,NA,NA,NA,NA,NA,NA,NA,NA,NA,NA,0,0,8,25,0,2,0,4,0,61,61,0,0,0,0,2,0,0,0,0,0,0,0,2,NA
"CB_2026_AZ_1_4","CB",42.83969,-124.5651,2026-06-17,2026,"CB","Susceptible","AZ",1,4,"FB","Flat","Bench",1,1,1,0,0,0,1,0,NA,0,0,100,0,100,5,6,16.6666666666667,NA,NA,NA,NA,NA,NA,NA,NA,NA,NA,NA,NA,1,4,11,0,0,17,4,1,57,6,5,0,18,0,0,0,0,0,0,0,0,0,0,18,NA
"CB_2026_AZ_1_5","CB",42.83969,-124.5651,2026-06-17,2026,"CB","Susceptible","AZ",1,5,"FB","Flat","Bench",4,3,3,0,0,0,3,1,NA,0,0,100,0,75,6,9,33.3333333333333,NA,NA,NA,NA,NA,NA,NA,NA,NA,NA,NA,NA,2,3,66,0,0,19,2,0.1,0,10,8,0,24,0,0,0,0,0,0,0,0,0,0,24,NA
"CB_2026_AZ_2_1","CB",42.83969,-124.5651,2026-06-17,2026,"CB","Susceptible","AZ",2,1,"CD","Varied","Cobbles",0,0,0,0,0,0,0,0,NA,0,0,NA,NA,NA,0,0,NA,NA,NA,NA,NA,NA,NA,NA,NA,NA,NA,NA,NA,0,0,51,6,0,0.1,12,4,27,0,0,0,0,0,0,16,0,0,0,0,3,0,0,19,NA
"CB_2026_AZ_2_2","CB",42.83969,-124.5651,2026-06-17,2026,"CB","Susceptible","AZ",2,2,"CD","Varied","Cobbles",0,0,0,0,0,0,0,0,NA,0,0,NA,NA,NA,3,3,0,NA,NA,NA,NA,NA,NA,NA,NA,NA,NA,NA,NA,0,15,12,17,0,2,6,0,37,11,11,4,0,0,0,50,0,0,0,0,0,0,0,54,NA
"CB_2026_AZ_2_5","CB",42.83969,-124.5651,2026-06-17,2026,"CB","Susceptible","AZ",2,5,"CD","Varied","Cobbles",0,0,0,0,0,0,0,0,NA,0,0,NA,NA,NA,0,0,NA,NA,NA,NA,NA,NA,NA,NA,NA,NA,NA,NA,NA,0,0,81,14,0,0,0,0,2,3,3,0,0,0,0,25,0,0,0,0,4,0,0,29,NA
"CB_2026_UPZ_1_1","CB",42.83969,-124.5651,2026-06-17,2026,"CB","Susceptible","UPZ",1,1,"TP","Varied","Tidepool",27,23,22,0,1,1,22,4,NA,0,0,95.6521739130435,4.34782608695652,81.4814814814815,5,28,78.5714285714286,5.9,6,5.3,6,4.9,5.62,0,0,0,0,0,0,23,0,12,0,0,20,12,1,8,47,24,0,0,0,0,4,0,0,0,0,0,0,0,6,0
"CB_2026_UPZ_1_2","CB",42.83969,-124.5651,2026-06-17,2026,"CB","Susceptible","UPZ",1,2,"TP","Varied","Tidepool",31,25,20,3,1,4,23,6,NA,0,0,80,16,74.1935483870968,14,39,51.2820512820513,4.2,3.8,4.7,5.4,2.6,4.14,0,0,0,0,0,0,18,0,12,0,0,20,4,7,4,53,35,0,0,0,0,16,0,0,0,0,0,0,0,16,0
"CB_2026_UPZ_1_3","CB",42.83969,-124.5651,2026-06-17,2026,"CB","Susceptible","UPZ",1,3,"VB","Varied","Bench",30,25,15,8,2,10,23,5,NA,0,0,60,40,76.6666666666667,12,39,38.4615384615385,3.5,2.3,2.4,3.2,3.8,3.04,0,0.1,0,0,0,0.1,22,0,10,0,0,16,5,1,52,16,0,0,3,0,0,0,0,0,0,0,0,0,0,3,0.004
"CB_2026_UPZ_1_4","CB",42.83969,-124.5651,2026-06-17,2026,"CB","Susceptible","UPZ",1,4,"VB","Varied","Bench",19,18,18,0,0,0,18,1,NA,0,0,100,0,94.7368421052632,12,32,56.25,4.1,1.6,3.5,5.9,2.5,3.52,0,0,0,0,0,0,15,0,54,0,0,15,3,3,2,23,8,0,0,0,0,6,0,0,0,0,0,0,0,6,0
"CB_2026_UPZ_1_5","CB",42.83969,-124.5651,2026-06-17,2026,"CB","Susceptible","UPZ",1,5,"TP","Varied","Tidepool",20,17,15,0,2,2,15,3,NA,0,0,88.2352941176471,11.7647058823529,75,5,22,68.1818181818182,NA,NA,NA,NA,NA,NA,NA,NA,NA,NA,NA,0,11,1,58,0,0,15,8,4,12,2,0,0,0,0,8,0,0,0,0,0,0,0,0,8,0
"CB_2026_UPZ_2_1","CB",42.83969,-124.5651,2026-06-17,2026,"CB","Susceptible","UPZ",2,1,"VB","Varied","Bench",17,13,13,0,0,0,13,4,NA,0,0,100,0,76.4705882352941,4,17,76.4705882352941,4.3,5,4.9,2.1,2.5,3.76,0,0,0,0,0,0,11,2,71,0.1,0,10,2,0,0,15,4,0,0,0,0,15,0,0,0,0,0,0,0,15,0
"CB_2026_UPZ_2_2","CB",42.83969,-124.5651,2026-06-17,2026,"CB","Susceptible","UPZ",2,2,"FB","Flat","Bench",14,12,10,2,0,2,12,2,NA,0,0,83.3333333333333,16.6666666666667,85.7142857142857,5,17,58.8235294117647,4.4,3.1,2.6,3,2.4,3.1,0,0,0,0,0,0,13,1,NA,1,0,12,4,0,0,10,0,0,2,0,0,0,0,0,0,0,0,0,0,2,0
"CB_2026_NPZ_1_1","CB",42.83969,-124.5651,2026-06-17,2026,"CB","Susceptible","NPZ",1,1,"VD","Varied","Boulder",15,14,0,4,10,14,4,1,NA,0,0,0,100,26.6666666666667,0,0,NA,5.2,5.1,3.1,4.7,5.2,4.66,0,0,0,0,0,0,12,0,10,0,0,21,6,0,59,4,0,0,0,0,0,0,0,0,0,0,0,0,0,0,0
"CB_2026_NPZ_1_2","CB",42.83969,-124.5651,2026-06-17,2026,"CB","Susceptible","NPZ",1,2,"CC","Flat","Cobbles",24,23,0,2,21,23,2,1,NA,0,0,0,100,8.33333333333333,0,0,NA,4.6,5.5,6.2,3.2,3.5,4.6,0,0,0,0,0,0,24,0,5,0,0,10,6,3,71,5,0,0,0,0,0,0,0,0,0,0,0,0,0,0,0
"CB_2026_NPZ_1_3","CB",42.83969,-124.5651,2026-06-17,2026,"CB","Susceptible","NPZ",1,3,"VD","Varied","Boulder",15,14,2,11,1,12,13,1,NA,0,0,14.2857142857143,85.7142857142857,86.6666666666667,5,7,28.5714285714286,3,5.2,4,5.6,2.3,4.02,0,0,0.1,0,0,0,13,0,0,0,0,16,3,0,6,75,62,0,0,0,0,0,0,0,0,0,0,0,0,0,0
"CB_2026_NPZ_1_4","CB",42.83969,-124.5651,2026-06-17,2026,"CB","Susceptible","NPZ",1,4,"VD","Varied","Boulder",29,29,0,9,20,29,9,0,NA,0,0,0,100,31.0344827586207,0,0,NA,5.1,3,3.5,4,3,3.72,0,0,0,0,0,0,49,0,0,0,0,37,4,9,4,46,0,0,0,0,0,0,0,0,0,0,0,0,0,0,0
"CB_2026_NPZ_1_5","CB",42.83969,-124.5651,2026-06-17,2026,"CB","Susceptible","NPZ",1,5,"VD","Varied","Boulder",22,20,0,11,9,20,11,2,NA,0,0,0,100,50,0,0,NA,3.9,5,4.5,5,5.1,4.7,0,0,0,0,0,0,25,0,2,0,0,24,4,5,NA,29,4,0,0,0,0,0,0,0,0,0,0,0,0,0,0
"CB_2026_NPZ_2_1","CB",42.83969,-124.5651,2026-06-17,2026,"CB","Susceptible","NPZ",2,1,"CD","Varied","Cobbles",31,31,0,1,30,31,1,0,NA,0,0,0,100,3.2258064516129,1,1,0,5.1,6,5.4,5.8,3.4,5.14,0,0,0,0,0,0,33,0,0,0,0,8,5,0,8,79,46,0,0,0,0,0,0,0,0,0,0,0,0,0,0
"CB_2026_NPZ_2_2","CB",42.83969,-124.5651,2026-06-17,2026,"CB","Susceptible","NPZ",2,2,"VD","Varied","Boulder",30,30,5,25,0,25,30,0,NA,0,0,16.6666666666667,83.3333333333333,100,0,0,Inf,4.8,3,7.3,6.4,7.1,5.72,0,0,0,0.8,0,0.8,43,0,0,0,0,15,0,0,5,80,37,0,0,0,0,0,0,0,0,0,0,0,0,0,0.0266666666666667
"CB_2026_NPZ_2_3","CB",42.83969,-124.5651,2026-06-17,2026,"CB","Susceptible","NPZ",2,3,"VD","Varied","Boulder",25,24,0,3,21,24,3,1,NA,0,0,0,100,12,0,0,NA,4.7,6,5.1,4.8,5.2,5.16,0,0,0,0,0,0,22,0,40,0,0,6,0,0,35,36,14,0,0,0,0,0,0,0,0,0,0,0,0,0,0
"CB_2026_NPZ_2_4","CB",42.83969,-124.5651,2026-06-17,2026,"CB","Susceptible","NPZ",2,4,"VD","Varied","Boulder",46,43,0,4,39,43,4,3,NA,0,0,0,100,8.69565217391304,0,0,NA,5,5.2,3.3,5,4.8,4.66,0,0,0,0,0,0,46,0,3,0,0,6,0,3,28,60,14,0,0,0,0,0,0,0,0,0,0,0,0,0,0
"CB_2026_NPZ_2_5","CB",42.83969,-124.5651,2026-06-17,2026,"CB","Susceptible","NPZ",2,5,"VD","Varied","Boulder",6,5,0,2,3,5,2,1,NA,0,0,0,100,33.3333333333333,0,0,NA,5.3,4.5,2.4,2.7,NA,NA,0,0,0,0,0,0,7,0,14,0,0,12,6,1,62,5,0,0,0,0,0,0,0,0,0,0,0,0,0,0,0
"WC_2026_AZ_1_1","WC",42.2229,-124.383,2026-06-18,2026,"SO","Susceptible","AZ",1,1,"FD","Flat","Boulder",0,0,0,0,0,0,0,0,NA,0,0,NA,NA,NA,0,0,NA,NA,NA,NA,NA,NA,NA,NA,NA,NA,NA,NA,NA,0,3,35,22,0,10,4,9,10,7,7,0,8,0,0,9,0,0,0,0,0,0,0,23,NA
"WC_2026_AZ_1_2","WC",42.2229,-124.383,2026-06-18,2026,"SO","Susceptible","AZ",1,2,"CD","Varied","Cobbles",5,5,0,2,3,5,2,0,NA,0,0,0,100,40,0,0,NA,NA,NA,NA,NA,NA,NA,NA,NA,NA,NA,NA,NA,2,1,35,7,0,3,3,2,8,41,39,0,0,0,0,1,0,0,0,0,0,0,0,13,NA
"WC_2026_AZ_1_3","WC",42.2229,-124.383,2026-06-18,2026,"SO","Susceptible","AZ",1,3,"VD","Varied","Boulder",9,8,2,2,4,6,4,1,NA,0,0,25,75,44.4444444444444,26,29,6.89655172413793,NA,NA,NA,NA,NA,NA,NA,NA,NA,NA,NA,NA,6,0,12,1,0,2,8,1,12,64,58,0,0,0,0,3,0,0,0,0,0,0,0,3,NA
"WC_2026_AZ_1_4","WC",42.2229,-124.383,2026-06-18,2026,"SO","Susceptible","AZ",1,4,"VD","Varied","Boulder",2,2,0,2,0,2,2,0,NA,0,0,0,100,100,3,3,0,NA,NA,NA,NA,NA,NA,NA,NA,NA,NA,NA,NA,2,1,12,10,0,0.1,8,1,13,55,53,0,0,0,0,4,0,0,0,0,0,0,0,17,NA
"WC_2026_AZ_1_5","WC",42.2229,-124.383,2026-06-18,2026,"SO","Susceptible","AZ",1,5,"VD","Varied","Boulder",0,0,0,0,0,0,0,0,NA,0,0,NA,NA,NA,0,7,0,NA,NA,NA,NA,NA,NA,NA,NA,NA,NA,NA,NA,0,1,49,2,0,18,18,5,3,4,4,0,0,0,0,46,0,0,0,8,0,0,0,54,NA
"WC_2026_AZ_2_1","WC",42.2229,-124.383,2026-06-18,2026,"SO","Susceptible","AZ",2,1,"FB","Flat","Bench",0,0,0,0,0,0,0,0,NA,0,0,NA,NA,NA,0,0,NA,NA,NA,NA,NA,NA,NA,NA,NA,NA,NA,NA,NA,0,0,74,6,0,0,6,3,7,4,4,10,9,0,0,31,0,0,0,0,16,0,0,66,NA
"WC_2026_AZ_2_2","WC",42.2229,-124.383,2026-06-18,2026,"SO","Susceptible","AZ",2,2,"FB","Flat","Bench",0,0,0,0,0,0,0,0,NA,0,0,NA,NA,NA,0,0,NA,NA,NA,NA,NA,NA,NA,NA,NA,NA,NA,NA,NA,0,0,83,0,0,1,5,1,8,2,2,0,89,0,0,11,0,0,0,0,0,0,0,100,NA
"WC_2026_AZ_2_3","WC",42.2229,-124.383,2026-06-18,2026,"SO","Susceptible","AZ",2,3,"FB","Flat","Bench",0,0,0,0,0,0,0,0,NA,0,0,NA,NA,NA,0,0,NA,NA,NA,NA,NA,NA,NA,NA,NA,NA,NA,NA,NA,0,17,65,6,4,2,2,0,4,0,0,50,40,0,4,0,0,4,0,0,15,0,0,113,NA
"WC_2026_AZ_2_4","WC",42.2229,-124.383,2026-06-18,2026,"SO","Susceptible","AZ",2,4,"VD","Varied","Boulder",0,0,0,0,0,0,0,0,NA,0,0,NA,NA,NA,0,0,NA,NA,NA,NA,NA,NA,NA,NA,NA,NA,NA,NA,NA,0,6,52,8,0,8,12,2,6,6,6,38,12,0,22,7,0,0,0,0,4,0,0,83,NA
"WC_2026_AZ_2_5","WC",42.2229,-124.383,2026-06-18,2026,"SO","Susceptible","AZ",2,5,"VB","Varied","Bench",0,0,0,0,0,0,0,0,NA,0,0,NA,NA,NA,0,0,NA,NA,NA,NA,NA,NA,NA,NA,NA,NA,NA,NA,NA,0,9,64,4,0,5,10,1,6,1,1,16,54,0,0,0,0,1,0,0,5,0,0,76,NA
"WC_2026_UPZ_1_1","WC",42.2229,-124.383,2026-06-18,2026,"SO","Susceptible","UPZ",1,1,"VD","Varied","Boulder",18,17,4,7,6,13,11,1,NA,0,0,23.5294117647059,76.4705882352941,61.1111111111111,31,50,8,5,5.1,6.3,5.2,4.9,5.3,0,0,0,0,0,0,20,0,0.1,0,0,16,6,6,60,12,0,0,0,0,0,0,0,0,0,0,0,0,0,0,0
"WC_2026_UPZ_1_2","WC",42.2229,-124.383,2026-06-18,2026,"SO","Susceptible","UPZ",1,2,"FD","Flat","Boulder",19,18,5,4,9,13,9,1,NA,0,0,27.7777777777778,72.2222222222222,47.3684210526316,6,11,45.4545454545455,5.9,7,6.4,5.6,5.5,6.08,0,0,0,0.1,0,0.1,24,0,3,0,0,8,3,1,5,80,56,0,0,0,0,0,0,0,0,0,0,0,0,0,0.00555555555555556
"WC_2026_UPZ_1_3","WC",42.2229,-124.383,2026-06-18,2026,"SO","Susceptible","UPZ",1,3,"CD","Varied","Cobbles",25,24,0,10,14,24,10,1,NA,0,0,0,100,40,6,6,0,8.2,8.2,6.7,8.5,7.1,7.74,0,0,0,0,0,0,29,0,2,0,0,8,9,1,76,4,0,0,0,0,0,0,0,0,0,0,0,0,0,0,0
"WC_2026_UPZ_1_4","WC",42.2229,-124.383,2026-06-18,2026,"SO","Susceptible","UPZ",1,4,"VD","Varied","Boulder",7,6,2,0,4,4,2,1,NA,0,0,33.3333333333333,66.6666666666667,28.5714285714286,9,11,18.1818181818182,4.5,3.8,4.7,4.1,4.5,4.32,0,0,0,0,0,0,7,0,18,0.1,0,2,3,2,4,71,64,0,0.1,0,0,0,0,0,0,0,0,0,0,4.1,0
"WC_2026_UPZ_1_5","WC",42.2229,-124.383,2026-06-18,2026,"SO","Susceptible","UPZ",1,5,"CD","Varied","Cobbles",8,8,1,7,0,7,8,0,NA,0,0,12.5,87.5,100,39,40,2.5,4.4,3.4,5.1,3.3,5,4.24,0,0,0,0,0,0,4,0,6,0.1,0,12,7,1,15,59,55,0,0.1,0,0,0.1,0,0,0,0,0,0,0,0.3,0
"WC_2026_UPZ_2_1","WC",42.2229,-124.383,2026-06-18,2026,"SO","Susceptible","UPZ",2,1,"FD","Flat","Boulder",NA,9,7,0,2,2,7,NA,NA,0,0,77.7777777777778,22.2222222222222,NA,4,11,63.6363636363636,3.5,3.8,5.4,3.3,5.1,4.22,0,0,0,0,0,0,8,4,56,3,0,3,5,0,5,24,16,0,0,0,0,0,6,0,0,0,0,0,0,6,0
"WC_2026_UPZ_2_2","WC",42.2229,-124.383,2026-06-18,2026,"SO","Susceptible","UPZ",2,2,"WD","Wall","Boulder",15,15,1,4,11,15,5,0,NA,0,0,6.66666666666667,100,33.3333333333333,1,2,50,6.2,6.5,4.5,7,4.3,5.7,0,0,0,0,0,0,12,5,42,0,0,3,2,1,2,45,33,7,0,0,0,22,0,0,0,0,0,0,0,29,0
"WC_2026_UPZ_2_3","WC",42.2229,-124.383,2026-06-18,2026,"SO","Susceptible","UPZ",2,3,"VD","Varied","Boulder",7,7,3,0,4,4,3,0,NA,0,0,42.8571428571429,57.1428571428571,42.8571428571429,1,4,75,5.1,4.6,4.9,4.3,NA,NA,0,3,0,0,0,3,5,15,54,5,0,6,6,1,2,11,6,3,12,3,2,16,15,0,0,0,0,0,0,51,0.428571428571429
"WC_2026_UPZ_2_4","WC",42.2229,-124.383,2026-06-18,2026,"SO","Susceptible","UPZ",2,4,"FD","Flat","Boulder",2,2,1,1,0,1,2,0,NA,0,0,50,50,100,10,11,9.09090909090909,7.1,NA,NA,NA,NA,NA,0,0.1,0,0,0,0.1,1,1,7,0,0,10,4,0,4,74,73,0,0,0,0,0,1,0,0,0,0,4,0,5,0.05
"WC_2026_UPZ_2_5","WC",42.2229,-124.383,2026-06-18,2026,"SO","Susceptible","UPZ",2,5,"VD","Varied","Boulder",16,11,11,0,0,0,11,5,NA,0,0,100,0,68.75,4,15,73.3333333333333,4.7,5.5,3.9,4.6,2.4,4.22,0,0,0,0,0,0,6,8,66,1,0,4,2,1,0,18,12,0,13,0,0,3,4,0,0,0,0,0,0,20,0
"WC_2026_NPZ_1_1","WC",42.2229,-124.383,2026-06-18,2026,"SO","Susceptible","NPZ",1,1,"CD","Varied","Cobbles",16,16,0,5,11,16,5,0,NA,0,0,0,100,31.25,0,0,NA,6.7,6.1,6.5,6.8,6.8,6.58,0,0,0,0,0,0,21,0,4,0,0,11,6,3,59,17,0,0,0,0,0,0,0,0,0,0,0,0,0,0,0
"WC_2026_NPZ_1_2","WC",42.2229,-124.383,2026-06-18,2026,"SO","Susceptible","NPZ",1,2,"VD","Varied","Boulder",25,25,0,6,9,15,6,0,NA,0,0,0,60,24,0,0,NA,8.7,7.3,5.9,5.7,5.5,6.62,0,0,0,0,0,0,26,0,4,0,0,15,0.1,0,77,4,0,0,0,0,0,0,0,0,0,0,0,0,0,0,0
"WC_2026_NPZ_1_3","WC",42.2229,-124.383,2026-06-18,2026,"SO","Susceptible","NPZ",1,3,"CD","Varied","Cobbles",27,27,1,6,20,26,7,0,NA,0,0,3.7037037037037,96.2962962962963,25.9259259259259,0,1,100,5.5,5.7,7,6.7,7.5,6.48,0,0,0,0,0,0,24,0,1,0,0,11,0.1,0,15,73,49,0,0,0,0,0,0,0,0,0,0,0,0,0,0
"WC_2026_NPZ_1_4","WC",42.2229,-124.383,2026-06-18,2026,"SO","Susceptible","NPZ",1,4,"CD","Varied","Cobbles",20,20,0,9,11,20,9,0,NA,0,0,0,100,45,0,0,NA,7.1,6,7,6.4,6.6,6.62,0,0,0,0,0,0,20,0,1,0,0,8,0.1,1,86,4,0,0,0,0,0,0,0,0,0,0,0,0,0,0,0
"WC_2026_NPZ_1_5","WC",42.2229,-124.383,2026-06-18,2026,"SO","Susceptible","NPZ",1,5,"CD","Varied","Cobbles",21,21,0,4,17,21,4,0,NA,0,0,0,100,19.047619047619,0,0,NA,7.9,6.7,5.9,5.7,6.2,6.48,0,0,0,0,0,0,25,0,0.1,0,0,10,0.1,0,79,11,0,0,0,0,0,0,0,0,0,0,0,0,0,0,0
"WC_2026_NPZ_2_1","WC",42.2229,-124.383,2026-06-18,2026,"SO","Susceptible","NPZ",2,1,"VD","Varied","Boulder",30,30,0,21,9,30,21,0,NA,0,0,0,100,70,1,3,0,3.9,4,4.8,5,4.5,4.44,0,0,0,0,0,0,22,0,3,0,0,7,14,2,8,66,44,0,0,0,0,0,0,0,0,0,0,0,0,0,0
"WC_2026_NPZ_2_2","WC",42.2229,-124.383,2026-06-18,2026,"SO","Susceptible","NPZ",2,2,"CD","Varied","Cobbles",31,31,0,15,16,31,15,0,NA,0,0,0,100,48.3870967741936,0,1,0,8.6,4.8,6.1,5.4,6.9,6.36,0,0,0,0,0,0,13,1,5,0,0,10,4,0,4,76,63,0,0,0,0,0,0,0,0,0,0,0,0,0,0
"WC_2026_NPZ_2_3","WC",42.2229,-124.383,2026-06-18,2026,"SO","Susceptible","NPZ",2,3,"FD","Flat","Boulder",35,35,0,0,35,35,0,0,NA,0,0,0,100,0,0,0,NA,4.9,8.4,7.9,6.7,9.5,7.48,0,0,0,0,0,0,27,0,0,0,0,9,2,0,4,85,58,0,0,0,0,0,0,0,0,0,0,0,0,0,0
"WC_2026_NPZ_2_4","WC",42.2229,-124.383,2026-06-18,2026,"SO","Susceptible","NPZ",2,4,"CC","Flat","Cobbles",3,3,1,2,0,2,3,0,NA,0,0,33.3333333333333,66.6666666666667,100,0,1,100,3.6,4.5,3.8,4,NA,NA,0,0,0,0,0,0,3,2,14,0,0,28,4,1,16,35,32,0,0,0,0,1,2,0,0,0,0,0,0,3,0
"WC_2026_NPZ_2_5","WC",42.2229,-124.383,2026-06-18,2026,"SO","Susceptible","NPZ",2,5,"FD","Flat","Boulder",46,45,0,19,26,45,19,1,NA,0,0,0,100,41.304347826087,0,0,NA,8.8,6.5,5.8,6.7,4.1,6.38,0,0,0,0,0,0,45,0,0,0.1,0,12,5,0,6,77,32,0,0,0,0,0,0,0,0,0,0,0,0,0,0
"SB_2026_AZ_1_1","SB",43.3339,-124.3767,2026-06-19,2026,"CA","Unlikely","AZ",1,1,"FB","Flat","Bench",0,0,0,0,0,0,0,0,NA,0,0,NA,NA,NA,0,0,NA,NA,NA,NA,NA,NA,NA,NA,NA,NA,NA,NA,NA,0,7,50,0.1,0,17,7,1,8,10,10,50,20,0,0,20,0,0,0,0,0,0,0,90,NA
"SB_2026_AZ_1_2","SB",43.3339,-124.3767,2026-06-19,2026,"CA","Unlikely","AZ",1,2,"FB","Flat","Bench",0,0,0,0,0,0,0,0,NA,0,0,NA,NA,NA,0,0,NA,NA,NA,NA,NA,NA,NA,NA,NA,NA,NA,NA,NA,0,8,73,0,0,7,3,0.1,9,0,0,30,20,0,0,32,0,0,0,0,0,0,0,82,NA
"SB_2026_AZ_1_3","SB",43.3339,-124.3767,2026-06-19,2026,"CA","Unlikely","AZ",1,3,"FB","Flat","Bench",2,2,0,2,0,2,2,0,NA,0,0,0,100,100,0,0,NA,NA,NA,NA,NA,NA,NA,NA,NA,NA,NA,NA,NA,0.1,0,70,1,0,9,1,0.1,14,5,5,100,0,0,0,25,0,0,0,0,0,0,0,125,NA
"SB_2026_AZ_1_4","SB",43.3339,-124.3767,2026-06-19,2026,"CA","Unlikely","AZ",1,4,"VB","Varied","Bench",3,3,0,3,0,3,3,0,NA,0,0,0,100,100,0,0,NA,NA,NA,NA,NA,NA,NA,NA,NA,NA,NA,NA,NA,0.1,0,77,0,0,4,0,0.1,14,5,5,100,0,0,2,17,0,0,0,0,5,0,0,124,NA
"SB_2026_AZ_1_5","SB",43.3339,-124.3767,2026-06-19,2026,"CA","Unlikely","AZ",1,5,"VB","Varied","Bench",1,1,0,1,0,1,1,0,NA,0,0,0,100,100,0,0,NA,NA,NA,NA,NA,NA,NA,NA,NA,NA,NA,NA,NA,0.1,0,84,0,0,6,1,0,7,2,2,12,0,0,0,22,0,0,0,0,0,0,0,34,NA
"SB_2026_AZ_2_1","SB",43.3339,-124.3767,2026-06-19,2026,"CA","Unlikely","AZ",2,1,"FB","Flat","Bench",0,0,0,0,0,0,0,0,NA,0,0,NA,NA,NA,0,0,NA,NA,NA,NA,NA,NA,NA,NA,NA,NA,NA,NA,NA,0,0,84,0,0,6,1,0,7,2,2,80,8,0,0,24,0,0,0,0,0,0,0,112,NA
"SB_2026_AZ_2_2","SB",43.3339,-124.3767,2026-06-19,2026,"CA","Unlikely","AZ",2,2,NA,NA,NA,0,0,0,0,0,0,0,0,NA,0,0,NA,NA,NA,0,0,NA,NA,NA,NA,NA,NA,NA,NA,NA,NA,NA,NA,NA,0,9,68,4,1,4,4,0.1,5,5,5,92,7,0,0,34,0,0,0,0,6,0,0,139,NA
"SB_2026_AZ_2_3","SB",43.3339,-124.3767,2026-06-19,2026,"CA","Unlikely","AZ",2,3,"FB","Flat","Bench",0,0,0,0,0,0,0,0,NA,0,0,NA,NA,NA,0,0,NA,NA,NA,NA,NA,NA,NA,NA,NA,NA,NA,NA,NA,0,16,68,7,0.1,0.1,0,0,9,0,0,0,26,0,0,30,0,0,0,0,0,0,0,56,NA
"SB_2026_AZ_2_4","SB",43.3339,-124.3767,2026-06-19,2026,"CA","Unlikely","AZ",2,4,"VB","Varied","Bench",0,0,0,0,0,0,0,0,NA,0,0,NA,NA,NA,0,0,NA,NA,NA,NA,NA,NA,NA,NA,NA,NA,NA,NA,NA,0,0,90,4,0,2,1,1,1,1,1,22,10,0,0,20,0,0,0,0,0,0,0,52,NA
"SB_2026_AZ_2_5","SB",43.3339,-124.3767,2026-06-19,2026,"CA","Unlikely","AZ",2,5,NA,NA,NA,0,0,0,0,0,0,0,0,NA,0,0,NA,NA,NA,0,0,NA,NA,NA,NA,NA,NA,NA,NA,NA,NA,NA,NA,NA,0,0,58,11,0,0,7,0,4,20,20,0,0,0,0,38,0,0,0,0,10,0,0,48,NA
"SB_2026_UPZ_1_1","SB",43.3339,-124.3767,2026-06-19,2026,"CA","Unlikely","UPZ",1,1,NA,NA,NA,64,63,62,0,1,1,62,1,NA,0,0,98.4126984126984,1.58730158730159,96.875,2,65,95.3846153846154,6.5,4.7,5.3,5.4,5.1,5.4,0,0,0,1,0,1,NA,0,14,0,0,13,0,3,8,62,62,0.1,0,0,0,0,0,0,0,0,0,0,0,0.1,0.0158730158730159
"SB_2026_UPZ_1_2","SB",43.3339,-124.3767,2026-06-19,2026,"CA","Unlikely","UPZ",1,2,NA,NA,NA,34,32,32,0,0,0,32,2,NA,0,0,100,0,94.1176470588235,11,45,71.1111111111111,NA,NA,NA,NA,NA,NA,0,0,0,0,0,0,NA,6,35,7,0,6,1,4,20,21,21,0,6,0,0,6,0,0,0,0,11,0,0,23,0
"SB_2026_UPZ_1_3","SB",43.3339,-124.3767,2026-06-19,2026,"CA","Unlikely","UPZ",1,3,"FB","Flat","Bench",69,56,56,0,0,0,56,13,NA,0,0,100,0,81.1594202898551,11,67,83.5820895522388,NA,NA,NA,NA,NA,NA,0,0,0,0,0,0,NA,2,24,5,0,3,0,0,16,50,50,0,0,0,0,2,0,0,0,0,0,0,0,2,0
"SB_2026_UPZ_1_4","SB",43.3339,-124.3767,2026-06-19,2026,"CA","Unlikely","UPZ",1,4,"FB","Flat","Bench",48,39,39,0,0,0,39,9,NA,0,0,100,0,81.25,10,50,78,5.4,5.5,7.1,5.6,5.2,5.76,0,1.3,0,1.4,0,2.7,26,1,30,8,0,10,1,1,11,38,12,2,0,0,0,2,0.1,0,0,0,0,0,0,4.1,0.0692307692307692
"SB_2026_UPZ_1_5","SB",43.3339,-124.3767,2026-06-19,2026,"CA","Unlikely","UPZ",1,5,"FB","Flat","Bench",42,40,40,0,0,0,40,2,NA,0,0,100,0,95.2380952380952,8,49,81.6326530612245,5,4.2,3.8,4.8,3.7,4.3,0,0,0,0.1,0,0.1,NA,20,37,1,0,16,4,1,1,20,20,2,0,0,0,15,8,0,0,0,0,0,0,25,0.0025
"SB_2026_UPZ_2_1","SB",43.3339,-124.3767,2026-06-19,2026,"CA","Unlikely","UPZ",2,1,"VB","Varied","Bench",25,25,25,0,0,0,25,0,NA,0,0,100,0,100,2,27,92.5925925925926,4.7,4.2,3.9,2.4,2.9,3.62,0,0.25,0,0,0,0.25,NA,7,50,0,0,8,1,0,1,33,33,0,3,0,2,10,0,0,0,0,0,1,0,16,0.01
"SB_2026_UPZ_2_2","SB",43.3339,-124.3767,2026-06-19,2026,"CA","Unlikely","UPZ",2,2,"VB","Varied","Bench",36,35,35,0,0,0,35,1,NA,0,0,100,0,97.2222222222222,1,36,97.2222222222222,4.8,4.2,5,5,5,4.8,0.3,1.2,0,2,0,3.5,NA,9,17,1,0,9,2,0,0.1,62,62,4,9,0,0,5,0,0,0,0,7,0,0,25,0.1
"SB_2026_UPZ_2_3","SB",43.3339,-124.3767,2026-06-19,2026,"CA","Unlikely","UPZ",2,3,"VB","Varied","Bench",52,46,46,0,0,0,46,6,NA,0,0,100,0,88.4615384615385,0,46,100,5.5,5.3,6,6.5,6.2,5.9,0,0,0,2,0,2,40,0,50,4,0,4,2,0,0,40,0,0,0,0,0,6,0,0,0,0,0,0,0,6,0.0434782608695652
"SB_2026_UPZ_2_4","SB",43.3339,-124.3767,2026-06-19,2026,"CA","Unlikely","UPZ",2,4,"VB","Varied","Bench",14,13,13,0,0,0,13,1,NA,0,0,100,0,92.8571428571429,6,19,68.421052631579,NA,NA,NA,NA,NA,NA,0,0,0,0,0,0,NA,16,50,5,0,8,4,0,1,16,16,0,2,0,9,18,1,0,0,0,0,0,0,30,0
"SB_2026_UPZ_2_5","SB",43.3339,-124.3767,2026-06-19,2026,"CA","Unlikely","UPZ",2,5,"WB","Wall","Bench",19,17,17,0,0,0,17,2,NA,0,0,100,0,89.4736842105263,7,24,70.8333333333333,5.1,5.4,5.1,5.5,NA,NA,0.4,2,0,0.2,0,2.6,12,0,54,0,0,10,10,0,0,26,14,0,5,0,2,22,0,0,0,0,0,0,0,29,0.152941176470588
"SB_2026_NPZ_1_1","SB",43.3339,-124.3767,2026-06-19,2026,"CA","Unlikely","NPZ",1,1,"VD","Varied","Boulder",19,18,1,17,0,17,18,1,NA,0,0,5.55555555555556,94.4444444444444,94.7368421052632,0,1,100,4.1,5.4,4.1,4.9,3.8,4.46,0,0,0.5,0.2,0,0.7,NA,2,10,0,0,18,16,0,0,54,54,2,2,0,0,0,0,0,0,0,0,0,0,4,0.0388888888888889
"SB_2026_NPZ_1_2","SB",43.3339,-124.3767,2026-06-19,2026,"CA","Unlikely","NPZ",1,2,"VD","Varied","Boulder",7,7,2,5,0,5,7,0,NA,0,0,28.5714285714286,71.4285714285714,100,0,2,100,NA,NA,NA,NA,NA,NA,0,0,0,0,0,0,NA,1,30,0,0,11,10,0,0,48,48,0,0,0,0,2,1,0,0,0,0,0,0,3,0
"SB_2026_NPZ_1_3","SB",43.3339,-124.3767,2026-06-19,2026,"CA","Unlikely","NPZ",1,3,"VD","Varied","Boulder",4,4,0,4,0,4,4,0,NA,0,0,0,100,100,2,2,0,4.7,4.7,6.2,5.4,NA,NA,0,0,0,0,0,0,NA,0,5,0,0,12,5,0,0,78,78,0,0,0,0,0,0,0,0,0,0,0,0,0,0
"SB_2026_NPZ_1_4","SB",43.3339,-124.3767,2026-06-19,2026,"CA","Unlikely","NPZ",1,4,"VD","Varied","Boulder",7,7,0,7,0,7,7,0,NA,0,0,0,100,100,0,0,NA,4.22,5.4,2.4,4.2,NA,NA,0,0,0,0,0,0,NA,0,3,0,0,13,7,0,0,77,77,0,0,0,0,0,0,0,0,0,0,0,0,0,0
"SB_2026_NPZ_1_5","SB",43.3339,-124.3767,2026-06-19,2026,"CA","Unlikely","NPZ",1,5,NA,NA,NA,7,7,0,7,0,7,7,0,NA,0,0,0,100,100,0,0,NA,NA,NA,NA,NA,NA,NA,0,0,0,0,0,0,NA,0,0,0,0,19,9,0,0,72,72,0,0,0,0,0,0,0,0,0,0,0,0,0,0
"SB_2026_NPZ_2_1","SB",43.3339,-124.3767,2026-06-19,2026,"CA","Unlikely","NPZ",2,1,"VD","Varied","Boulder",27,27,0,27,0,27,27,0,NA,0,0,0,100,100,0,0,NA,4.3,4,4.6,3.4,4.2,4.1,0,0,0,0.1,0,0.1,NA,1,21,0,0,18,12,0,0,48,48,9,0,0,0,0,0,0,0,0,0,0,0,9,0.0037037037037037
"SB_2026_NPZ_2_2","SB",43.3339,-124.3767,2026-06-19,2026,"CA","Unlikely","NPZ",2,2,"VD","Varied","Boulder",17,16,2,14,0,14,16,1,NA,0,0,12.5,87.5,94.1176470588235,0,2,100,5.8,6.3,6.7,6.8,6.8,6.48,0,0.2,0.1,2.3,0,2.6,NA,20,21,0.1,0,11,2,0,3,43,43,0,0,0,0,6,10,0,0,0,0,0,0,16,0.1625
"SB_2026_NPZ_2_3","SB",43.3339,-124.3767,2026-06-19,2026,"CA","Unlikely","NPZ",2,3,"VD","Varied","Boulder",21,20,2,18,0,18,20,1,NA,0,0,10,90,95.2380952380952,0,2,100,NA,NA,NA,NA,NA,NA,0,0,0,0,0,0,NA,5,19,0,0,7,16,0,0,53,53,0,0,0,0,12,2,0,0,0,0,0,0,14,0
"SB_2026_NPZ_2_4","SB",43.3339,-124.3767,2026-06-19,2026,"CA","Unlikely","NPZ",2,4,"VD","Varied","Boulder",21,21,0,21,0,21,21,0,NA,0,0,0,100,100,1,1,0,2.8,4.8,5.8,4.1,3,4.1,0.5,1.5,2,0.2,0,4.2,6,1,33,4,0,6,12,0,0,44,38,0,0,0,0,16,3,0,0,0,0,0,0,19,0.2
"SB_2026_NPZ_2_5","SB",43.3339,-124.3767,2026-06-19,2026,"CA","Unlikely","NPZ",2,5,"VD","Varied","Boulder",5,5,0,5,0,5,5,0,NA,0,0,0,100,100,0,0,NA,NA,NA,NA,NA,NA,NA,0,0,0,0,0,0,NA,0,87,0,0,3,5,0,0,5,5,0,0,0,0,14,0,0,0,0,0,22,0,36,0
"BB_2026_AZ_1_1","BB",44.8303,-124.0607,2026-06-29,2026,"CF","Unlikely","AZ",1,1,"VB","Varied","Bench",0,0,0,0,0,0,0,0,NA,0,0,NA,NA,NA,0,0,NA,NA,NA,NA,NA,NA,NA,NA,NA,NA,NA,NA,NA,0,1,70,0,22,2,2,0,1,2,2,0,0,0,4,20,0,32,0,0,0,0,0,56,NA
"BB_2026_AZ_1_2","BB",44.8303,-124.0607,2026-06-29,2026,"CF","Unlikely","AZ",1,2,"VB","Varied","Bench",0,0,0,0,0,0,0,0,NA,0,0,NA,NA,NA,0,0,NA,NA,NA,NA,NA,NA,NA,NA,NA,NA,NA,NA,NA,0,1,16,0,2,0,0,0,81,0,0,0,0,0,0,4,0,28,0,0,0,0,0,32,NA
"BB_2026_AZ_1_3","BB",44.8303,-124.0607,2026-06-29,2026,"CF","Unlikely","AZ",1,3,"FB","Flat","Bench",0,0,0,0,0,0,0,0,NA,0,0,NA,NA,NA,0,0,NA,NA,NA,NA,NA,NA,NA,NA,NA,NA,NA,NA,NA,0,5,80,0,12,0.1,0,1,2,0,0,45,15,0,0,0,0,35,0,0,0,0,0,95,NA
"BB_2026_AZ_1_4","BB",44.8303,-124.0607,2026-06-29,2026,"CF","Unlikely","AZ",1,4,"FB","Flat","Bench",0,0,0,0,0,0,0,0,NA,0,0,NA,NA,NA,1,0,NA,NA,NA,NA,NA,NA,NA,NA,NA,NA,NA,NA,NA,0,7,54,0,24,1,12,0,2,0,0,5,21,0,0,0,0,63,0,0,0,0,0,89,NA
"BB_2026_AZ_1_5","BB",44.8303,-124.0607,2026-06-29,2026,"CF","Unlikely","AZ",1,5,"FB","Flat","Bench",0,0,0,0,0,0,0,0,NA,0,0,NA,NA,NA,2,0,NA,NA,NA,NA,NA,NA,NA,NA,NA,NA,NA,NA,NA,0,1,4,0,76,1,1,6,11,0,0,17,1,0,0,0,0,100,0,0,0,0,0,118,NA
"BB_2026_AZ_2_1","BB",44.8303,-124.0607,2026-06-29,2026,"CF","Unlikely","AZ",2,1,"VB","Varied","Bench",0,0,0,0,0,0,0,0,NA,0,0,NA,NA,NA,4,4,0,NA,NA,NA,NA,NA,NA,NA,NA,NA,NA,NA,NA,0,4,73,13,0,6,2,0,0.1,2,2,17,40,0,1,5,0,0,0,0,0,0,0,63,NA
"BB_2026_AZ_2_2","BB",44.8303,-124.0607,2026-06-29,2026,"CF","Unlikely","AZ",2,2,"FB","Flat","Bench",0,0,0,0,0,0,0,0,NA,0,0,NA,NA,NA,5,5,0,NA,NA,NA,NA,NA,NA,NA,NA,NA,NA,NA,NA,0,5,72,13,0,8,2,0,0,0,0,56,52,0,2,10,0,0,0,0,0,0,0,120,NA
"BB_2026_AZ_2_3","BB",44.8303,-124.0607,2026-06-29,2026,"CF","Unlikely","AZ",2,3,"FB","Flat","Bench",0,0,0,0,0,0,0,0,NA,0,0,NA,NA,NA,2,2,0,NA,NA,NA,NA,NA,NA,NA,NA,NA,NA,NA,NA,0,9,79,8,0,0,0.1,0,0,4,4,14,38,0,1,26,0,0,0,0,0,0,0,79,NA
"BB_2026_AZ_2_4","BB",44.8303,-124.0607,2026-06-29,2026,"CF","Unlikely","AZ",2,4,"VB","Varied","Bench",0,0,0,0,0,0,0,0,NA,0,0,NA,NA,NA,0,0,NA,NA,NA,NA,NA,NA,NA,NA,NA,NA,NA,NA,NA,0,17,61,5,0,1,0,0,1,15,15,35,5,0,0,30,0,0,0,0,0,0,0,70,NA
"BB_2026_AZ_2_5","BB",44.8303,-124.0607,2026-06-29,2026,"CF","Unlikely","AZ",2,5,"FB","Flat","Bench",2,2,2,0,0,0,2,0,NA,0,0,100,0,100,3,3,66.6666666666667,NA,NA,NA,NA,NA,NA,NA,NA,NA,NA,NA,NA,2,14,69,2,0,3,0,0,0,12,10,20,28,0,5,8,0,0,0,0,0,0,0,61,NA
"BB_2026_UPZ_1_1","BB",44.8303,-124.0607,2026-06-29,2026,"CF","Unlikely","UPZ",1,1,"VB","Varied","Bench",12,10,10,0,0,0,10,2,NA,0,0,100,0,83.3333333333333,12,22,45.4545454545455,NA,NA,NA,NA,NA,NA,NA,NA,NA,NA,NA,NA,7,0,80,0,0,7,4,2,3,4,0,0,32,0,0,6,0,0,0,0,0,0,0,38,NA
"BB_2026_UPZ_1_2","BB",44.8303,-124.0607,2026-06-29,2026,"CF","Unlikely","UPZ",1,2,"VB","Varied","Bench",1,1,1,0,0,0,1,0,NA,0,0,100,0,100,9,10,10,4.2,NA,NA,NA,NA,NA,NA,NA,NA,NA,NA,NA,1,1,96,0,0.1,1,0.1,0,0,2,1,0,0,0,0,32,0,0.1,0,0,0,0,0,32.1,NA
"BB_2026_UPZ_1_3","BB",44.8303,-124.0607,2026-06-29,2026,"CF","Unlikely","UPZ",1,3,"VB","Varied","Bench",9,7,7,0,0,0,7,2,NA,0,0,100,0,77.7777777777778,2,11,63.6363636363636,4.2,4.5,4.8,3,5,4.3,0,0,0,0,0,0,5,1,65,0,10,9,2,6,0,7,2,0,5,0,0,5,0,38,0,0,0,0,0,48,0
"BB_2026_UPZ_1_4","BB",44.8303,-124.0607,2026-06-29,2026,"CF","Unlikely","UPZ",1,4,"VB","Varied","Bench",39,30,30,0,0,0,30,9,NA,0,0,100,0,76.9230769230769,2,32,93.75,1.1,4.2,1.5,5.6,3,3.08,0.5,0,0,0.5,0,1,17,2,57,0,2,15,2,2,0,20,3,0,0,0,0,10,0,2,0,0,0,0,0,12,0.0333333333333333
"BB_2026_UPZ_1_5","BB",44.8303,-124.0607,2026-06-29,2026,"CF","Unlikely","UPZ",1,5,"VB","Varied","Bench",30,25,24,0,1,1,24,5,NA,0,0,96,4,80,2,26,92.3076923076923,5,1.8,5.1,5.7,7.7,5.06,0,0,0,0,0,0,20,0.1,10,0,12,42,4,2,7,23,3,0,0,0,0,0,0,20,0,0,0,0,0,20,0
"BB_2026_UPZ_2_1","BB",44.8303,-124.0607,2026-06-29,2026,"CF","Unlikely","UPZ",2,1,"VB","Varied","Bench",14,13,13,0,0,0,13,1,NA,0,0,100,0,92.8571428571429,15,28,46.4285714285714,6.4,4.6,6.5,5,6.5,5.8,0,0,0.2,0.1,0,0.3,8,0,77,6,0,9,2,1,1,4,0,0.1,6,0,0,2,0,0,0,0,0,0,0,8.1,0.0230769230769231
"BB_2026_UPZ_2_2","BB",44.8303,-124.0607,2026-06-29,2026,"CF","Unlikely","UPZ",2,2,"VB","Varied","Bench",5,5,5,0,0,0,5,0,NA,0,0,100,0,100,5,10,50,5.7,4,6.5,7.5,5.2,5.78,0,0,0.1,0.1,0,0.2,3,1,76,5,0,1,1,0,16,0.1,0,2,6,0,5,4,0,0,0,0,0,0,0,17,0.04
"BB_2026_UPZ_2_3","BB",44.8303,-124.0607,2026-06-29,2026,"CF","Unlikely","UPZ",2,3,"VB","Varied","Bench",15,14,5,8,1,9,13,1,NA,0,0,35.7142857142857,64.2857142857143,86.6666666666667,3,8,62.5,7,6.5,6.2,5.5,7.2,6.48,0,0.2,0.7,0,0,0.9,10,4,27,8,0,11,1,1,8,40,30,1,5,6,0,0,8,0,0,0,0,0,0,20,0.0642857142857143
"BB_2026_UPZ_2_4","BB",44.8303,-124.0607,2026-06-29,2026,"CF","Unlikely","UPZ",2,4,"VB","Varied","Bench",11,10,4,6,0,6,10,1,NA,0,0,40,60,90.9090909090909,8,12,33.3333333333333,5.6,7,6.6,6.3,6.4,6.38,0,0,0,0,0,0,7,12,5,11,0,4,6,5,2,55,48,3,0,0,42,0,0,0,0,0,0,0,0,45,0
"BB_2026_UPZ_2_5","BB",44.8303,-124.0607,2026-06-29,2026,"CF","Unlikely","UPZ",2,5,"VB","Varied","Bench",12,12,12,0,0,0,12,0,NA,0,0,100,0,100,10,22,54.5454545454545,3.3,6,4,3.5,3.5,4.06,0,0,0,0,0,0,6,0.1,72,13,0,4,1,0,5,5,0,0,2,0,0,3,0,0,0,0,0,0,0,5,0
"BB_2026_NPZ_1_1","BB",44.8303,-124.0607,2026-06-29,2026,"CF","Unlikely","NPZ",1,1,"CD","Varied","Cobbles",21,21,4,12,5,17,16,0,NA,0,0,19.047619047619,80.952380952381,76.1904761904762,2,6,66.6666666666667,NA,NA,NA,NA,NA,NA,0,0,0,0.2,0,0.2,8,0.1,15,7,0,58,6,7,0,7,0,0,0,0,0,4,0,0,0,0,0,0,0,4,0.00952380952380952
"BB_2026_NPZ_1_2","BB",44.8303,-124.0607,2026-06-29,2026,"CF","Unlikely","NPZ",1,2,"CD","Varied","Cobbles",29,28,0,19,9,28,19,1,NA,0,0,0,100,65.5172413793103,0,0,NA,5.5,6.2,5.3,5.1,7.3,5.88,0,1,0,0.5,0,1.5,27,0,0.1,1,0,5,4,2,79,9,0,0,0,0,0,0,0,0,0,0,0,0,0,0,0.0535714285714286
"BB_2026_NPZ_1_3","BB",44.8303,-124.0607,2026-06-29,2026,"CF","Unlikely","NPZ",1,3,"VD","Varied","Boulder",2,2,0,2,0,2,2,0,NA,0,0,0,100,100,0,0,NA,3.5,4.5,NA,NA,NA,NA,0,0,0,0,0,0,2,2,88,1,1,0.1,8,0,0.1,0,0,0,12,0,0,0,0,2,0,0,0,0,0,14,0
"BB_2026_NPZ_1_4","BB",44.8303,-124.0607,2026-06-29,2026,"CF","Unlikely","NPZ",1,4,"VD","Varied","Boulder",1,1,0,1,0,1,1,0,NA,0,0,0,100,100,2,2,0,6.7,NA,NA,NA,NA,NA,0,0,0,0,0,0,2,12,51,0.1,11,3,16,5,0,2,0,9,22,8,1,0,0,32,3,0,0,0,0,75,0
"BB_2026_NPZ_1_5","BB",44.8303,-124.0607,2026-06-29,2026,"CF","Unlikely","NPZ",1,5,"VD","Varied","Boulder",4,4,2,1,1,2,3,0,NA,0,0,50,50,75,0,2,100,7.6,4,5.5,8,NA,NA,0,1,0,0,0,1,6,8,72,6,0,0,4,10,0,0,0,30,14,8,4,0,0,7,15,0,0,0,0,78,0.25
"BB_2026_NPZ_2_1","BB",44.8303,-124.0607,2026-06-29,2026,"CF","Unlikely","NPZ",2,1,"CD","Varied","Cobbles",23,23,0,13,10,23,13,0,NA,0,0,0,100,56.5217391304348,0,0,NA,6.5,4.9,6.1,6.6,6.5,6.12,0,0,0.2,0.8,0,1,20,0,0.1,1,0,2,2,0.1,0,95,75,0,0,0,0,0,0,0,0,0,0,0,0,0,0.0434782608695652
"BB_2026_NPZ_2_2","BB",44.8303,-124.0607,2026-06-29,2026,"CF","Unlikely","NPZ",2,2,"CD","Varied","Cobbles",13,13,0,9,4,13,9,0,NA,0,0,0,100,69.2307692307692,0,0,NA,6.6,5,5.2,8.3,6.2,6.26,0,0,0,0.1,0,0.1,6,0,68,0.1,0,17,10,1,1,3,0,0,1,0,0,0.1,0,0,0,0,0,0,0,1.1,0.00769230769230769
"BB_2026_NPZ_2_3","BB",44.8303,-124.0607,2026-06-29,2026,"CF","Unlikely","NPZ",2,3,"FD","Flat","Boulder",28,28,0,6,6,12,6,0,NA,0,0,0,42.8571428571429,21.4285714285714,0,0,NA,3.6,6,4.9,6.3,7.4,5.64,0,0,0,0,0,0,29,0,1,3,0,24,4,4,2,62,33,0,0,0,0,0,0,0,0,0,0,0,0,0,0
"BB_2026_NPZ_2_4","BB",44.8303,-124.0607,2026-06-29,2026,"CF","Unlikely","NPZ",2,4,"DD","Deep","Boulder",29,29,0,25,4,29,25,0,NA,0,0,0,100,86.2068965517241,0,0,NA,6.3,7,6.9,5.1,6.1,6.28,0.5,1,0.5,0,0,2,20,0,4,0.1,0,62,17,8,0.1,9,0,0,0,0,0,0,0,0,0,0,0,0,0,0,0.0689655172413793
"BB_2026_NPZ_2_5","BB",44.8303,-124.0607,2026-06-29,2026,"CF","Unlikely","NPZ",2,5,"DD","Deep","Boulder",11,11,11,10,0,10,21,0,NA,0,0,100,90.9090909090909,190.909090909091,1,2,550,NA,NA,NA,NA,NA,NA,0,1.2,0.2,0.3,0,1.7,9,0,6,0.1,0,60,16,4,0,14,5,0,0,0,0,0,0,0,0,0,0,0,0,0,0.154545454545455
"FC_2026_AZ_1_1","FC",44.8386,-124.05875,2026-06-30,2026,"CF","Unlikely","AZ",1,1,"FB","Flat","Bench",0,0,0,0,0,0,0,0,NA,0,0,NA,NA,NA,0,0,NA,NA,NA,NA,NA,NA,NA,NA,NA,NA,NA,NA,NA,0,0,3,0.1,1,0,0,0,96,0,0,4,0,0,12,0,0,92,0,0,0,0,0,108,NA
"FC_2026_AZ_1_2","FC",44.8386,-124.05875,2026-06-30,2026,"CF","Unlikely","AZ",1,2,"FB","Flat","Bench",0,0,0,0,0,0,0,0,NA,0,0,NA,NA,NA,2,2,0,NA,NA,NA,NA,NA,NA,NA,NA,NA,NA,NA,NA,0,0,2,0.1,1,0,0,1,96,0,0,36,24,0,15,2,0,80,0,0,0,0,0,157,NA
"FC_2026_AZ_1_3","FC",44.8386,-124.05875,2026-06-30,2026,"CF","Unlikely","AZ",1,3,"FB","Flat","Bench",0,0,0,0,0,0,0,0,NA,0,0,NA,NA,NA,5,5,0,NA,NA,NA,NA,NA,NA,NA,NA,NA,NA,NA,NA,0,1,81,0,2,4,2,0,9,1,1,75,6,0,0,20,0,6,0,0,0,0,0,107,NA
"FC_2026_AZ_1_4","FC",44.8386,-124.05875,2026-06-30,2026,"CF","Unlikely","AZ",1,4,"FB","Flat","Bench",0,0,0,0,0,0,0,0,NA,0,0,NA,NA,NA,0,0,NA,NA,NA,NA,NA,NA,NA,NA,NA,NA,NA,NA,NA,0,2,60,0.1,0,23,10,2,2,1,1,14,0,0,4,66,0,0.1,0,0,0,0,0,84.1,NA
"FC_2026_AZ_1_5","FC",44.8386,-124.05875,2026-06-30,2026,"CF","Unlikely","AZ",1,5,"FB","Flat","Bench",0,0,0,0,0,0,0,0,NA,0,0,NA,NA,NA,0,0,NA,NA,NA,NA,NA,NA,NA,NA,NA,NA,NA,NA,NA,0,25,6,0,0.1,0,0,1,68,0,0,65,12,0,0,24,0,1,0,22,0,0,0,124,NA
"FC_2026_AZ_2_1","FC",44.8386,-124.05875,2026-06-30,2026,"CF","Unlikely","AZ",2,1,"FB","Flat","Bench",0,0,0,0,0,0,0,0,NA,0,0,NA,NA,NA,0,0,NA,NA,NA,NA,NA,NA,NA,NA,NA,NA,NA,NA,NA,0,0,3,0,20,3,1,5,68,0,0,70,0,0,0,0,0,31,0,0,0,0,0,101,NA
"FC_2026_AZ_2_2","FC",44.8386,-124.05875,2026-06-30,2026,"CF","Unlikely","AZ",2,2,"FB","Flat","Bench",0,0,0,0,0,0,0,0,NA,0,0,NA,NA,NA,0,0,NA,NA,NA,NA,NA,NA,NA,NA,NA,NA,NA,NA,NA,0,0,6,0,29,3,0,12,50,0,0,9,1,0,0,0,0,81,0,0,0,0,0,91,NA
"FC_2026_AZ_2_3","FC",44.8386,-124.05875,2026-06-30,2026,"CF","Unlikely","AZ",2,3,"FB","Flat","Bench",0,0,0,0,0,0,0,0,NA,0,0,NA,NA,NA,0,0,NA,NA,NA,NA,NA,NA,NA,NA,NA,NA,NA,NA,NA,0,3,13,0,25,5,0,0,47,7,7,0,4,0,0,0,0,84,0,0,0,0,0,88,NA
"FC_2026_AZ_2_4","FC",44.8386,-124.05875,2026-06-30,2026,"CF","Unlikely","AZ",2,4,"FB","Flat","Bench",0,0,0,0,0,0,0,0,NA,0,0,NA,NA,NA,0,0,NA,NA,NA,NA,NA,NA,NA,NA,NA,NA,NA,NA,NA,0,2,48,1,6,0,1,14,27,1,1,12,5,0,0,0,0,20,0,0,0,0,0,37,NA
"FC_2026_AZ_2_5","FC",44.8386,-124.05875,2026-06-30,2026,"CF","Unlikely","AZ",2,5,"FB","Flat","Bench",0,0,0,0,0,0,0,0,NA,0,0,NA,NA,NA,0,0,NA,NA,NA,NA,NA,NA,NA,NA,NA,NA,NA,NA,NA,0,7,66,0.1,17,0.1,0,0,10,0,0,0,40,0,0,3,0,28,0,0,0,0,0,71,NA
"FC_2026_UPZ_1_1","FC",44.8386,-124.05875,2026-06-30,2026,"CF","Unlikely","UPZ",1,1,"FB","Flat","Bench",5,2,0,2,0,2,2,3,NA,0,0,0,100,40,0,0,NA,NA,NA,NA,NA,NA,NA,NA,NA,NA,NA,NA,NA,3,0.1,66,0,0,5,0.1,29,0,0,0,0,2,0,0,0,0,0,0,0,0,0,0,2,NA
"FC_2026_UPZ_1_2","FC",44.8386,-124.05875,2026-06-30,2026,"CF","Unlikely","UPZ",1,2,"FB","Flat","Bench",31,30,30,0,0,0,30,1,NA,0,0,100,0,96.7741935483871,0,31,96.7741935483871,4.8,4.1,4.7,7.8,2.9,4.86,0.5,2,0,0.1,0,2.6,26,3,NA,0,0,10,1,2,0,42,16,0,0,0,0,0,0,0,0,0,0,0,0,0,0.0866666666666667
"FC_2026_UPZ_1_4","FC",44.8386,-124.05875,2026-06-30,2026,"CF","Unlikely","UPZ",1,4,"FB","Flat","Bench",56,50,50,0,0,0,50,6,NA,0,0,100,0,89.2857142857143,5,55,90.9090909090909,4,3.1,3.2,3.3,1.9,3.1,0.5,0.1,1,0.1,0,1.7,31,0,51,0,0,13,3,2,0,31,0,0,0,0,0,0,0,0,0,0,0,0,0,0,0.034
"FC_2026_UPZ_1_5","FC",44.8386,-124.05875,2026-06-30,2026,"CF","Unlikely","UPZ",1,5,"FB","Flat","Bench",8,7,1,6,0,6,7,1,NA,0,0,14.2857142857143,85.7142857142857,87.5,1,8,12.5,NA,NA,NA,NA,NA,NA,NA,NA,NA,NA,NA,NA,NA,0.1,8,0,0,4,2,85,1,0,NA,0,1,0,0,1,0,0,0,0,0,0,0,2,NA
"FC_2026_UPZ_2_1","FC",44.8386,-124.05875,2026-06-30,2026,"CF","Unlikely","UPZ",2,1,"FB","Flat","Bench",58,51,51,0,0,0,51,7,NA,0,0,100,0,87.9310344827586,3,54,94.4444444444444,5.3,4.9,4.2,3.7,4.8,4.58,0,0,0,1,0,1,36,2,42,0,0,14,0,2,0,40,4,0,0,0,0,6,0,0,0,0,0,0,0,6,0.0196078431372549
"FC_2026_UPZ_2_2","FC",44.8386,-124.05875,2026-06-30,2026,"CF","Unlikely","UPZ",2,2,"FB","Flat","Bench",52,38,38,0,0,0,38,14,NA,0,0,100,0,73.0769230769231,4,42,90.4761904761905,3.9,4.6,4.5,4.6,5,4.52,3,1,2,1,0,7,40,2,33,0,0,18,1,2,0,44,4,0,0,0,0,4,0,0,0,0,0,0,0,4,0.184210526315789
"FC_2026_UPZ_2_3","FC",44.8386,-124.05875,2026-06-30,2026,"CF","Unlikely","UPZ",2,3,"FB","Flat","Bench",22,18,18,0,0,0,18,4,NA,0,0,100,0,81.8181818181818,1,19,94.7368421052632,4.7,4.5,3.4,2.9,3.1,3.72,1,8,NA,0.1,NA,9.1,8,12,74,0,0,5,0,1,0,8,0,0,0,0,0,9,0,0,0,0,0,0,0,9,0.505555555555556
"FC_2026_UPZ_2_4","FC",44.8386,-124.05875,2026-06-30,2026,"CF","Unlikely","UPZ",2,4,"FB","Flat","Bench",25,22,22,0,0,0,22,3,NA,0,0,100,0,88,6,28,78.5714285714286,4,3.7,3.4,3.1,3.6,3.56,0.5,0,0.5,2,0,3,18,11,56,0,0,8,0,6,0,19,1,0,0,0,0,7,0,0,0,0,0,0,0,7,0.136363636363636
"FC_2026_UPZ_2_5","FC",44.8386,-124.05875,2026-06-30,2026,"CF","Unlikely","UPZ",2,5,"FB","Flat","Bench",7,7,4,3,0,3,7,0,NA,0,0,57.1428571428571,42.8571428571429,100,1,5,80,3.5,NA,NA,NA,NA,NA,0,0,0,0,0,0,2,0,3,0,0,3,0,92,0,2,0,0,0.1,0,0,0,0,0,0,0,0,0,0,0.1,0
