Call_Number,SiteCode,Latitude,Longitude,Date,Year,Cape,Zone,Transect,Quadrat,OldSubstrateType,TotalAdultUrchins,PittedUrchins,CreviceUrchins,OpenUrchins,JuvenileUrchins,PittedJuveniles,RecruitUrchins,RedUrchins,EmptyPits,PitsPresent,UrchinSize1,UrchinSize2,UrchinSize3,UrchinSize4,UrchinSize5,AttachedRedDrift,AttachedBrownDrift,AttachedGreenDrift,Attached phyllospadix drift,AttachedOtherDrift,TotalAttachedDrift,UrchinCover,AlgaeHoldfasts,UnderstoryAlgae,EmphermalGreens ,PhyllospadixRhizomes,CorallineCrusts,RedBrownCrusts,SessileInverts,SandCobble,BareRock,AvailableBareRock,TotalPrimaryCover,Egregia,Hedophyllum,Mastocarpus,Laminaria,Alaria,Mazzaella,Costaria,Phyllospadix,Nereocystis,Pyropia,Lessoniopsis,Fucus,Stephanocystis,Desmerestia ,OtherRed,Erhythophyllum,Chondracanthus ,UnknownRecruits,Diatom,TotalCanopy,CanopyAll
SB_2024_AZ_1_1,SB,43.3339,-124.3767,5/26/24,2024,CA,AZ,1,1,FB,10,10,0,0,0,NA,NA,0,1,11,NA,NA,NA,NA,NA,NA,NA,NA,NA,NA,NA,,8,78,4,0,2,0,0,0,12,12,104,4,32,0,0,2,8,2,0,0,0,0,0,0,0,0,0,0,0,0,48,48
SB_2024_AZ_1_2,SB,43.3339,-124.3767,5/26/24,2024,CA,AZ,1,2,FB,28,28,0,0,1,NA,NA,0,2,31,NA,NA,NA,NA,NA,NA,NA,NA,NA,NA,NA,19,0.1,63,14,0,6,0,0,0,25,6,108,0,0,0,0,0,8,0,0,0,0,0,0,0,0,0,0,0,0,0,8,8
SB_2024_AZ_1_3,SB,43.3339,-124.3767,5/26/24,2024,CA,AZ,1,3,FB,0,0,0,0,0,NA,NA,0,0,0,NA,NA,NA,NA,NA,NA,NA,NA,NA,NA,NA,0,5,91,4,0,0,0,0,0,0,0,100,16,7,5,0,0,53,0,0,0,0,0,7,0,0,0,0,0,0,0,83,88
SB_2024_AZ_1_4,SB,43.3339,-124.3767,5/26/24,2024,CA,AZ,1,4,FB,0,0,0,0,0,NA,NA,0,1,1,NA,NA,NA,NA,NA,NA,NA,NA,NA,NA,NA,0,5,79,15,0,0,0,0.1,1,0,0,100,2,16,5,0,0,33,0,0,0,0,0,0,0,0,0,0,0,0,0,51,56
SB_2024_AZ_1_5,SB,43.3339,-124.3767,5/26/24,2024,CA,AZ,1,5,FB,0,0,0,0,0,NA,NA,0,0,0,NA,NA,NA,NA,NA,NA,NA,NA,NA,NA,NA,0,2,67,19,0,0,4,1,2,5,5,100,0,6,0,0,0,5,0,0,0,0,0,2,0,0,0,0,0,0,0,13,13
SB_2024_AZ_2_1,SB,43.3339,-124.3767,5/26/24,2024,CA,AZ,2,1,VB,5,5,0,0,0,NA,NA,0,6,7,NA,NA,NA,NA,NA,NA,NA,NA,NA,NA,NA,,2,89,0,0,1,0,0,1,7,7,100,0,6,2,0,0,36,0,0,0,0,0,0,NA,NA,NA,NA,NA,NA,0,42,44
SB_2024_AZ_2_2,SB,43.3339,-124.3767,5/26/24,2024,CA,AZ,2,2,VB,25,25,0,0,0,NA,NA,0,4,30,NA,NA,NA,NA,NA,NA,NA,NA,NA,NA,NA,,0,33,0,0,17,1,1,0,48,48,100,14,0,0,0,0,6,0,0,0,0,0,0,NA,NA,NA,NA,NA,NA,0,20,20
SB_2024_AZ_2_3,SB,43.3339,-124.3767,5/26/24,2024,CA,AZ,2,3,VB,11,11,0,0,0,NA,NA,0,4,15,NA,NA,NA,NA,NA,NA,NA,NA,NA,NA,NA,,7,68,0,0,9,2,0,0,14,14,100,0,24,0,0,0,12,0,0,0,0,0,0,NA,NA,NA,NA,NA,NA,0,36,36
SB_2024_AZ_2_4,SB,43.3339,-124.3767,5/26/24,2024,CA,AZ,2,4,VB,15,15,0,0,0,NA,NA,0,10,26,NA,NA,NA,NA,NA,NA,NA,NA,NA,NA,NA,,4,24,0,0,13,4,1,1,53,53,100,3,10,0.1,0,0,16,0,0,0,0,0,0,NA,NA,NA,NA,NA,NA,0,29,29.1
SB_2024_AZ_2_5,SB,43.3339,-124.3767,5/26/24,2024,CA,AZ,2,5,VB,10,10,0,0,0,NA,NA,0,5,15,NA,NA,NA,NA,NA,NA,NA,NA,NA,NA,NA,,10,59,0,0,6,6,1,0,18,18,100,28,35,0,0,0,20,0,0,0,0,0,0,NA,NA,NA,NA,NA,NA,0,83,83
SB_2024_UPZ_1_1,SB,43.3339,-124.3767,5/26/24,2024,CA,UPZ,1,1,FB,25,25,0,0,2,NA,NA,0,28,54,5.6,3.1,4.2,3.9,3.8,1,0,0,2,1,4,,0,32,0,0,6,0,1,20,41,41,100,0,0,5,0,0,0,0,0,0,0,0,0,NA,NA,NA,NA,NA,NA,0,0,5
SB_2024_UPZ_1_2,SB,43.3339,-124.3767,5/26/24,2024,CA,UPZ,1,2,VB,59,59,0,0,1,NA,NA,0,5,64,3,3,4.2,3.7,5.3,1,0,0,1,1,3,,0,7,0.1,0,22,4,0,0,67,67,100,0,0,0,0,0,0.1,0,0,0,0,0,0,NA,NA,NA,NA,NA,NA,0,0.1,0.1
SB_2024_UPZ_1_3,SB,43.3339,-124.3767,5/26/24,2024,CA,UPZ,1,3,FB,48,48,0,0,2,NA,NA,0,7,55,4.6,4.7,4,4.4,4.8,0,1,0,1,0,2,,0,3,0,0,12,0,0,1,84,84,100,0,0,0,0,0,0,0,0,0,0,0,0,NA,NA,NA,NA,NA,NA,0,0,0
SB_2024_UPZ_1_4,SB,43.3339,-124.3767,5/26/24,2024,CA,UPZ,1,4,FB,53,53,0,0,3,NA,NA,0,12,67,3.6,4.3,4.6,3.4,4,0,0,0,1,0,1,,0,0,0,0,20,0,4,2,74,74,100,0,0,0,0,0,1,0,0,0,0,0,0,NA,NA,NA,NA,NA,NA,0,1,1
SB_2024_UPZ_1_5,SB,43.3339,-124.3767,5/26/24,2024,CA,UPZ,1,5,VB,62,62,0,0,1,NA,NA,0,8,71,4,3.7,3.3,3.7,3.4,0,1,0,2,0,3,,1,8,0,0,20,0,1,1,69,69,100,0,4,0,0,0,1,0,0,0,0,0,0,NA,NA,NA,NA,NA,NA,0,5,5
SB_2024_UPZ_2_1,SB,43.3339,-124.3767,5/26/24,2024,CA,UPZ,2,1,FB,41,41,0,0,1,NA,NA,0,6,52,5.1,4.2,3.8,4,4.2,1,0,0,1,0,2,,0,5,1,0,15,1,0,0,78,78,100,0,0,0,0,0,0,0,0,0,0,0,0,NA,NA,NA,NA,NA,NA,0,0,0
SB_2024_UPZ_2_2,SB,43.3339,-124.3767,5/26/24,2024,CA,UPZ,2,2,VB,46,46,0,0,0,NA,NA,0,6,52,3.7,4,4.1,5.4,2.2,0,0,0,0,1,1,,0,5,1,0,15,1,0,0,78,78,100,0,1,0,2,0,3,1,0,0,0,0,0,NA,NA,NA,NA,NA,NA,0,7,7
SB_2024_UPZ_2_3,SB,43.3339,-124.3767,5/26/24,2024,CA,UPZ,2,3,FB,48,48,0,0,0,NA,NA,0,7,55,4.2,4,4.4,4.1,3.8,0,0,0,1,0,1,,0.1,9,0.1,0,9,0,0,3,79,79,100,0,0,0,0,0,2,1,0,0,0,0,0,NA,NA,NA,NA,NA,NA,0,3,3
SB_2024_UPZ_2_4,SB,43.3339,-124.3767,5/26/24,2024,CA,UPZ,2,4,FB,53,53,0,0,1,NA,NA,0,5,58,4,3,4.4,4.8,3.8,0,0,1,1,0,2,,0,6,0,0,8,0,0,3,83,83,100,0,2,0,0,0,0,0,0,0,0,0,0,NA,NA,NA,NA,NA,NA,0,2,2
SB_2024_UPZ_2_5,SB,43.3339,-124.3767,5/26/24,2024,CA,UPZ,2,5,FB,45,45,0,0,1,NA,NA,0,5,50,3.5,3.4,3.4,3.8,3.4,0,1,0,1,0,2,,1,10,0,0,10,0,1,0.1,78,78,100,0,4,2,0,0,0,0,0,0,0,0,0,NA,NA,NA,NA,NA,NA,0,4,6
SB_2024_NPZ_1_1,SB,43.3339,-124.3767,5/26/24,2024,CA,NPZ,1,1,WB,44,43,0,1,4,NA,NA,0,1,45,4.7,4.2,3.5,4.5,3.8,0,0,0,1,0,1,,0,2,0,0,8,0,0,7,83,83,100,0,0,0,0,0,0,0,0,0,0,0,0,NA,NA,NA,NA,NA,NA,0,0,0
SB_2024_NPZ_1_2,SB,43.3339,-124.3767,5/26/24,2024,CA,NPZ,1,2,WB,36,26,2,8,2,NA,NA,0,3,31,5.9,5.4,7.1,5.4,2.7,0,2,0,1,0,3,,0,2,0,0,12,2,1,0,83,83,100,0,0,0,0,0,0,1,0,0,0,0,0,NA,NA,NA,NA,NA,NA,0,1,1
SB_2024_NPZ_1_3,SB,43.3339,-124.3767,5/26/24,2024,CA,NPZ,1,3,VB,35,29,4,2,0,NA,NA,0,1,30,4.2,5.6,4.6,5.7,5.5,0,0,0,1,0,1,,0,10,0,0,32,5,1,0,52,52,100,20,0,0,20,0,0,0,0,0,0,0,0,NA,NA,NA,NA,NA,NA,0,40,40
SB_2024_NPZ_1_4,SB,43.3339,-124.3767,5/26/24,2024,CA,NPZ,1,4,DB,2,2,0,0,0,NA,NA,0,0,2,1.9,2.8,4,3.8,3.3,0,0,0,0,0,0,,4,35,3,0,3,0,0,0,55,55,100,3,10,0,14,0,0,14,0,5,0,0,0,NA,NA,NA,NA,NA,NA,0,46,46
SB_2024_NPZ_1_5,SB,43.3339,-124.3767,5/26/24,2024,CA,NPZ,1,5,WB,23,23,0,0,0,NA,NA,0,5,28,4.6,5.4,3.8,4.1,3.6,0,0,0,1,0,1,,0.1,23,0,0,11,0,0,1,65,65,100,11,0,0,9,0,1,6,0,0,0,0,0,NA,NA,NA,NA,NA,NA,0,27,27
SB_2024_NPZ_2_1,SB,43.3339,-124.3767,5/26/24,2024,CA,NPZ,2,1,VB,29,20,8,1,0,NA,NA,0,0,27,4.2,5.3,4.2,4.5,3.5,0,0,0,0,0,0,,1,40,0,0,8,4,4,0,43,43,100,0,0,0,0,0,20,0.1,0,0,0,0,0,NA,NA,NA,NA,NA,NA,0,20.1,20.1
SB_2024_NPZ_2_2,SB,43.3339,-124.3767,5/26/24,2024,CA,NPZ,2,2,VB,53,48,5,0,0,NA,NA,0,2,50,3.2,3.3,4.3,3.5,5.2,0,0,0,0,0,0,,0,15,0,0,14,1,0,0,70,70,100,0,0,0,0,0,0,0.1,0,0,0,0,0,NA,NA,NA,NA,NA,NA,0,0.1,0.1
SB_2024_NPZ_2_3,SB,43.3339,-124.3767,5/26/24,2024,CA,NPZ,2,3,VB,28,21,6,1,3,NA,NA,0,3,24,3,4,4.6,3.6,4.4,1,0,0,1,0,2,,1,25,0,0,24,6,0,9,35,35,100,0,0,0,0,0,0.1,6,0,0,0,0,0,NA,NA,NA,NA,NA,NA,0,6.1,6.1
SB_2024_NPZ_2_4,SB,43.3339,-124.3767,5/26/24,2024,CA,NPZ,2,4,VB,28,23,4,1,0,NA,NA,0,2,22,5.4,6.1,5.7,5.6,6.3,0,0,0,2,0,2,,0,10,0,0,12,3,0,7,68,68,100,0,0,0,0,0,0,0,0,0,0,0,0,NA,NA,NA,NA,NA,NA,0,0,0
SB_2024_NPZ_2_5,SB,43.3339,-124.3767,5/26/24,2024,CA,NPZ,2,5,VB,20,17,3,0,0,NA,NA,0,0,17,3.5,4.4,3.4,3.9,4,0,0,0,1,0,1,,0,33,0,0,9,5,4,1,48,48,100,0,0,0,0,0,1,1,0,0,0,0,0,NA,NA,NA,NA,NA,NA,0,2,2
YB_2024_AZ_1_1,YB,44.3114,-124.1086,5/25/24,2024,CP,AZ,1,1,FD,0,0,0,0,0,NA,NA,0,0,0,NA,NA,NA,NA,NA,NA,NA,NA,NA,NA,NA,,1,0,0,50,7,2,0,4,36,36,100,0,0,0,0,0,0,0,88,0,0,0,0,NA,NA,NA,NA,NA,NA,0,88,88
YB_2024_AZ_1_2,YB,44.3114,-124.1086,5/25/24,2024,CP,AZ,1,2,FD,0,0,0,0,0,NA,NA,0,0,0,NA,NA,NA,NA,NA,NA,NA,NA,NA,NA,NA,,7,28,0,0,9,3,5,0,48,48,100,0,26,0,0,0,0,0,0,0,0,0,0,NA,NA,NA,NA,NA,NA,0,26,26
YB_2024_AZ_1_3,YB,44.3114,-124.1086,5/25/24,2024,CP,AZ,1,3,FD,0,0,0,0,0,NA,NA,0,0,0,NA,NA,NA,NA,NA,NA,NA,NA,NA,NA,NA,,11,7,0,0,15,1,1,0,65,65,100,1,0,0,0,0,0,0,0,0,0,0,0,NA,NA,NA,NA,NA,NA,0,1,1
YB_2024_AZ_1_4,YB,44.3114,-124.1086,5/25/24,2024,CP,AZ,1,4,VD,0,0,0,0,0,NA,NA,0,0,0,NA,NA,NA,NA,NA,NA,NA,NA,NA,NA,NA,,8,30,0,0,4,0,0.1,0,58,58,100,0,0,0,25,24,2,0,0,0,0,0,0,NA,NA,NA,NA,NA,NA,0,51,51
YB_2024_AZ_1_5,YB,44.3114,-124.1086,5/25/24,2024,CP,AZ,1,5,FD,0,0,0,0,0,NA,NA,0,0,0,NA,NA,NA,NA,NA,NA,NA,NA,NA,NA,NA,,3,86,0,5,1,0,1,1,3,3,100,0,0,0,0,0,0,0,0,0,0,0,0,NA,NA,NA,NA,NA,NA,0,0,0
YB_2024_AZ_2_1,YB,44.3114,-124.1086,5/25/24,2024,CP,AZ,2,1,FD,0,0,0,0,0,NA,NA,0,0,0,NA,NA,NA,NA,NA,NA,NA,NA,NA,NA,NA,,7,84,0,0,7,0,0,0,2,2,100,0,0,0,0,0,0,0,0,0,0,0,0,NA,NA,NA,NA,NA,NA,0,0,0
YB_2024_AZ_2_2,YB,44.3114,-124.1086,5/25/24,2024,CP,AZ,2,2,FD,0,0,0,0,0,NA,NA,0,0,0,NA,NA,NA,NA,NA,NA,NA,NA,NA,NA,NA,,7,25,0,0,6,2,0,0,60,60,100,0,30,0,0,0,0,0,0,0,0,0,0,NA,NA,NA,NA,NA,NA,0,30,30
YB_2024_AZ_2_3,YB,44.3114,-124.1086,5/25/24,2024,CP,AZ,2,3,FD,0,0,0,0,0,NA,NA,0,0,0,NA,NA,NA,NA,NA,NA,NA,NA,NA,NA,NA,,5,80,0,0,0,3,1,0,11,11,100,24,20,0,0,6,8,0,0,0,0,0,0,NA,NA,NA,NA,NA,NA,0,58,58
YB_2024_AZ_2_4,YB,44.3114,-124.1086,5/25/24,2024,CP,AZ,2,4,FD,0,0,0,0,0,NA,NA,0,2,2,NA,NA,NA,NA,NA,NA,NA,NA,NA,NA,NA,,16,22,0,0,5,2,2,4,49,49,100,0,0,0,0,94,0,0,0,0,0,0,0,NA,NA,NA,NA,NA,NA,0,94,94
YB_2024_AZ_2_5,YB,44.3114,-124.1086,5/25/24,2024,CP,AZ,2,5,FD,0,0,0,0,0,NA,NA,0,0,0,NA,NA,NA,NA,NA,NA,NA,NA,NA,NA,NA,,12,4,0,0,11,11,2,2,58,58,100,6,0,0,0,52,0,0,0,0,0,0,0,NA,NA,NA,NA,NA,NA,0,58,58
YB_2024_UPZ_1_1,YB,44.3114,-124.1086,8/5/24,2024,CP,UPZ,1,1,FB,0,0,0,0,0,NA,NA,0,0,0,NA,NA,NA,NA,NA,0,0,0,0,0,0,,0,37,0,0,1,5,19,2,36,36,100,0,0,0,0,0,0,0,0,0,0,0,0,NA,NA,NA,NA,NA,NA,0,0,0
YB_2024_UPZ_1_2,YB,44.3114,-124.1086,8/5/24,2024,CP,UPZ,1,2,FB,1,1,0,0,0,NA,NA,0,0,0,,NA,NA,NA,NA,0,0,0,0,0,0,,0.1,30,0,0,2,0.1,66,0,2,2,100,0,1,0,0,0,16,0,0,0,0,0,0,NA,NA,NA,NA,NA,NA,0,17,17
YB_2024_UPZ_1_3,YB,44.3114,-124.1086,8/5/24,2024,CP,UPZ,1,3,FB,0,0,0,0,0,NA,NA,0,0,0,NA,NA,NA,NA,NA,0,0,0,0,0,0,,1,40,0,0,3,1,53,1,1,1,100,0,7,0,0,0,8,0,0,0,0,0,0,NA,NA,NA,NA,NA,NA,0,15,15
YB_2024_UPZ_1_4,YB,44.3114,-124.1086,8/5/24,2024,CP,UPZ,1,4,FB,0,0,0,0,0,NA,NA,0,0,0,NA,NA,NA,NA,NA,0,0,0,0,0,0,,0.1,11,0,0,0,2,86,0,1,1,100,0,0,0,0,2,0,0,0,0,0,0,0,NA,NA,NA,NA,NA,NA,0,2,2
YB_2024_UPZ_1_5,YB,44.3114,-124.1086,8/5/24,2024,CP,UPZ,1,5,FB,0,0,0,0,0,NA,NA,0,0,0,NA,NA,NA,NA,NA,0,0,0,0,0,0,,0,36,0,0,4,4,10,0,46,46,100,0,0,0,0,0,0,0,0,0,0,0,0,NA,NA,NA,NA,NA,NA,0,0,0
YB_2024_UPZ_2_1,YB,44.3114,-124.1086,8/5/24,2024,CP,UPZ,2,1,VB,11,4,6,1,0,NA,NA,0,0,0,3.766,4.503,4.212,4.057,4.778,0,0,1,0,0,1,,0,6,1,0,7,9,32,0,45,45,100,0,0,0,0,0,12,0,0,0,0,0,0,NA,NA,NA,NA,NA,NA,0,12,12
YB_2024_UPZ_2_2,YB,44.3114,-124.1086,8/5/24,2024,CP,UPZ,2,2,WB,5,3,2,0,0,NA,NA,0,0,0,3.701,NA,NA,NA,NA,1,0,0,0,0,1,,0,10,0,0,62,2,19,0.1,7,7,100,0,0,0,0,0,0,0,0,0,0,0,0,NA,NA,NA,NA,NA,NA,0,0,0
YB_2024_UPZ_2_3,YB,44.3114,-124.1086,8/5/24,2024,CP,UPZ,2,3,FD,1,0,1,0,0,NA,NA,0,0,0,,NA,NA,NA,NA,2,0,0,0,0,2,,0,9,0,0,40,4,38,0,9,9,100,0,0,0,0,0,16,0,0,0,0,0,0,NA,NA,NA,NA,NA,NA,3,16,16
YB_2024_UPZ_2_4,YB,44.3114,-124.1086,8/5/24,2024,CP,UPZ,2,4,FD,0,0,0,0,0,NA,NA,0,0,0,NA,NA,NA,NA,NA,0,0,0,0,0,0,,0,10,0,0,7,3,19,0,61,61,100,0,0,0,0,0,8,0,0,0,0,0,0,NA,NA,NA,NA,NA,NA,0,8,8
YB_2024_UPZ_2_5,YB,44.3114,-124.1086,8/5/24,2024,CP,UPZ,2,5,FD,0,0,0,0,0,NA,NA,0,0,0,NA,NA,NA,NA,NA,0,0,0,0,0,0,,0,7,0,0,7,6,27,0.1,53,53,100,0,0,0,0,0,1,0,0,0,0,0,0,NA,NA,NA,NA,NA,NA,0,1,1
SH_2024_UPZ_2_1,SH,44.24923,-124.1154,7/9/24,2024,CP,UPZ,2,1,FB,4,3,0,1,0,NA,NA,0,0,5,2.284,NA,NA,NA,NA,0,0,0,0,0,0,,0,6,0,0,4,0,85,1,4,4,100,0,0,0,0,0,14,0,0,0,0,0,0,NA,NA,NA,NA,NA,NA,0,14,14
SH_2024_UPZ_2_2,SH,44.24923,-124.1154,7/9/24,2024,CP,UPZ,2,2,VB,1,1,0,0,0,NA,NA,0,1,3,NA,NA,NA,NA,NA,0,0,0,0,0,0,,0,11,2,0,1,0,85,1,0.1,0,100,0,0,0,0,4,13,0,0,0,0,0,0,NA,NA,NA,NA,NA,NA,0,17,17
SH_2024_UPZ_2_3,SH,44.24923,-124.1154,7/9/24,2024,CP,UPZ,2,3,VB,7,1,3,3,0,NA,NA,0,1,5,NA,NA,NA,NA,NA,0,0,0,0,0,0,,0,6,0,0,1,0,91,0,2,2,100,0,0,0,0,1,4,0,0,0,0,0,0,NA,NA,NA,NA,NA,NA,0,5,5
SH_2024_UPZ_2_4,SH,44.24923,-124.1154,7/9/24,2024,CP,UPZ,2,4,VB,0,0,0,0,0,NA,NA,0,2,2,NA,NA,NA,NA,NA,0,0,0,0,0,0,,0,4,1,0,1,0,93,0,1,1,100,0,2,0,0,0,14,0,0,0,0,0,0,NA,NA,NA,NA,NA,NA,0,16,16
SH_2024_UPZ_2_5,SH,44.24923,-124.1154,7/9/24,2024,CP,UPZ,2,5,VB,0,0,0,0,0,NA,NA,0,1,1,NA,NA,NA,NA,NA,0,0,0,0,0,0,,0,14,0.1,0,14,0,67,0,5,5,100,0,0,0,0,0,15,0,0,0,0,2,0,NA,NA,NA,NA,NA,NA,0,17,17
SH_2024_AZ_1_1,SH,44.24923,-124.1154,6/23/24,2024,CP,AZ,1,1,VB,0,0,0,0,0,NA,NA,0,0,0,NA,NA,NA,NA,NA,NA,NA,NA,NA,NA,NA,,7,70,0,4,1,0,1,14,3,3,100,0,0,0,0,0,6,0,31,0,0,60,0,NA,NA,NA,NA,NA,NA,0,97,97
SH_2024_AZ_1_2,SH,44.24923,-124.1154,6/23/24,2024,CP,AZ,1,2,VB,0,0,0,0,0,NA,NA,0,0,0,NA,NA,NA,NA,NA,NA,NA,NA,NA,NA,NA,,11,80,0,0,1,1,4,3,0,0,100,0,0,0,0,0,0,0,0,0,0,86,0,NA,NA,NA,NA,NA,NA,0,86,86
SH_2024_AZ_1_3,SH,44.24923,-124.1154,6/23/24,2024,CP,AZ,1,3,VB,0,0,0,0,0,NA,NA,0,1,1,NA,NA,NA,NA,NA,NA,NA,NA,NA,NA,NA,,71,10,0,1,5,4,7,1,1,1,100,0,0,0,0,0,0,0,0,0,0,90,0,NA,NA,NA,NA,NA,NA,0,90,90
SH_2024_AZ_1_4,SH,44.24923,-124.1154,6/23/24,2024,CP,AZ,1,4,VB,0,0,0,0,0,NA,NA,0,5,5,NA,NA,NA,NA,NA,NA,NA,NA,NA,NA,NA,,10,71,0,1,8,2,4,3,1,1,100,0,0,0,0,0,0,0,0,0,0,96,0,NA,NA,NA,NA,NA,NA,0,96,96
SH_2024_AZ_1_5,SH,44.24923,-124.1154,6/23/24,2024,CP,AZ,1,5,VB,0,0,0,0,0,NA,NA,0,0,0,NA,NA,NA,NA,NA,NA,NA,NA,NA,NA,NA,,5,72,0,0,0,0,0,23,0,0,100,0,0,0,0,0,0,0,0,0,0,100,0,NA,NA,NA,NA,NA,NA,0,100,100
SH_2024_AZ_2_1,SH,44.24923,-124.1154,6/23/24,2024,CP,AZ,2,1,VB,0,0,0,0,0,NA,NA,0,0,0,NA,NA,NA,NA,NA,NA,NA,NA,NA,NA,NA,,7,75,0,0,1,6,0,11,0,0,100,0,0,0,0,0,36,0,0,0,0,60,0,NA,NA,NA,NA,NA,NA,0,96,96
SH_2024_AZ_2_2,SH,44.24923,-124.1154,6/23/24,2024,CP,AZ,2,2,VB,0,0,0,0,0,NA,NA,0,0,0,NA,NA,NA,NA,NA,NA,NA,NA,NA,NA,NA,,2,80,1,0,2,8,1,5,1,1,100,14,25,0,0,0,40,0,0,0,0,0,0,NA,NA,NA,NA,NA,NA,0,79,79
SH_2024_AZ_2_3,SH,44.24923,-124.1154,6/23/24,2024,CP,AZ,2,3,VB,0,0,0,0,0,NA,NA,0,0,0,NA,NA,NA,NA,NA,NA,NA,NA,NA,NA,NA,,4,24,0,0,1,4,2,0,65,65,100,0,18,0,0,0,50,0,0,0,0,0,0,NA,NA,NA,NA,NA,NA,0,68,68
SH_2024_AZ_2_4,SH,44.24923,-124.1154,6/23/24,2024,CP,AZ,2,4,VB,0,0,0,0,0,NA,NA,0,0,0,NA,NA,NA,NA,NA,NA,NA,NA,NA,NA,NA,,1,6,0,8,2,5,6,0,72,72,100,0,5,0,0,0,0,0,28,0,0,0,0,NA,NA,NA,NA,NA,NA,0,33,33
SH_2024_AZ_2_5,SH,44.24923,-124.1154,6/23/24,2024,CP,AZ,2,5,VB,0,0,0,0,0,NA,NA,0,0,0,NA,NA,NA,NA,NA,NA,NA,NA,NA,NA,NA,,1,8,0,9,10,1,2,0,69,69,100,0,24,0,0,0,0,0,32,0,0,0,0,NA,NA,NA,NA,NA,NA,0,56,56
SH_2024_UPZ_1_1,SH,44.24923,-124.1154,6/23/24,2024,CP,UPZ,1,1,FB,0,0,0,0,0,NA,NA,0,2,2,NA,NA,NA,NA,NA,0,0,0,0,0,0,,1,72,0,0,2,5,20,0,0,0,100,0,5,0,0,0,3,0,0,0,0,0,0,NA,NA,NA,NA,NA,NA,0,8,8
SH_2024_UPZ_1_2,SH,44.24923,-124.1154,6/23/24,2024,CP,UPZ,1,2,VB,9,9,0,0,0,NA,NA,0,0,9,,,,,,0,0,0,0,0,0,,0,71,0,0,3,2,24,0,0,0,100,0,0,0,0,0,1,0,0,0,0,0,0,NA,NA,NA,NA,NA,NA,0,1,1
SH_2024_UPZ_1_3,SH,44.24923,-124.1154,6/23/24,2024,CP,UPZ,1,3,VB,3,3,0,0,0,NA,NA,0,0,3,,,,NA,NA,0,1,0,0,1,2,,0.1,84,0,0,2,0,14,0,0,0,100,0,0,0,0,0,8,0,0,0,0,1,0,NA,NA,NA,NA,NA,NA,0,9,9
SH_2024_UPZ_1_4,SH,44.24923,-124.1154,6/23/24,2024,CP,UPZ,1,4,FB,0,0,0,0,0,NA,NA,0,0,0,NA,NA,NA,NA,NA,1,0,0,0,1,2,,3,32,0,8,1,0,53,1,2,2,100,0,0,0,0,0,0,0,15,0,0,36,0,NA,NA,NA,NA,NA,NA,0,51,51
SH_2025_UPZ_1_5,SH,44.24923,-124.1154,6/23/24,2025,CP,UPZ,1,5,FB,0,0,0,0,0,NA,NA,0,0,0,NA,NA,NA,NA,NA,0,1,0,1,0,2,,0,3,0,80,1,5,2,6,3,3,100,0,0,0,0,0,0,0,100,0,0,0,0,NA,NA,NA,NA,NA,NA,0,100,100
SC_2024_AZ_1_1,SC,43.3032,-124.3974,6/24/24,2024,CA,AZ,1,1,FB,0,0,0,0,0,NA,NA,0,4,4,NA,NA,NA,NA,NA,NA,NA,NA,NA,NA,NA,,0.1,63,19,1,4,1,0,12,0,0,100,0,0,0,0,0,11,0,2,0,0,0,0,NA,NA,NA,NA,NA,NA,0,13,13
SC_2024_AZ_1_2,SC,43.3032,-124.3974,6/24/24,2024,CA,AZ,1,2,FB,0,0,0,0,0,0,NA,0,0,0,NA,NA,NA,NA,NA,NA,NA,NA,NA,NA,NA,,8,57,10,0,4,2,0,16,3,3,100,96,0,0,0,0,0,0,0,0,0,0,0,NA,NA,NA,NA,NA,NA,0,96,96
SC_2024_AZ_1_3,SC,43.3032,-124.3974,6/24/24,2024,CA,AZ,1,3,FB,0,0,0,0,0,0,NA,0,0,0,NA,NA,NA,NA,NA,NA,NA,NA,NA,NA,NA,,0,15,3,11,0,0,0,71,0,0,100,0,0,5,0,0,3,0,72,0,0,0,0,NA,NA,NA,NA,NA,NA,0,75,80
SC_2024_AZ_1_4,SC,43.3032,-124.3974,6/24/24,2024,CA,AZ,1,4,FB,0,0,0,0,0,0,NA,0,0,0,NA,NA,NA,NA,NA,NA,NA,NA,NA,NA,NA,,0,12,11,24,2,0,0,51,0,0,100,0,0,0,0,0,10,0,41,0,0,0,0,NA,NA,NA,NA,NA,NA,0,51,51
SC_2024_AZ_1_5,SC,43.3032,-124.3974,6/24/24,2024,CA,AZ,1,5,VB,0,0,0,0,0,0,NA,0,0,0,NA,NA,NA,NA,NA,NA,NA,NA,NA,NA,NA,,2,71,15,0,1,8,0,2,1,1,100,0,0,39,0,0,18,0,0,0,0,0,0,NA,NA,NA,NA,NA,NA,0,18,57
SC_2024_AZ_2_1,SC,43.3032,-124.3974,6/24/24,2024,CA,AZ,2,1,FB,0,0,0,0,0,0,NA,0,0,0,NA,NA,NA,NA,NA,NA,NA,NA,NA,NA,NA,,0,78,0,0,10,2,3,0,7,7,100,0,0,44,0,0,25,0,0,0,0,0,0,NA,NA,NA,NA,NA,NA,0,25,69
SC_2024_AZ_2_2,SC,43.3032,-124.3974,6/24/24,2024,CA,AZ,2,2,VB,2,2,0,0,0,0,NA,0,5,7,NA,NA,NA,NA,NA,NA,NA,NA,NA,NA,NA,,0,87,0,0,9,3,1,0,0,0,100,0,0,12,0,0,15,0,0,0,0,0,0,NA,NA,NA,NA,NA,NA,0,15,27
SC_2024_AZ_2_3,SC,43.3032,-124.3974,6/24/24,2024,CA,AZ,2,3,VB,0,0,0,0,0,0,NA,0,0,0,NA,NA,NA,NA,NA,NA,NA,NA,NA,NA,NA,,0,49,0,0,8,3,0,0,40,40,100,0,0,1,0,0,36,0,0,0,0,0,0,NA,NA,NA,NA,NA,NA,0,36,37
SC_2024_AZ_2_4,SC,43.3032,-124.3974,6/24/24,2024,CA,AZ,2,4,FB,0,0,0,0,0,0,NA,0,0,0,NA,NA,NA,NA,NA,NA,NA,NA,NA,NA,NA,,0,90,0,0,2,2,0.1,0,6,6,100,0,0,0.1,0,0,36,0,0,0,0,0,0,NA,NA,NA,NA,NA,NA,0,36,36.1
SC_2024_AZ_2_5,SC,43.3032,-124.3974,6/24/24,2024,CA,AZ,2,5,FB,0,0,0,0,0,0,NA,0,3,3,NA,NA,NA,NA,NA,NA,NA,NA,NA,NA,NA,,4,84,0,0,8,2,0,0,2,2,100,0,0,6,0,0,80,0,0,0,0,0,0,NA,NA,NA,NA,NA,NA,0,80,86
SC_2024_UPZ_1_1,SC,43.3032,-124.3974,6/24/24,2024,CA,UPZ,1,1,VB,61,58,0,3,5,1,NA,0,15,72,2.8,3.7,3,4,3.2,1,0,0,1,0,2,,0,9,2,0,21,0,1,8,59,59,100,0,0,0,0,0,0.1,0,0,0,0,0,0,NA,NA,NA,NA,NA,NA,0,0.1,0.1
SC_2024_UPZ_1_2,SC,43.3032,-124.3974,6/24/24,2024,CA,UPZ,1,2,FB,18,18,0,0,2,0,NA,0,11,29,3,4.5,4,3.3,3.9,1,0,0,1,0,2,,0,8,0.1,0,10,0,1,81,0,0,100,0,0,0,0,0,0,0,0,0,0,0,0,NA,NA,NA,NA,NA,NA,0,0,0
SC_2024_UPZ_1_3,SC,43.3032,-124.3974,6/24/24,2024,CA,UPZ,1,3,FB,33,33,0,0,12,1,NA,0,21,54,4,4.4,2.9,3.3,4,2,1,0,3,0,6,,0,0,0,0,17,0,0,13,70,70,100,0,0,0,0,0,0,0,0,0,0,0,0,NA,NA,NA,NA,NA,NA,0,0,0
SC_2024_UPZ_1_4,SC,43.3032,-124.3974,6/24/24,2024,CA,UPZ,1,4,FB,35,35,0,0,1,0,NA,0,1,36,4.8,3.3,3.8,4.1,3.2,2,0,0,3,0,5,,0,7,4,0,4,0,2,13,70,70,100,0,0,0,0,0,0,0,0,0,0,0,0,NA,NA,NA,NA,NA,NA,0,0,0
SC_2024_UPZ_1_5,SC,43.3032,-124.3974,6/24/24,2024,CA,UPZ,1,5,VB,7,7,0,0,0,0,NA,0,13,20,3.2,3.7,4.4,4.8,4.1,1,0,1,1,0,3,,0,20,12,0,6,2,0,14,46,46,100,0,0,0,0,0,0,0,0,0,0,0,0,NA,NA,NA,NA,NA,NA,0,0,0
SC_2024_UPZ_2_1,SC,43.3032,-124.3974,6/24/24,2024,CA,UPZ,2,1,VB,20,8,7,5,0,0,NA,0,5,13,3.6,4.2,3.4,4.5,4.3, , , , , ,0,,5,25,0,0,13,11,3,0,43,43,100,0,7,0,0,0,0,0,0,0,0,0,0,NA,NA,NA,NA,NA,NA,0,7,7
SC_2024_UPZ_2_2,SC,43.3032,-124.3974,6/24/24,2024,CA,UPZ,2,2,CC,14,1,9,4,0,NA,NA,0,1,2,5,4.6,3.4,3.7,3.4,1,0,1,0,0,2,,1,50,0,0,1,0,0,0,48,48,100,0,0,0,0,6,0,0,0,0,0,0,0,NA,NA,NA,NA,NA,NA,0,6,6
SC_2024_UPZ_2_3,SC,43.3032,-124.3974,6/24/24,2024,CA,UPZ,2,3,FB,50,49,0,1,5,0,NA,0,2,52,4.2,3.8,5.3,3.7,4.1,1,0,0,3,0,4,,0.1,14,0.1,0,12,0,1,0,73,73,100,0,0,4,0,2,4,0,0,0,0,0,0,NA,NA,NA,NA,NA,NA,0,6,10
SC_2024_UPZ_2_4,SC,43.3032,-124.3974,6/24/24,2024,CA,UPZ,2,4,FB,16,16,0,0,0,0,NA,0,2,18,4.6,4.9,4.1,4.1,5,0,1,0,0,0,1,,0,44,2,0,12,2,1,0,39,39,100,0,0,0,0,0,0,0,0,0,0,0,0,NA,NA,NA,NA,NA,NA,0,0,0
SC_2024_UPZ_2_5,SC,43.3032,-124.3974,6/24/24,2024,CA,UPZ,2,5,FB,21,21,0,0,2,0,NA,0,2,23,4.2,3.9,3.8,5,4.6,0,0,1,0,0,1,,0,35,0,0,11,0,0,3,51,51,100,0,0,0,0,0,0,0,0,0,0,0,0,NA,NA,NA,NA,NA,NA,0,0,0
SC_2024_NPZ_1_1,SC,43.3032,-124.3974,6/24/24,2024,CA,NPZ,1,1,VD,21,0,21,0,2,0,NA,0,0,0,7.1,5.1,4.9,4.7,5.3,1,0,0,1,0,2,,0,2,0,0,26,9,1,0,62,62,100,0,0,1,0,0,0,0,0,0,0,0,0,NA,NA,NA,NA,NA,NA,0,0,1
SC_2024_NPZ_1_2,SC,43.3032,-124.3974,6/24/24,2024,CA,NPZ,1,2,VD,15,14,1,0,0,0,NA,0,1,15,3.8,3.8,4.9,4,4.1,0,0,0,1,0,1,,0,68,0,8,10,6,0,0,8,8,100,0,0,0,0,0,5,0,10,0,0,0,0,NA,NA,NA,NA,NA,NA,0,15,15
SC_2024_NPZ_1_3,SC,43.3032,-124.3974,6/24/24,2024,CA,NPZ,1,3,VD,56,16,2,38,5,1,NA,0,1,17,4.1,6.2,4.6,5.1,5.3,1,0,0,5,0,6,,0,0,0,0,20,1,1,4,74,74,100,0,0,0,0,0,0,0,0,0,0,0,0,NA,NA,NA,NA,NA,NA,0,0,0
SC_2024_NPZ_1_4,SC,43.3032,-124.3974,6/24/24,2024,CA,NPZ,1,4,VD,30,11,4,15,0,0,NA,0,2,13,6,5.2,4.7,4.6,5.7,1,0,0,5,0,6,,0,0,0,0,15,6,1,5,73,73,100,0,0,0,0,0,0,0,0,0,0,0,0,NA,NA,NA,NA,NA,NA,0,0,0
SC_2024_NPZ_1_5,SC,43.3032,-124.3974,6/24/24,2024,CA,NPZ,1,5,VD,17,8,7,2,0,0,NA,0,4,12,6.4,5.5,5.9,4.7,5.5,1,0,1,2,0,4,,0,0,0,0,20,0.1,1,10,69,69,100,0,0,0,0,0,0,0,0,0,0,0,0,NA,NA,NA,NA,NA,NA,0,0,0
SC_2024_NPZ_2_1,SC,43.3032,-124.3974,6/24/24,2024,CA,NPZ,2,1,VD,27,0,1,26,2,0,NA,0,0,0,6.7,6.8,6.2,6.2,5.1,1,0,0,2,0,3,,0,0,0,0,17,9,1,0.1,73,73,100,0,0,0,0,0,0,0,0,0,0,0,0,NA,NA,NA,NA,NA,NA,0,0,0
SC_2024_NPZ_2_2,SC,43.3032,-124.3974,6/24/24,2024,CA,NPZ,2,2,VD,39,3,13,23,1,0,NA,0,4,7,6.3,5.4,5.6,4.6,5.8,0,0,0,2,0,2,,0,0,0,0,15,8,0,7,70,70,100,0,0,0,0,0,0,0,0,0,0,0,0,NA,NA,NA,NA,NA,NA,0,0,0
SC_2024_NPZ_2_3,SC,43.3032,-124.3974,6/24/24,2024,CA,NPZ,2,3,VD,33,12,0,21,1,0,NA,0,0,12,4.2,3.9,4.4,4,5.1, , , , , ,0,,0,0,0,0,11,8,0,1,80,80,100,0,0,0,0,0,0,0,0,0,0,0,0,NA,NA,NA,NA,NA,NA,0,0,0
SC_2024_NPZ_2_4,SC,43.3032,-124.3974,6/24/24,2024,CA,NPZ,2,4,VD,43,8,3,32,0,0,NA,0,3,11,4.7,4.9,3.9,4.7,4,2,1,0,1,0,4,,0,0,0,0,23,4,0,10,63,63,100,0,0,0,0,0,0,0,0,0,0,0,0,NA,NA,NA,NA,NA,NA,0,0,0
SC_2024_NPZ_2_5,SC,43.3032,-124.3974,6/24/24,2024,CA,NPZ,2,5,VD,25,0,6,19,0,0,NA,0,0,0,4.8,3.2,4.5,5.3,5,1,0,0,1,0,2,,0,0,0,0,72,3,0,15,10,10,100,0,0,0,0,0,0,0,0,0,0,0,0,NA,NA,NA,NA,NA,NA,0,0,0
CB_2024_AZ_1_1,CB,42.83969,-124.5651,6/25/24,2024,CB,AZ,1,1,FB,0,0,0,0,0,0,NA,0,0,0,NA,NA,NA,NA,NA,NA,NA,NA,NA,NA,NA,,0.1,82,10,0,0,3,1,2,2,2,100,0,4,40,0,0,15,0,0,0,0,0,0,NA,NA,NA,NA,NA,NA,0,19,59
CB_2024_AZ_1_2,CB,42.83969,-124.5651,6/25/24,2024,CB,AZ,1,2,FB,0,0,0,0,0,0,NA,0,0,0,NA,NA,NA,NA,NA,NA,NA,NA,NA,NA,NA,,4,88,4,0,1,3,0.1,0.1,0,0,100,37,2,14,0,0,42,0,0,0,0,0,0,NA,NA,NA,NA,NA,NA,0,81,95
CB_2024_AZ_1_3,CB,42.83969,-124.5651,6/25/24,2024,CB,AZ,1,3,FB,0,0,0,0,0,0,NA,0,0,0,NA,NA,NA,NA,NA,NA,NA,NA,NA,NA,NA,,0,65,0.1,0,0,0,0.1,35,0,0,100,21,0,0,0,0,10,0,0,0,0,0,0,NA,NA,NA,NA,NA,NA,0,31,31
CB_2024_AZ_1_4,CB,42.83969,-124.5651,6/25/24,2024,CB,AZ,1,4,FB,0,0,0,0,0,0,NA,0,0,0,NA,NA,NA,NA,NA,NA,NA,NA,NA,NA,NA,,2,83,0.1,0,5,2,0,8,0,0,100,18,20,0,0,0,25,0,0,0,0,0,0,NA,NA,NA,NA,NA,NA,0,63,63
CB_2024_AZ_1_5,CB,42.83969,-124.5651,6/25/24,2024,CB,AZ,1,5,FB,0,0,0,0,0,0,NA,0,0,0,NA,NA,NA,NA,NA,NA,NA,NA,NA,NA,NA,,0,96,0,0,1,0.1,0,2,1,1,100,0,0,0,0,0,100,0,0,0,0,0,0,NA,NA,NA,NA,NA,NA,0,100,100
CB_2024_AZ_2_1,CB,42.83969,-124.5651,6/25/24,2024,CB,AZ,2,1,FD,0,0,0,0,0,0,NA,0,0,0,NA,NA,NA,NA,NA,NA,NA,NA,NA,NA,NA,,6,68,0.1,0,7,14,0.1,2,3,3,100,16,45,0,0,0,8,0,0,0,0,0,0,NA,NA,NA,NA,NA,NA,0,69,69
CB_2024_AZ_2_2,CB,42.83969,-124.5651,6/25/24,2024,CB,AZ,2,2,FD,0,0,0,0,0,0,NA,0,0,0,NA,NA,NA,NA,NA,NA,NA,NA,NA,NA,NA,,0,84,0,0,5,2,1,8,0,0,100,1,26,0,0,0,7,0,0,0,0,0,0,NA,NA,NA,NA,NA,NA,0,34,34
CB_2024_AZ_2_3,CB,42.83969,-124.5651,6/25/24,2024,CB,AZ,2,3,FD,0,0,0,0,0,0,NA,0,0,0,NA,NA,NA,NA,NA,NA,NA,NA,NA,NA,NA,,2,83,0,0,1,3,0.1,10,1,1,100,0,1,0,0,0,12,0,0,0,0,0,0,NA,NA,NA,NA,NA,NA,0,13,13
CB_2024_AZ_2_4,CB,42.83969,-124.5651,6/25/24,2024,CB,AZ,2,4,FD,0,0,0,0,0,0,NA,0,0,0,NA,NA,NA,NA,NA,NA,NA,NA,NA,NA,NA,,2,84,0,0,0.1,3,2,1,8,8,100,0,0,4,0,0,48,0,0,0,0,0,0,NA,NA,NA,NA,NA,NA,0,48,52
CB_2024_AZ_2_5,CB,42.83969,-124.5651,6/25/24,2024,CB,AZ,2,5,VD,0,0,0,0,0,0,NA,0,0,0,NA,NA,NA,NA,NA,NA,NA,NA,NA,NA,NA,,0,90,0,0,3,1,0,4,2,2,100,6,0,10,0,0,40,0,0,0,0,0,0,NA,NA,NA,NA,NA,NA,0,46,56
CB_2024_NPZ_1_1,CB,42.83969,-124.5651,6/25/24,2024,CB,NPZ,1,1,CD,4,0,1,3,0,0,NA,0,0,0,,,,,NA,NA,NA,NA,NA,NA,NA,,1,9,0.1,0,8,0,2,18,62,62,100,4,0,0,0,0,0,0,0,0,0,0,0,NA,NA,NA,NA,NA,NA,0,4,4
CB_2024_NPZ_1_2,CB,42.83969,-124.5651,6/25/24,2024,CB,NPZ,1,2,VD,14,1,3,10,1,0,NA,0,0,1,6.7,5.2,6.3,6.9,6.2,0,0,0,0,0,0,,0,1,0,0,12,9,2,10,66,66,100,0,0,0,0,0,0,0,0,0,0,0,0,NA,NA,NA,NA,NA,NA,0,0,0
CB_2024_NPZ_1_3,CB,42.83969,-124.5651,6/25/24,2024,CB,NPZ,1,3,CD,3,0,3,0,0,0,NA,0,1,1,6.6,5.8,5.2,5.4,5.4,0,1,0,0,0,1,,0,4,1,0,13,9,4,3,66,66,100,0,0,0,0,0,0,0,0,0,0,0,0,NA,NA,NA,NA,NA,NA,0,0,0
CB_2024_NPZ_1_4,CB,42.83969,-124.5651,6/25/24,2024,CB,NPZ,1,4,VD,7,0,7,0,0,0,NA,0,0,0,7.7,8.3,5.3,5.9,6.2,0,1,0,0,0,1,,0,16,0,0,16,5,2,45,16,16,100,0,0,0,0,0,0,0,0,0,0,0,0,NA,NA,NA,NA,NA,NA,0,0,0
CB_2024_NPZ_1_5,CB,42.83969,-124.5651,6/25/24,2024,CB,NPZ,1,5,CB,20,0,20,0,0,0,NA,0,0,0,5.5,5.3,5.8,3.7,3.9,0,0,0,0,0,0,,0,0,0.1,0,4,5,0,10,81,81,100,0,0,0,0,0,0,0,0,0,0,0,0,NA,NA,NA,NA,NA,NA,0,0,0
CB_2024_NPZ_2_1,CB,42.83969,-124.5651,7/24/24,2024,CB,NPZ,2,1,VD,13,3,6,4,0,0,NA,0,4,7,8,3,8.1,7.6,,0,0,0,0,0,0,,0,1,0,0,10,9,1,3,76,76,100,0,0,0,0,0,0,0,0,0,0,0,0,NA,NA,NA,NA,NA,NA,69,0,0
CB_2024_NPZ_2_2,CB,42.83969,-124.5651,7/24/24,2024,CB,NPZ,2,2,FD,5,0,0,5,0,0,NA,0,0,0,8.8,7.2,6,8,7.8,0,0,0,0,0,0,,0,0,0,0,9,3,2,0,86,86,100,0,0,0,0,0,0,0,0,0,0,0,0,NA,NA,NA,NA,NA,NA,85,0,0
CB_2024_NPZ_2_3,CB,42.83969,-124.5651,7/24/24,2024,CB,NPZ,2,3,VD,4,1,2,1,0,0,NA,0,0,1,7.9,6.6,7.5,,,0,0,0,0,0,0,,2,0,0,0,21,14,2,0,61,61,100,0,0,0,0,4,0,0,0,0,0,0,0,NA,NA,NA,NA,NA,NA,63,4,4
CB_2024_NPZ_2_4,CB,42.83969,-124.5651,7/24/24,2024,CB,NPZ,2,4,CD,12,0,3,9,1,0,NA,0,0,0,10,7.6,9,7.3,8.1,0,0,0,0,0,0,,2,0,0,0,6,3,0.1,7,82,82,100,0,0,0,0,0,0,0,0,0,0,0,0,NA,NA,NA,NA,NA,NA,79,0,0
CB_2024_NPZ_2_5,CB,42.83969,-124.5651,7/24/24,2024,CB,NPZ,2,5,VB,12,3,4,5,9,3,NA,0,7,10,7,6.6,3.1,7,,0,0,0,0,1,1,,3,1,0.1,0,11,7,4,5,69,69,100,0,0,0,0,0,0,0,0,0,0,0,0,NA,NA,NA,NA,NA,NA,64,0,0
CB_2024_UPZ_1_1,CB,42.83969,-124.5651,6/25/24,2024,CB,UPZ,1,1,VB,17,9,2,6,3,3,NA,0,11,20,3.3,2.5,3.8,2.9,2.4,0,1,0,0,0,1,,0,1,0,0,10,9,1,4,75,75,100,0,0,0,0,0,0,0,0,0,0,0,0,NA,NA,NA,NA,NA,NA,0,0,0
CB_2024_UPZ_1_2,CB,42.83969,-124.5651,6/25/24,2024,CB,UPZ,1,2,CC,20,8,7,5,1,1,NA,0,2,10,2.4,3.7,3.4,4,4.4,0,0,0,0,0,0,,0,16,0,0,14,3,8,57,2,2,100,0,0,0,0,0,9,0,0,0,0,0,0,NA,NA,NA,NA,NA,NA,0,9,9
CB_2024_UPZ_1_3,CB,42.83969,-124.5651,6/25/24,2024,CB,UPZ,1,3,FD,6,1,5,0,1,0,NA,0,0,1,,,,,,NA,NA,NA,NA,NA,NA,,2,12,0,0,6,8,4,0.1,68,68,100,0,24,0,0,0,42,0,0,0,0,0,0,NA,NA,NA,NA,NA,NA,0,66,66
CB_2024_UPZ_1_4,CB,42.83969,-124.5651,6/25/24,2024,CB,UPZ,1,4,FD,11,7,4,0,0,0,NA,0,8,17,,,,,,NA,NA,NA,NA,NA,NA,,0,0.1,0,0,8,17,5,3,67,67,100,0,0,0,0,0,0.1,0,0,0,0,0,0,NA,NA,NA,NA,NA,NA,0,0.1,0.1
CB_2024_UPZ_1_5,CB,42.83969,-124.5651,6/25/24,2024,CB,UPZ,1,5,VD,12,7,1,4,4,1,NA,0,4,11,5.5,3.7,4.9,3.4,3.7,0,2,0,0,0,2,,0,7,0,0,10,8,4,8,63,63,100,0,0,0,0,0,7,0,0,0,0,0,0,NA,NA,NA,NA,NA,NA,0,7,7
CB_2024_UPZ_2_1,CB,42.83969,-124.5651,7/24/24,2024,CB,UPZ,2,1,VD,30,30,0,0,11,11,NA,0,9,39,5.7,4.7,4.5,4,4.4,0,3,0,0,0,3,,5,25,0,0,47,6,1,0,16,16,100,0,0,0,0.1,0,0,0,0,0,0,0,0,NA,NA,NA,NA,NA,NA,0,0.1,0.1
CB_2024_UPZ_2_2,CB,42.83969,-124.5651,7/24/24,2024,CB,UPZ,2,2,VD,36,35,1,0,8,7,NA,0,5,41,4.7,4.5,4.6,3.6,3.6,0,0,1,0,0,1,,0,36,0,0,42,7,2,0,13,13,100,0,0,0,0,0,5,0,0,0,0,3,0,NA,NA,NA,NA,NA,NA,0,8,8
CB_2024_UPZ_2_3,CB,42.83969,-124.5651,7/24/24,2024,CB,UPZ,2,3,VD,12,9,3,0,2,0,NA,0,4,13,4,3,4.5,6,,0,0,0,1,0,1,,0,16,0,25,11,3,1,0,44,44,100,0,0.1,0,0,0,0,0,37,0,0,0,0,NA,NA,NA,NA,NA,NA,0,37.1,37.1
CB_2024_UPZ_2_4,CB,42.83969,-124.5651,7/24/24,2024,CB,UPZ,2,4,VD,15,15,0,0,6,5,NA,0,4,19,3.5,4.2,2.3,3.9,,0,2,0,0,0,2,,1,12,0,0,29,8,1,0,49,49,100,0,8,0,0,0,2,0,0,0,0,0,0,NA,NA,NA,NA,NA,NA,0,10,10
CB_2024_UPZ_2_5,CB,42.83969,-124.5651,7/24/24,2024,CB,UPZ,2,5,VD,49,47,1,1,7,0,NA,0,0,47,7,6,5.8,5,,1,2,0,0,0,3,,2,0.1,0,0,12,5,0,1,80,80,100,0,0,0,0,0,0,0,0,0,0,0,0,NA,NA,NA,NA,NA,NA,0,0,0
RP_2024_AZ_1_1,RP,42.71666,-124.467,6/26/24,2024,CB,AZ,1,1,VB,0,0,0,0,0,0,NA,0,0,0,NA,NA,NA,NA,NA,NA,NA,NA,NA,NA,NA,,0,78,8,0,0.1,1,1,8,4,4,100,0,0,4,0,0,8,0,0,0,10,0,2,NA,NA,NA,NA,NA,NA,0,10,24
RP_2024_AZ_1_2,RP,42.71666,-124.467,6/26/24,2024,CB,AZ,1,2,VB,0,0,0,0,0,0,NA,0,0,0,NA,NA,NA,NA,NA,NA,NA,NA,NA,NA,NA,,0,52,19,0,0,0,0,20,9,9,100,0,0,0,0,0,0,0,0,0,17,0,41,NA,NA,NA,NA,NA,NA,0,41,58
RP_2024_AZ_1_3,RP,42.71666,-124.467,6/26/24,2024,CB,AZ,1,3,VB,0,0,0,0,0,0,NA,0,0,0,NA,NA,NA,NA,NA,NA,NA,NA,NA,NA,NA,,0,55,17,0,1,6,0,12,9,9,100,0,0,0,0,0,0,0,0,0,36,0,0,NA,NA,NA,NA,NA,NA,0,0,36
RP_2024_AZ_1_4,RP,42.71666,-124.467,6/26/24,2024,CB,AZ,1,4,VB,6,0,6,0,0,0,NA,0,0,0,NA,NA,NA,NA,NA,NA,NA,NA,NA,NA,NA,NA,2,12,0.1,0,10,10,5,0.1,61,#VALUE!,100,0,37,0,0,0,0,0,0,0,4,0,0,NA,NA,NA,NA,NA,NA,0,37,41
RP_2024_AZ_1_5,RP,42.71666,-124.467,6/26/24,2024,CB,AZ,1,5,VB,0,0,0,0,0,0,NA,0,0,0,NA,NA,NA,NA,NA,NA,NA,NA,NA,NA,NA,0,6,74,8,0,1,1,8,0,2,2,100,0,4,0,0,14,42,0,0,0,5,0,0,NA,NA,NA,NA,NA,NA,0,60,65
RP_2024_AZ_2_1,RP,42.71666,-124.467,6/26/24,2024,CB,AZ,2,1,VD,4,0,4,0,0,0,NA,0,1,1,NA,NA,NA,NA,NA,NA,NA,NA,NA,NA,NA,NA,3,15,2,0,9,13,5,0.1,53,#VALUE!,100,0,10,0,0,0,0,0,0,0,0,0,0,NA,NA,NA,NA,NA,NA,0,10,10
RP_2024_AZ_2_2,RP,42.71666,-124.467,6/26/24,2024,CB,AZ,2,2,VD,11,0,9,2,2,0,NA,0,0,0,NA,NA,NA,NA,NA,NA,NA,NA,NA,NA,NA,NA,3,36,0,0,13,4,9,4,31,#VALUE!,100,0,21,0,0,10,5,0,0,0,0,0,0,NA,NA,NA,NA,NA,NA,0,36,36
RP_2024_AZ_2_3,RP,42.71666,-124.467,6/26/24,2024,CB,AZ,2,3,VD,3,0,3,0,0,0,NA,0,0,0,NA,NA,NA,NA,NA,NA,NA,NA,NA,NA,NA,NA,0.1,80,2,0.1,1,4,0.1,0.1,13,#VALUE!,100,0,2,0,0,0,5,0,0,0,13,0,0,NA,NA,NA,NA,NA,NA,0,7,20
RP_2024_AZ_2_4,RP,42.71666,-124.467,6/26/24,2024,CB,AZ,2,4,VD,2,0,2,0,2,1,NA,0,0,1,NA,NA,NA,NA,NA,NA,NA,NA,NA,NA,NA,NA,0,75,5,0,3,0,4,11,2,#VALUE!,100,0,0,0,0,0,5,0,0,0,0,0,0,NA,NA,NA,NA,NA,NA,0,5,5
RP_2024_AZ_2_5,RP,42.71666,-124.467,6/26/24,2024,CB,AZ,2,5,VD,2,0,2,0,0,0,NA,0,0,0,NA,NA,NA,NA,NA,NA,NA,NA,NA,NA,NA,NA,6,10,3,0,9,5,0,0.1,67,#VALUE!,100,0,80,0,0,0,1,0,0,0,0,0,0,NA,NA,NA,NA,NA,NA,0,81,81
RP_2024_NPZ_1_1,RP,42.71666,-124.467,6/26/24,2024,CB,NPZ,1,1,FD,30,0,0,30,1,0,NA,0,0,0,2.2,6.9,5.5,6.8,6.5,0,0,0,1,0,1,NA,0,0,0,0,10,5,2,10,73,#VALUE!,100,0,0,0,0,2,0,0,0,0,0,0,0,NA,NA,NA,NA,NA,NA,0,2,2
RP_2024_NPZ_1_2,RP,42.71666,-124.467,6/26/24,2024,CB,NPZ,1,2,VD,33,0,12,21,11,0,NA,0,1,1,3.6,3.9,4.1,4.1,4.2,0,1,1,2,1,5,NA,0,7,2,0,6,6,9,15,55,#VALUE!,100,0,0,0,0,0,0,0,0,0,3,0,0,NA,NA,NA,NA,NA,NA,0,0,3
RP_2024_NPZ_1_3,RP,42.71666,-124.467,6/26/24,2024,CB,NPZ,1,3,VD,18,0,4,14,1,0,NA,0,6,6,4.3,1.8,4.2,3.8,2.5,0,1,0,1,0,2,NA,0,9,3,0,6,0,4,7,71,#VALUE!,100,0,0,0,0,0,2,0,0,0,4,0,0,NA,NA,NA,NA,NA,NA,0,2,6
RP_2024_NPZ_1_4,RP,42.71666,-124.467,6/26/24,2024,CB,NPZ,1,4,FD,21,6,1,14,0,0,NA,0,5,5,4.9,4.9,6.4,5.6,6.1,0,0,1,2,0,3,NA,0,3,0.1,0.1,1,0,0.1,23,73,#VALUE!,100,0,0,0,0,0,1,0,0,0,0,0,0,NA,NA,NA,NA,NA,NA,0,1,1
RP_2024_NPZ_1_5,RP,42.71666,-124.467,6/26/24,2024,CB,NPZ,1,5,FD,35,1,7,27,2,0,NA,0,0,1,5,3.8,4.2,4.4,4.2,1,0,0,1,0,2,NA,0,0,0,4,6,1,0,20,69,#VALUE!,100,0,0,0,0,0,0,0,8,0,0,0,0,NA,NA,NA,NA,NA,NA,0,8,8
RP_2024_NPZ_2_1,RP,42.71666,-124.467,7/22/24,2024,CB,NPZ,2,1,VD,18,1,10,7,20,1,NA,0,0,1,4,4.2,4.6,2.1,4.6,0,0,0,1,0,1,NA,0,0,0,0,33,4,5,0,58,#VALUE!,100,0,6,0,0,0,0,0,0,0,0,0,0,NA,NA,NA,NA,NA,NA,0,6,6
RP_2024_NPZ_2_2,RP,42.71666,-124.467,7/22/24,2024,CB,NPZ,2,2,VD,10,0,10,0,13,0,NA,0,0,0,3.5,3.3,4.2,4.3,,0,0,0,1,0,1,NA,2,7,0,14,61,10,3,1,2,#VALUE!,100,20,0,0,0,0,12,0,60,0,0,0,0,NA,NA,NA,NA,NA,NA,0,92,92
RP_2024_NPZ_2_3,RP,42.71666,-124.467,7/22/24,2024,CB,NPZ,2,3,VD,45,3,12,30,25,1,NA,0,0,3,3.4,4.9,3.5,3.8,3.9,0,0,1,1,0,2,NA,0,0,0,0.1,23,4,6,10,57,#VALUE!,100,1,0,0,0,0,10,0,0,0,0,0,0,NA,NA,NA,NA,NA,NA,0,11,11
RP_2024_NPZ_2_4,RP,42.71666,-124.467,7/22/24,2024,CB,NPZ,2,4,VD,33,12,18,3,20,0,NA,0,0,0,5.1,6.7,4.7,4.9,3.1,1,0,0,1,0,2,NA,0,0,0,0,80,1,2,6,11,#VALUE!,100,0,0,0,0,0,0,0,4,0,0,0,0,NA,NA,NA,NA,NA,NA,0,4,4
RP_2024_NPZ_2_5,RP,42.71666,-124.467,7/22/24,2024,CB,NPZ,2,5,VD,33,1,5,27,7,0,NA,0,0,0,2.3,5.3,4.1,3.8,6.5,0,0,0,1,0,1,NA,3,0,0,3,16,4,3,5,66,#VALUE!,100,0,9,0,0,0,0,0,9,0,0,0,0,NA,NA,NA,NA,NA,NA,0,18,18
RP_2024_UPZ_1_1,RP,42.71666,-124.467,6/26/24,2024,CB,UPZ,1,1,FD,19,1,6,12,5,0,NA,0,2,3,5.4,5.5,5.9,4.8,4.3,0,2,0,2,0,4,NA,0,6,0,0,66,8,6,5,9,#VALUE!,100,0,0,0,0,0,1,0,0,0,0,0,0,NA,NA,NA,NA,NA,NA,0,1,1
RP_2024_UPZ_1_2,RP,42.71666,-124.467,6/26/24,2024,CB,UPZ,1,2,VD,14,1,10,3,14,2,NA,0,0,1,2.7,4.7,5.1,3.3,2.7,0,1,0,1,0,2,NA,0,5,0,5,48,15,8,0.1,19,#VALUE!,100,0,0,0,0,0,4,0,8,0,0,0,0,NA,NA,NA,NA,NA,NA,0,12,12
RP_2024_UPZ_1_3,RP,42.71666,-124.467,6/26/24,2024,CB,UPZ,1,3,VD,9,1,6,2,2,0,NA,0,0,1,2.6,4.7,4.7,5.1,2.5,0,0,1,1,0,2,NA,3,19,0,0,57,16,1,0,4,#VALUE!,100,0,9,0,0,0,0,0,0,0,0,0,0,NA,NA,NA,NA,NA,NA,0,9,9
RP_2024_UPZ_1_4,RP,42.71666,-124.467,6/26/24,2024,CB,UPZ,1,4,VB,17,7,2,8,16,0,NA,0,2,10,3.4,4,4.2,3.8,4.7,0,1,0,1,0,2,NA,0,7,0,0,76,11,2,0.1,4,#VALUE!,100,0,25,0,0,0,7,0,0,0,0,0,0,NA,NA,NA,NA,NA,NA,0,32,32
RP_2024_UPZ_1_5,RP,42.71666,-124.467,6/26/24,2024,CB,UPZ,1,5,VD,15,8,5,2,1,1,NA,0,3,11,3.1,5.9,3.3,3.3,,0,0,0,0,0,0,NA,1,34,0,0,51,6,2,0.1,6,#VALUE!,100,0,8,0,0,0,4,0,0,0,0,0,0,NA,NA,NA,NA,NA,NA,0,12,12
RP_2024_UPZ_2_1,RP,42.71666,-124.467,7/22/24,2024,CB,UPZ,2,1,VD,13,2,1,10,9,0,NA,0,0,2,6.1,5.8,5.2,6.8,4.4,0,0,0,1,0,1,NA,1,26,0,0,8,7,7,5,46,#VALUE!,100,7,0,0,0,0,0,0,0,0,0,0,0,NA,NA,NA,NA,NA,NA,0,7,7
RP_2024_UPZ_2_2,RP,42.71666,-124.467,7/22/24,2024,CB,UPZ,2,2,FD,31,12,2,17,28,2,NA,0,0,12,4.2,4.5,3.4,3.8,4.1,0,1,0,1,0,2,NA,0,5,0,0,8,3,17,4,63,#VALUE!,100,0,7,0,0,0,0,0,0,0,0,0,0,NA,NA,NA,NA,NA,NA,0,7,7
RP_2024_UPZ_2_3,RP,42.71666,-124.467,7/22/24,2024,CB,UPZ,2,3,VD,21,2,5,14,22,2,NA,0,0,3,3.7,2.9,1.8,3.4,3.4,0,0,0,1,0,1,NA,0,12,0,0,56,11,12,5,4,#VALUE!,100,0,7,0,0,0,0,0,0,0,0,0,0,NA,NA,NA,NA,NA,NA,0,7,7
RP_2024_UPZ_2_4,RP,42.71666,-124.467,7/22/24,2024,CB,UPZ,2,4,VD,12,5,2,5,20,1,NA,0,0,5,5.4,5,2.9,3.7,2.2,0,0,0,1,0,1,NA,1,11,0,4,10,5,4,3,62,#VALUE!,100,0,4,0,0,0,0,0,12,0,0,0,0,NA,NA,NA,NA,NA,NA,0,16,16
RP_2024_UPZ_2_5,RP,42.71666,-124.467,7/22/24,2024,CB,UPZ,2,5,VD,18,2,2,14,17,1,NA,0,0,2,5.2,3.9,4.9,4.6,4.2,0,0,0,0,0,0,NA,0,0,0,0,14,9,7,0,70,#VALUE!,100,3,0,0,7,0,4,0,0,0,0,4,0,NA,NA,NA,NA,NA,NA,0,18,18
CMS_2024_AZ_1_1,CMS,40.3408,-124.3633,7/20/24,2024,CM,AZ,1,1,VB,0,0,0,0,0,0,NA,0,0,0,NA,NA,NA,NA,NA,NA,NA,NA,NA,NA,NA,0,4,12,0,0,1,3,20,0,60,60,100,0,0,16,0,0,18,0,0,0,0,0,7,NA,NA,NA,NA,NA,NA,0,25,41
CMS_2024_AZ_1_2,CMS,40.3408,-124.3633,7/20/24,2024,CM,AZ,1,2,VB,2,2,0,0,1,1,NA,0,2,5,NA,NA,NA,NA,NA,NA,NA,NA,NA,NA,NA,NA,0,7,0,0,5,5,45,0,38,#VALUE!,100,0,0,20,0,0,12,0,0,0,1,0,0,NA,NA,NA,NA,NA,NA,0,12,33
CMS_2024_AZ_1_3,CMS,40.3408,-124.3633,7/20/24,2024,CM,AZ,1,3,VB,0,0,0,0,0,0,NA,0,0,0,NA,NA,NA,NA,NA,NA,NA,NA,NA,NA,NA,0,0,13,0,0,0.1,0.1,30,0,57,57,100,0,0,34,0,0,6,0,0,0,9,0,0.1,NA,NA,NA,NA,NA,NA,0,6.1,49.1
CMS_2024_AZ_1_4,CMS,40.3408,-124.3633,7/20/24,2024,CM,AZ,1,4,VB,1,1,0,0,0,0,NA,0,0,1,NA,NA,NA,NA,NA,NA,NA,NA,NA,NA,NA,NA,0,8,0,0,1,1,40,0,50,#VALUE!,100,0,0,13,0,0,11,0,0,0,0,0,0,NA,NA,NA,NA,NA,NA,0,11,24
CMS_2024_AZ_1_5,CMS,40.3408,-124.3633,7/20/24,2024,CM,AZ,1,5,VB,0,0,0,0,0,0,NA,0,0,0,NA,NA,NA,NA,NA,NA,NA,NA,NA,NA,NA,NA,0,26,0,0,3,1,58,0,12,#VALUE!,100,0,0,19,0,0,2,0,0,0,3,0,0,NA,NA,NA,NA,NA,NA,0,2,24
CMS_2024_AZ_2_1,CMS,40.3408,-124.3633,7/20/24,2024,CM,AZ,2,1,FB,3,3,0,0,1,0,NA,0,4,11,NA,NA,NA,NA,NA,NA,NA,NA,NA,NA,NA,NA,0,86,0,0,5,0,4,0,5,#VALUE!,100,0,0,6,0,0,20,0,0,0,3,0,0,NA,NA,NA,NA,NA,NA,0,20,29
CMS_2024_AZ_2_2,CMS,40.3408,-124.3633,7/20/24,2024,CM,AZ,2,2,FB,6,6,0,0,1,0,5,0,4,10,NA,NA,NA,NA,NA,NA,NA,NA,NA,NA,NA,NA,0,83,0,0,3,2,1,0.1,11,#VALUE!,100,0,0,1,0,0,1,0,0,0,0,0,0,NA,NA,NA,NA,NA,NA,0,1,2
CMS_2024_AZ_2_3,CMS,40.3408,-124.3633,7/20/24,2024,CM,AZ,2,3,VB,4,4,0,0,5,0,0,0,4,8,NA,NA,NA,NA,NA,NA,NA,NA,NA,NA,NA,NA,0,85,1,0,5,1,4,0.1,4,#VALUE!,100,0,0,0,0,0,6,0,0,0,0,0,0.1,NA,NA,NA,NA,NA,NA,0,6.1,6.1
CMS_2024_AZ_2_4,CMS,40.3408,-124.3633,7/20/24,2024,CM,AZ,2,4,VB,1,1,0,0,0,0,0,0,3,5,NA,NA,NA,NA,NA,NA,NA,NA,NA,NA,NA,NA,0,19,3,0,0,8,13,0,57,#VALUE!,100,0,0,0,0,0,6,0,0,0,7,0,0,NA,NA,NA,NA,NA,NA,0,6,13
CMS_2024_AZ_2_5,CMS,40.3408,-124.3633,7/20/24,2024,CM,AZ,2,5,VB,0,0,0,0,0,0,0,0,0,0,NA,NA,NA,NA,NA,NA,NA,NA,NA,NA,NA,0,0,3,0,0,0,0.1,15,0,82,82,100,0,0,1,0,0,0,0,0,0,15,0,0,NA,NA,NA,NA,NA,NA,0,0,16
CMS_2024_UPZ_1_1,CMS,40.3408,-124.3633,7/20/24,2024,CM,UPZ,1,1,VB,34,14,3,17,24,8,0,0,0,14,4.1,3.2,4.2,4.5,3.8,0,0,0,1,0,1,NA,6,9,0,0,70,2,1,0,12,#VALUE!,100,0,0,0,0,0,0,1,0,0,0,0,0,NA,NA,NA,NA,NA,NA,0,1,1
CMS_2024_UPZ_1_2,CMS,40.3408,-124.3633,7/20/24,2024,CM,UPZ,1,2,VB,11,10,0,1,35,NA,13,0,3,13,2.8,3.5,2.7,2.9,1.5,0,0,0,1,0,1,NA,1,16,0,0,70,5,0,0,8,#VALUE!,100,0,0,0,0,0,0,6,0,0,0,0,0,NA,NA,NA,NA,NA,NA,0,6,6
CMS_2024_UPZ_1_3,CMS,40.3408,-124.3633,7/20/24,2024,CM,UPZ,1,3,FB,49,49,0,0,40,NA,15,0,0,48,5.1,4.2,2.8,3.2,3.9,0,0,1,0,0,1,NA,8,6,0,0,70,5,2,0,9,#VALUE!,100,0,0,0,0,0,0,0,0,0,0,0,0,NA,NA,NA,NA,NA,NA,0,0,0
CMS_2024_UPZ_1_4,CMS,40.3408,-124.3633,7/20/24,2024,CM,UPZ,1,4,FB,40,11,0,29,14,NA,6,0,1,12,4.9,4.8,4.4,5.5,3.7,0,0,0,0,0,0,NA,0,0.1,0,0,77,3,7,2,11,#VALUE!,100,0,0,0,0,0,0,0,0,0,0,0,0,NA,NA,NA,NA,NA,NA,0,0,0
CMS_2024_UPZ_1_5,CMS,40.3408,-124.3633,7/20/24,2024,CM,UPZ,1,5,CB,48,4,0,44,4,NA,19,0,0,4,5.2,4.7,4.4,3.5,5.6,0,0,0,0,0,0,NA,0,0,0,0,65,0,15,0,20,#VALUE!,100,0,0,0,0,0,0,0,0,0,0,0,0,NA,NA,NA,NA,NA,NA,0,0,0
CMS_2024_UPZ_2_1,CMS,40.3408,-124.3633,7/20/24,2024,CM,UPZ,2,1,FB,6,6,0,0,12,NA,19,0,2,9,4.2,2.8,3.7,2.2,2.9,0,1,0,1,0,2,NA,1,65,0,0,24,3,1,0,6,#VALUE!,100,2,12,0,0,0,5,0,0,0,0,0,0,NA,NA,NA,NA,NA,NA,0,19,19
CMS_2024_UPZ_2_2,CMS,40.3408,-124.3633,7/20/24,2024,CM,UPZ,2,2,FB,16,7,3,6,28,NA,29,0,3,11,4.5,3.9,3.4,2.8,2,0,1,0,0,0,1,NA,0,18,0,0,27,2,4,0,49,#VALUE!,100,0,0,0,0,0,4,0,0,0,0,0,0,NA,NA,NA,NA,NA,NA,0,4,4
CMS_2024_UPZ_2_3,CMS,40.3408,-124.3633,7/20/24,2024,CM,UPZ,2,3,TP,45,41,4,0,65,NA,38,0,0,41,3.5,3.8,4.5,3.8,3.8,0,0,0,1,1,2,NA,0,6,0,0,25,0,4,3,62,#VALUE!,100,0,0,0,0,0,0,0,0,0,0,0,0,NA,NA,NA,NA,NA,NA,0,0,0
CMS_2024_UPZ_2_4,CMS,40.3408,-124.3633,7/20/24,2024,CM,UPZ,2,4,FB,6,6,0,0,9,NA,7,0,4,11,4.4,2.9,3.5,1.6,2.5,0,0,0,0,1,1,NA,0,30,0,0,30,3,3,0,34,#VALUE!,100,0,19,0,0,0,6,0,0,0,0,0,0,NA,NA,NA,NA,NA,NA,0,25,25
CMS_2024_UPZ_2_5,CMS,40.3408,-124.3633,7/20/24,2024,CM,UPZ,2,5,FB,8,7,1,0,25,NA,28,0,6,13,4.2,4.4,3,3.2,3.2,0,0,0,0,1,1,NA,0,11,0,0,81,1,4,0,3,#VALUE!,100,32,0,0,0,0,0,0,0,0,0,0,0,NA,NA,NA,NA,NA,NA,0,32,32
CMS_2024_NPZ_1_1,CMS,40.3408,-124.3633,7/20/24,2024,CM,NPZ,1,1,CD,45,45,0,0,9,0,4,0,0,45,4.7,5.5,5.1,3.8,2.7,0,0,0,1,0,1,NA,0,0,0,0,14,2,0,0,84,#VALUE!,100,0,0,0,0,0,0,0,0,0,0,0,0,NA,NA,NA,NA,NA,NA,0,0,0
CMS_2024_NPZ_1_2,CMS,40.3408,-124.3633,7/20/24,2024,CM,NPZ,1,2,CD,31,1,4,26,33,1,0,0,1,2,3.6,2.7,2.9,2.8,2.8,0,0,0,1,0,1,NA,0,4,0,0,19,0,10,0,67,#VALUE!,100,0,0,0,0,0,0,0,0,0,0,0,0,NA,NA,NA,NA,NA,NA,0,0,0
CMS_2024_NPZ_1_3,CMS,40.3408,-124.3633,7/20/24,2024,CM,NPZ,1,3,CB,46,0,3,43,11,0,0,0,0,0,6.3,6.3,4.6,5.4,4.7,0,0,0,0,0,0,NA,0,0,0,0,3,0,7,10,80,#VALUE!,100,0,0,0,0,0,0,0,0,0,0,0,0,NA,NA,NA,NA,NA,NA,0,0,0
CMS_2024_NPZ_1_4,CMS,40.3408,-124.3633,7/20/24,2024,CM,NPZ,1,4,CD,36,1,4,31,24,0,0,0,1,2,4,5.4,4.2,6.6,4.4,0,0,0,0,0,0,NA,0,2,0,0,11,2,4,2,79,#VALUE!,100,0,0,0,0,0,0,0,0,0,0,0,0,NA,NA,NA,NA,NA,NA,0,0,0
CMS_2024_NPZ_1_5,CMS,40.3408,-124.3633,7/20/24,2024,CM,NPZ,1,5,CD,56,0,2,54,8,0,0,0,0,0,4.1,2.6,3.1,4.4,3.1,0,1,0,1,1,3,NA,0,0,0,0,8,0,2,6,84,#VALUE!,100,0,0,2,0,0,4,0,0,0,0,0,0,NA,NA,NA,NA,NA,NA,0,4,6
CMS_2024_NPZ_2_1,CMS,40.3408,-124.3633,7/20/24,2024,CM,NPZ,2,1,CC,34,0,3,31,0,0,0,0,0,0,5.7,3.4,2.7,6.3,4.3,0,0,0,0,0,0,NA,0,0,0,0,4,1,0,17,78,#VALUE!,100,0,0,0,0,0,0,0,0,0,0,0,0,NA,NA,NA,NA,NA,NA,0,0,0
CMS_2024_NPZ_2_2,CMS,40.3408,-124.3633,7/20/24,2024,CM,NPZ,2,2,CC,29,0,0,29,0,0,0,0,0,0,4.4,5.3,4.8,6.1,4.2,0,0,0,0,0,0,NA,0,0,0,0,2,1,3,3,91,#VALUE!,100,0,0,0,0,0,0,0,0,0,0,0,0,NA,NA,NA,NA,NA,NA,0,0,0
CMS_2024_NPZ_2_3,CMS,40.3408,-124.3633,7/20/24,2024,CM,NPZ,2,3,CD,27,0,19,8,0,0,0,0,0,0,4.9,5.3,3.9,3.3,2.9,0,0,0,0,0,0,NA,0,0,0,0,0.1,0,0,3,97,#VALUE!,100,0,0,0,0,0,0,0,0,0,0,0,0,NA,NA,NA,NA,NA,NA,0,0,0
CMS_2024_NPZ_2_4,CMS,40.3408,-124.3633,7/20/24,2024,CM,NPZ,2,4,CD,36,0,13,23,0,0,0,0,0,0,3.2,2.7,5.9,5.4,5.6,0,0,0,0,0,0,NA,0,3,0,0,1,8,3,3,82,#VALUE!,100,0,0,0,0,0,0,0,0,0,0,0,0,NA,NA,NA,NA,NA,NA,0,0,0
CMS_2024_NPZ_2_5,CMS,40.3408,-124.3633,7/20/24,2024,CM,NPZ,2,5,CC,40,0,23,17,1,0,0,0,0,0,3.5,4.1,6.3,4.3,4.4,0,0,0,0,1,1,NA,0,0,0,0,1,0.1,0,0,99,#VALUE!,100,0,0,0,0,0,0,0,0,0,0,0,0,NA,NA,NA,NA,NA,NA,0,0,0
CMN_2024_NPZ_2_1,CMN,40.343,124.3645,7/21/24,2024,CM,NPZ,2,1,CC,38,36,0,2,6,0,NA,0,2,38,4.7,4.4,5.9,7.3,5.6,0,0,0,0,0,0,NA,0,0,0,0,9,3,3,5,80,#VALUE!,100,0,0,0,0,0,0,0,0,0,0,0,0,NA,NA,NA,NA,NA,NA,0,0,0
CMN_2024_NPZ_2_2,CMN,40.343,124.3645,7/21/14,2024,CM,NPZ,2,2,CC,20,12,0,8,11,0,NA,0,1,13,5.6,4.2,3.4,5.2,4.5,2,0,0,0,0,2,NA,0,26,0,0,11,7,4,6,46,#VALUE!,100,0,0,0,0,0,8,0,0,0,0,0,0,NA,NA,NA,NA,NA,NA,0,8,8
CMN_2024_NPZ_2_3,CMN,40.343,124.3645,7/21/24,2024,CM,NPZ,2,3,VD,30,15,0,15,8,0,NA,0,2,17,5,5.3,5.7,4.9,3.7,1,0,0,0,0,1,NA,0,20,0,0,6,0,1,0.1,73,#VALUE!,100,0,0,0,0,0,0,0,0,0,0,0,0,NA,NA,NA,NA,NA,NA,0,0,0
CMN_2024_NPZ_2_4,CMN,40.343,124.3645,7/21/14,2024,CM,NPZ,2,4,CB,22,3,0,19,0,0,NA,0,0,3,8.1,5.8,5,5.3,5.4,0,1,0,0,0,1,NA,0,14,0,0,7,0,3,8,68,#VALUE!,100,0,0,0,0,0,7,0,0,0,0,0,0,NA,NA,NA,NA,NA,NA,0,7,7
CMN_2024_NPZ_2_5,CMN,40.343,124.3645,7/21/24,2024,CM,NPZ,2,5,CB,47,0,0,47,9,0,NA,0,0,0,6.2,4.7,6.1,5.5,3,0,0,0,0,0,0,NA,0,0,0,0,1,0.1,4,32,63,#VALUE!,100,0,0,0,0,0,0,0,0,0,0,0,0,NA,NA,NA,NA,NA,NA,0,0,0
CMN_2024_AZ_2_1,CMN,40.343,124.3645,7/21/14,2024,CM,AZ,2,1,FB,0,0,0,0,0,0,NA,0,1,1,NA,NA,NA,NA,NA,NA,NA,NA,NA,NA,NA,0,0,85,0,0,0,0.1,2,0,13,13,100,0,0,26,0,0,6,0,0,0,1,0,19,NA,NA,NA,NA,NA,NA,0,25,52
CMN_2024_AZ_2_2,CMN,40.343,124.3645,7/21/24,2024,CM,AZ,2,2,FB,0,0,0,0,0,0,NA,0,4,4,NA,NA,NA,NA,NA,NA,NA,NA,NA,NA,NA,0,0,92,0,0,0.1,0.1,0.1,0,8,8,100,0,0,9,0,0,15,0,0,0,2,0,2,NA,NA,NA,NA,NA,NA,0,17,28
CMN_2024_AZ_2_3,CMN,40.343,124.3645,7/21/14,2024,CM,AZ,2,3,FB,0,0,0,0,0,0,NA,0,5,5,NA,NA,NA,NA,NA,NA,NA,NA,NA,NA,NA,0,0,88,0,0,0,1,6,0,5,5,100,0,0,16,0,0,6,0,0,0,23,0,0,NA,NA,NA,NA,NA,NA,0,6,45
CMN_2024_AZ_2_4,CMN,40.343,124.3645,7/21/24,2024,CM,AZ,2,4,FB,0,0,0,0,0,0,NA,0,1,1,NA,NA,NA,NA,NA,NA,NA,NA,NA,NA,NA,0,0,76,0,0,3,2,7,8,4,4,100,0,0,6,0,0,64,0,0,0,4,0,5,NA,NA,NA,NA,NA,NA,0,69,79
CMN_2024_AZ_2_5,CMN,40.343,124.3645,7/21/14,2024,CM,AZ,2,5,FB,0,0,0,0,0,0,NA,0,0,0,NA,NA,NA,NA,NA,NA,NA,NA,NA,NA,NA,0,0,84,0,0,0,0.1,11,2,3,3,100,0,0,4,0,0,44,0,0,0,0,0,5,NA,NA,NA,NA,NA,NA,0,49,53
CMN_2024_AZ_1_1,CMN,40.343,124.3645,7/21/04,2024,CM,AZ,1,1,VB,0,0,0,0,0,0,NA,0,0,0,NA,NA,NA,NA,NA,NA,NA,NA,NA,NA,NA,0,0,86,0,0,6,0,0,4,4,4,100,0,0,0,0,0,100,0,0,0,0,0,0,NA,NA,NA,NA,NA,NA,0,100,100
CMN_2024_AZ_1_2,CMN,40.343,124.3645,7/21/94,2024,CM,AZ,1,2,VB,0,0,0,0,0,0,NA,0,0,0,NA,NA,NA,NA,NA,NA,NA,NA,NA,NA,NA,0,0,92,0,0,5,0.1,0,0,3,3,100,0,0,9,0,0,94,0,0,0,0,0,0,NA,NA,NA,NA,NA,NA,0,94,103
CMN_2024_AZ_1_3,CMN,40.343,124.3645,7/21/84,2024,CM,AZ,1,3,VB,0,0,0,0,0,0,NA,0,0,0,NA,NA,NA,NA,NA,NA,NA,NA,NA,NA,NA,0,0,92,0,0,4,0,0,4,0,0,100,0,0,0,0,0,98,0,0,0,0,0,0,NA,NA,NA,NA,NA,NA,0,98,98
CMN_2024_AZ_1_4,CMN,40.343,124.3645,7/21/74,2024,CM,AZ,1,4,VB,0,0,0,0,0,0,NA,0,0,0,NA,NA,NA,NA,NA,NA,NA,NA,NA,NA,NA,0,0,83,0,0,7,5,0.1,2,3,3,100,0,0,0,0,0,96,0,0,0,0,0,0,NA,NA,NA,NA,NA,NA,0,96,96
CMN_2024_AZ_1_5,CMN,40.343,124.3645,7/21/64,2024,CM,AZ,1,5,VB,0,0,0,0,0,0,NA,0,0,0,NA,NA,NA,NA,NA,NA,NA,NA,NA,NA,NA,0,0,89,0,0,6,0.1,0.1,4,1,1,100,0,0,0,0,0,92,0,0,0,0,0,0,NA,NA,NA,NA,NA,NA,0,92,92
CMN_2024_UPZ_1_1,CMN,40.343,124.3645,7/21/54,2024,CM,UPZ,1,1,VB,15,15,0,0,21,21,NA,0,7,22,2.3,3.9,3.9,4.3,1.7,1,0,0,0,0,1,NA,0,47,0,0,36,9,1,0.1,7,#VALUE!,100,0,18,0,0,0,0,0,0,0,0,0,0,NA,NA,NA,NA,NA,NA,0,18,18
CMN_2024_UPZ_1_2,CMN,40.343,124.3645,7/21/44,2024,CM,UPZ,1,2,VB,13,13,0,0,13,0,NA,0,9,22,5,4.9,3.2,2.8,3,0,1,0,0,0,1,NA,0,53,0,0,35,2,2,0,8,#VALUE!,100,0,0,0,0,0,0,0,0,0,0,0,0,NA,NA,NA,NA,NA,NA,0,0,0
CMN_2024_UPZ_1_3,CMN,40.343,124.3645,7/21/34,2024,CM,UPZ,1,3,VB,27,27,0,0,1,0,NA,0,9,36,4.3,4.6,4.3,3.6,5.5,0,0,0,0,0,0,NA,0,5,0,0,17,3,3,0.1,72,#VALUE!,100,0,22,0,0,0,0,1,0,0,0,0,0,NA,NA,NA,NA,NA,NA,0,23,23
CMN_2024_UPZ_1_4,CMN,40.343,124.3645,7/21/24,2024,CM,UPZ,1,4,VB,18,18,0,0,28,3,NA,0,4,22,2.4,2.8,3,2.9,2.9,0,0,1,0,0,1,NA,0,11,0,0,82,0.1,2,0,5,#VALUE!,100,0,0,0,0,0,0,0,0,0,0,0,0,NA,NA,NA,NA,NA,NA,0,0,0
CMN_2024_UPZ_1_5,CMN,40.343,124.3645,7/21/14,2024,CM,UPZ,1,5,VB,8,7,1,0,30,30,NA,0,4,11,3.2,2.7,2.4,3.8,2.2,0,0,1,0,0,1,NA,4,7,0,0,80,1,1,1,6,#VALUE!,100,0,8,0,0,0,0,0,0,0,0,0,0,NA,NA,NA,NA,NA,NA,0,8,8
CMN_2024_UPZ_2_1,CMN,40.343,124.3645,7/21/04,2024,CM,UPZ,2,1,VB,13,10,3,0,18,0,NA,0,0,10,4.2,3.6,3.3,4.8,4.5,0,1,0,0,0,1,NA,0,0,0,0,86,0,5,0,9,#VALUE!,100,0,0,0,0,0,0,0,0,0,0,0,0,NA,NA,NA,NA,NA,NA,0,0,0
CMN_2024_UPZ_2_2,CMN,40.343,124.3645,7/21/14,2024,CM,UPZ,2,2,VB,31,23,0,8,7,0,NA,0,2,25,5.8,4,5.2,4.3,4.1,0,2,0,0,0,2,NA,0,5,0,0,86,7,2,0,0,#VALUE!,100,0,0,0,0,0,0,0,0,0,0,0,0,NA,NA,NA,NA,NA,NA,0,0,0
CMN_2024_UPZ_2_3,CMN,40.343,124.3645,7/21/24,2024,CM,UPZ,2,3,VB,13,10,0,3,18,0,NA,0,2,12,4.7,3.6,5.3,4.4,4.4,0,0,0,0,0,0,NA,0,11,0,0,15,3,0,0,71,#VALUE!,100,0,0,0,0,0,2,0,0,0,0,0,0,NA,NA,NA,NA,NA,NA,0,2,2
CMN_2024_UPZ_2_4,CMN,40.343,124.3645,7/21/14,2024,CM,UPZ,2,4,VB,31,23,0,8,42,0,NA,0,0,23,4.3,3.6,6.9,7,5.5,0,1,0,0,0,1,NA,0,3,0,0,85,2,0.1,0,10,#VALUE!,100,0,0,0,0,0,0,0,0,0,0,0,0,NA,NA,NA,NA,NA,NA,0,0,0
CMN_2024_UPZ_2_5,CMN,40.343,124.3645,7/21/24,2024,CM,UPZ,2,5,CB,20,13,7,0,14,0,NA,0,1,14,6.1,6.9,6.1,4.7,6.8,0,1,0,0,0,1,NA,0,7,0,0,15,1,3,0.1,74,#VALUE!,100,0,0,0,0,0,0,0,0,0,0,0,0,NA,NA,NA,NA,NA,NA,0,0,0
CMN_2024_NPZ_1_1,CMN,40.343,124.3645,7/21/14,2024,CM,NPZ,1,1,VB,26,0,0,26,7,0,NA,0,0,0,5.9,4.6,6.8,6,6.3,1,0,0,0,0,1,NA,0,0,0,0,77,3,12,0,8,#VALUE!,100,0,0,0,0,0,0,0,0,0,0,0,0,NA,NA,NA,NA,NA,NA,0,0,0
CMN_2024_NPZ_1_2,CMN,40.343,124.3645,7/21/24,2024,CM,NPZ,1,2,VB,32,0,0,32,29,0,NA,0,0,0,6.1,6.5,4,4.2,4.2,0,0,0,0,0,0,NA,0,0,0,0,90,2,1,0.1,7,#VALUE!,100,0,0,0,0,0,0,0,0,0,0,0,0,NA,NA,NA,NA,NA,NA,0,0,0
CMN_2024_NPZ_1_3,CMN,40.343,124.3645,7/21/14,2024,CM,NPZ,1,3,WB,30,29,0,1,32,0,NA,0,2,31,4.3,4.9,4.4,4.8,5,0,0,0,0,0,0,NA,0,5,0,0,11,0.1,2,0,82,#VALUE!,100,0,0,0,0,0,0,0,0,0,0,0,0,NA,NA,NA,NA,NA,NA,0,0,0
CMN_2024_NPZ_1_4,CMN,40.343,124.3645,7/21/24,2024,CM,NPZ,1,4,WB,35,17,7,11,11,0,NA,0,1,18,3.7,3.3,4.1,5.8,4,0,3,0,0,0,3,NA,0,24,0,0,12,0.1,3,2,59,#VALUE!,100,0,0,3,0,0,12,0,0,0,0,0,0,NA,NA,NA,NA,NA,NA,0,12,15
CMN_2024_NPZ_1_5,CMN,40.343,124.3645,7/21/14,2024,CM,NPZ,1,5,VB,20,4,14,2,18,0,NA,0,0,4,5.2,4.3,4.1,4.7,3.6,0,1,1,0,0,2,NA,0,80,0.1,0,5,1,3,0.1,11,#VALUE!,100,0,0,0,0,0,20,1,0,0,0,0,0,NA,NA,NA,NA,NA,NA,0,21,21
FC_2024_UPZ_1_1,FC,44.8386,-124.05875,8/2/24,2024,CF,UPZ,1,1,VB,57,57,0,0,3,3,NA,0,2,60,4.6,4.8,3.4,5,3.5,2,0,0,1,0,3,NA,0,17,1,0,7,0,7,0,68,#VALUE!,100,0,0,0,1,0,0,1,0,0,0,0,0,NA,NA,NA,NA,NA,NA,0,2,2
FC_2024_UPZ_1_2,FC,44.8386,-124.05875,8/2/24,2024,CF,UPZ,1,2,FB,10,10,0,0,0,0,NA,0,3,17,5.1,3.9,3.3,2.8,,0,1,0,0,0,1,NA,0,61,0,0,9,5,14,0,11,#VALUE!,100,0,0,0,0,0,0,0,0,0,0,0,0,NA,NA,NA,NA,NA,NA,0,0,0
FC_2024_UPZ_1_3,FC,44.8386,-124.05875,8/2/24,2024,CF,UPZ,1,3,FB,16,16,0,0,1,1,NA,0,4,20,3,3.1,3.8,3.1,2.5,1,0,0,0,0,1,NA,0,72,0,0,6,3,14,0,5,#VALUE!,100,0,0,0,3,0,0,0,0,0,0,0,0,NA,NA,NA,NA,NA,NA,0,3,3
FC_2024_UPZ_1_4,FC,44.8386,-124.05875,8/2/24,2024,CF,UPZ,1,4,VB,20,20,0,0,0,0,NA,0,3,23,NA,NA,NA,NA,NA,0,0,0,0,0,0,NA,0,73,0,0,13,0.1,14,0,0,#VALUE!,100,0,0,0,0,0,6,0.1,0,0,0,0,0,NA,NA,NA,NA,NA,NA,0,6.1,6.1
FC_2024_UPZ_1_5,FC,44.8386,-124.05875,8/2/24,2024,CF,UPZ,1,5,VB,17,16,1,0,0,0,NA,0,1,17,3.1,2.1,2.2,3.2,3.3,0,0,0,0,0,0,NA,3,60,0,0,5,2,22,4,4,#VALUE!,100,0,20,0,0,0,20,0,0,0,0,0,0,NA,NA,NA,NA,NA,NA,0,40,40
FC_2024_UPZ_2_1,FC,44.8386,-124.05875,8/18/24,2024,CF,UPZ,2,1,FB,3,3,0,0,0,0,NA,0,1,4,3.393,NA,NA,NA,NA,0,0,0,0,0,0,NA,1,67,0,0,7,6,17,0,2,#VALUE!,100,0,0,0,0,0,0,0,8,0,0,0,0,NA,NA,NA,NA,NA,NA,0,8,8
FC_2024_UPZ_2_2,FC,44.8386,-124.05875,8/18/24,2024,CF,UPZ,2,2,FB,9,9,0,0,0,0,NA,0,5,14,3.949,3.891,NA,NA,NA,0,0,0,0,0,0,NA,9,67,0,0,3,2,15,0,4,#VALUE!,100,0,1,0,23,0,0,2,0,0,0,0,0,NA,NA,NA,NA,NA,NA,0,26,26
FC_2024_UPZ_2_3,FC,44.8386,-124.05875,8/18/24,2024,CF,UPZ,2,3,FB,18,18,0,0,0,0,NA,0,2,20,3.5,3.8,4.1,4.5,3.9,2,0,0,0,0,2,NA,1,69,0,0,3,3,18,0,6,#VALUE!,100,0,2,0,3,0,0,2,0,0,0,0,0,NA,NA,NA,NA,NA,NA,1,7,7
FC_2024_UPZ_2_4,FC,44.8386,-124.05875,8/18/24,2024,CF,UPZ,2,4,FB,25,25,0,0,0,0,NA,0,0,25,2.8,3.6,4.9,3.8,3.2,1,0,1,0,0,2,NA,7,61,0,0,3,4,16,0,9,#VALUE!,100,0,3,0,10,0,6,4,0,0,0,0,0,NA,NA,NA,NA,NA,NA,0,23,23
FC_2024_UPZ_2_5,FC,44.8386,-124.05875,8/18/24,2024,CF,UPZ,2,5,FB,1,1,0,0,0,0,NA,0,0,1,4.634,NA,NA,NA,NA,0,0,0,0,0,0,NA,6,80,0,0,4,2,8,0,0,#VALUE!,100,0,0,0,30,0,6,0,2,0,0,0,0,NA,NA,NA,NA,NA,NA,0,38,38
FC_2024_AZ_1_1,FC,44.8386,-124.05875,8/18/24,2024,CF,AZ,1,1,FB,11,11,0,0,0,0,NA,0,0,11,NA,NA,NA,NA,NA,NA,NA,NA,NA,NA,NA,NA,5,79,0,0,4,8,0,0,4,#VALUE!,100,0,0,0,0,0,6,4,70,0,0,14,0,NA,NA,NA,NA,NA,NA,0,94,94
FC_2024_AZ_1_2,FC,44.8386,-124.05875,8/18/24,2024,CF,AZ,1,2,FB,8,8,0,0,0,0,NA,0,0,8,NA,NA,NA,NA,NA,NA,NA,NA,NA,NA,NA,NA,6,86,0,0,3,3,0,0,2,#VALUE!,100,0,5,0,0,0,0,16,72,0,0,15,0,NA,NA,NA,NA,NA,NA,0,108,108
FC_2024_AZ_1_3,FC,44.8386,-124.05875,8/18/24,2024,CF,AZ,1,3,FB,11,11,0,0,0,0,NA,0,4,15,NA,NA,NA,NA,NA,NA,NA,NA,NA,NA,NA,NA,8,79,0,0,3,1,5,0,4,#VALUE!,100,0,52,0,0,0,2,0,0,0,0,0,0,NA,NA,NA,NA,NA,NA,0,54,54
FC_2024_AZ_1_4,FC,44.8386,-124.05875,8/18/24,2024,CF,AZ,1,4,FB,6,6,0,0,2,2,NA,0,2,8,NA,NA,NA,NA,NA,NA,NA,NA,NA,NA,NA,NA,12,77,0,0,7,2,0,0,2,#VALUE!,100,0,5,0,3,0,0,0,0,0,0,75,0,NA,NA,NA,NA,NA,NA,0,83,83
FC_2024_AZ_1_5,FC,44.8386,-124.05875,8/18/24,2024,CF,AZ,1,5,FB,3,3,0,0,0,0,NA,0,7,10,NA,NA,NA,NA,NA,NA,NA,NA,NA,NA,NA,NA,0,91,0,0,4,1,1,0.1,3,#VALUE!,100,0,0,0,0,0,6,0,0,0,0,40,0,NA,NA,NA,NA,NA,NA,0,46,46
FC_2024_AZ_2_1,FC,44.8386,-124.05875,8/18/24,2024,CF,AZ,2,1,FB,1,0,0,0,1,0,NA,0,1,1,NA,NA,NA,NA,NA,NA,NA,NA,NA,NA,NA,NA,15,76,0,0,3,2,2,0,2,#VALUE!,100,100,90,0,0,10,10,0,0,0,0,0,0,NA,NA,NA,NA,NA,NA,0,210,210
FC_2024_AZ_2_2,FC,44.8386,-124.05875,8/18/24,2024,CF,AZ,2,2,FB,0,0,0,0,0,0,NA,0,0,0,NA,NA,NA,NA,NA,NA,NA,NA,NA,NA,NA,0,5,4,0,75,2,2,4,0,8,8,100,38,85,0,0,0,0,0,62,0,0,0,0,NA,NA,NA,NA,NA,NA,0,185,185
FC_2024_AZ_2_3,FC,44.8386,-124.05875,8/18/24,2024,CF,AZ,2,3,FB,1,0,0,0,1,1,NA,0,0,0,NA,NA,NA,NA,NA,NA,NA,NA,NA,NA,NA,NA,0,6,0,79,2,2,10,0,1,#VALUE!,100,15,0,0,0,12,6,0,94,0,0,0,0,NA,NA,NA,NA,NA,NA,7,127,127
FC_2024_AZ_2_4,FC,44.8386,-124.05875,8/18/24,2024,CF,AZ,2,4,FB,0,0,0,0,0,0,NA,0,0,0,NA,NA,NA,NA,NA,NA,NA,NA,NA,NA,NA,0,3,15,0,66,1,5,7,0,3,3,100,25,25,0,0,20,5,0,82,0,0,0,0,NA,NA,NA,NA,NA,NA,0,157,157
FC_2024_AZ_2_5,FC,44.8386,-124.05875,8/18/24,2024,CF,AZ,2,5,FB,0,0,0,0,0,0,NA,0,2,2,NA,NA,NA,NA,NA,NA,NA,NA,NA,NA,NA,0,0,12,0,0,6,8,1,8,65,65,100,0,0,0,0,0,10,0,52,0,0,0,0,NA,NA,NA,NA,NA,NA,0,62,62
WC_2024_AZ_1_1,WC,42.2229,-124.383,8/20/24,2024,SO,AZ,1,1,VD,3,0,3,0,1,,NA,0,5,5,NA,NA,NA,NA,NA,NA,NA,NA,NA,NA,NA,NA,0,86,8,0,2,2,1,0,1,#VALUE!,100,0,3,0,0,0,20,0,0,0,0,0,0,NA,NA,NA,NA,NA,NA,0,23,23
WC_2024_AZ_1_2,WC,42.2229,-124.383,8/20/24,2024,SO,AZ,1,2,VD,1,0,1,0,0,,NA,0,2,2,NA,NA,NA,NA,NA,NA,NA,NA,NA,NA,NA,NA,1,88,8,0,0.1,1,1,0.1,1,#VALUE!,100,7,0,10,0,0,12,0,0,0,8,0,0,NA,NA,NA,NA,NA,NA,0,19,37
WC_2024_AZ_1_3,WC,42.2229,-124.383,8/20/24,2024,SO,AZ,1,3,FD,2,0,0,2,0,,NA,0,0,0,NA,NA,NA,NA,NA,NA,NA,NA,NA,NA,NA,NA,0,71,14,5,3,3,0,0.1,4,#VALUE!,100,0,0,0,0,0,4,0,5,0,0,0,0,NA,NA,NA,NA,NA,NA,0,9,9
WC_2024_AZ_1_4,WC,42.2229,-124.383,8/20/24,2024,SO,AZ,1,4,VD,6,0,3,3,2,,NA,0,0,0,NA,NA,NA,NA,NA,NA,NA,NA,NA,NA,NA,NA,0,16,5,0,7,8,10,0.1,54,#VALUE!,100,0,0,3,0,0,8,0,0.1,0,0,0,0,NA,NA,NA,NA,NA,NA,0,8.1,11.1
WC_2024_AZ_1_5,WC,42.2229,-124.383,8/20/24,2024,SO,AZ,1,5,VD,0,0,0,0,0,,NA,0,2,2,NA,NA,NA,NA,NA,NA,NA,NA,NA,NA,NA,0,6,79,1,0,2,2,9,0.1,1,1,100,0,30,19,0,0,6,0,0,0,2,0,0,NA,NA,NA,NA,NA,NA,0,36,57
WC_2024_AZ_2_1,WC,42.2229,-124.383,8/20/24,2024,SO,AZ,2,1,VB,0,0,0,0,0,0,NA,0,0,0,NA,NA,NA,NA,NA,NA,NA,NA,NA,NA,NA,0,0,89,8,0,0,0,0,1,2,2,100,0,0,5,0,0,8,0,0,0,0,0,0,NA,NA,NA,NA,NA,NA,0,8,13
WC_2024_AZ_2_2,WC,42.2229,-124.383,8/20/24,2024,SO,AZ,2,2,FB,0,0,0,0,0,0,NA,0,0,0,NA,NA,NA,NA,NA,NA,NA,NA,NA,NA,NA,0,0,96,0,0,0,0,0,0,4,4,100,0,0,4,0,0,29,0,0,0,0,0,3,NA,NA,NA,NA,NA,NA,0,32,36
WC_2024_AZ_2_3,WC,42.2229,-124.383,8/20/24,2024,SO,AZ,2,3,VB,0,0,0,0,0,0,NA,0,0,0,NA,NA,NA,NA,NA,NA,NA,NA,NA,NA,NA,0,0,88,5,0,0,1,1,0,5,5,100,0,2,5,0,0,23,0,0,0,0,0,4,NA,NA,NA,NA,NA,NA,0,29,34
WC_2024_AZ_2_4,WC,42.2229,-124.383,8/20/24,2024,SO,AZ,2,4,FB,0,0,0,0,0,0,NA,0,0,0,NA,NA,NA,NA,NA,NA,NA,NA,NA,NA,NA,0,0,97,3,0,0,0,0,0,0,0,100,0,0,0,0,0,19,0,0,0,14,0,8,NA,NA,NA,NA,NA,NA,0,27,41
WC_2024_AZ_2_5,WC,42.2229,-124.383,8/20/24,2024,SO,AZ,2,5,FB,0,0,0,0,0,0,NA,0,0,0,NA,NA,NA,NA,NA,NA,NA,NA,NA,NA,NA,0,0,100,0,0,0,0,0,0,0,0,100,0,0,2,0,0,85,0,0,0,2,0,3,NA,NA,NA,NA,NA,NA,0,88,92
WC_2024_UPZ_1_1,WC,42.2229,-124.383,8/20/24,2024,SO,UPZ,1,1,FB,21,19,0,2,NA,NA,NA,0,5,24,5.6,4.3,3.8,3.1,4.6,0,0,0,0,0,0,NA,0,11,0,0,6,4,3,0,76,#VALUE!,100,0,0,0,0,0,0,0,0,0,0,0,0,NA,NA,NA,NA,NA,NA,0,0,0
WC_2024_UPZ_1_2,WC,42.2229,-124.383,8/20/24,2024,SO,UPZ,1,2,FB,9,5,1,3,NA,NA,NA,0,NA,NA,4.7,1.7,5.7,6.2,3.3,0,1,0,0,0,1,NA,2,91,1,0,2,0.1,0,0,4,#VALUE!,100,6,5,14,0,0,9,4,0,0,0,0,0,NA,NA,NA,NA,NA,NA,0,24,38
WC_2024_UPZ_1_3,WC,42.2229,-124.383,8/20/24,2024,SO,UPZ,1,3,VB,10,7,1,2,3,3,NA,0,6,NA,7.9,3.6,4.2,5,3.6,0,0,0,0,1,1,NA,0,33,1,0,3,0,0,0,63,#VALUE!,100,0,0,6,0,0,10,0,0,0,0,0,0,NA,NA,NA,NA,NA,NA,0,10,16
WC_2024_UPZ_1_4,WC,42.2229,-124.383,8/20/24,2024,SO,UPZ,1,4,VD,3,1,0,2,NA,NA,NA,0,5,6,7.3,2.1,,,,0,0,0,0,0,0,NA,1,4,0,0,7,1,1,0,86,#VALUE!,100,0,0,0,0,0,0,0,0,0,0,0,0,7,NA,NA,NA,NA,NA,0,7,7
WC_2024_UPZ_1_5,WC,42.2229,-124.383,8/20/24,2024,SO,UPZ,1,5,VD,24,2,5,17,NA,NA,NA,0,13,15,3.1,3.8,4.4,5.3,5,0,0,0,0,0,0,NA,0,2,0,0,13,6,0,0,79,#VALUE!,100,0,0,0,0,0,0,0,0,0,0,0,0,0,NA,NA,NA,NA,NA,0,0,0
WC_2024_UPZ_2_1,WC,42.2229,-124.383,8/20/24,2024,SO,UPZ,2,1,VB,9,9,0,0,NA,NA,NA,0,0,9,5.8,4.2,3.9,5.1,,0,1,0,0,1,2,NA,5,82,0.1,0,4,0,0.1,0.1,9,#VALUE!,100,0,5,0,0,11,10,2,0,0,0,0,0,0,NA,NA,NA,NA,NA,0,28,28
WC_2024_UPZ_2_2,WC,42.2229,-124.383,8/20/24,2024,SO,UPZ,2,2,FB,10,8,0,2,11,11,NA,0,1,NA,5.1,4.6,2.3,4.9,4.9,0,0,0,0,1,1,NA,5,69,1,0,6,2,3,0.1,14,#VALUE!,100,2,4,0,0,8,5,8,0,0,0,0,0,0,NA,NA,NA,NA,NA,0,27,27
WC_2024_UPZ_2_3,WC,42.2229,-124.383,8/20/24,2024,SO,UPZ,2,3,CD,14,0,6,8,NA,NA,NA,0,0,0,5,5.3,5.9,4,4,0,0,0,0,0,0,NA,0,0,0,0,24,5,0,0,71,#VALUE!,100,0,0,0,0,0,0,0,0,0,0,0,0,0,NA,NA,NA,NA,NA,0,0,0
WC_2024_UPZ_2_4,WC,42.2229,-124.383,8/20/24,2024,SO,UPZ,2,4,VD,19,3,0,16,0,0,NA,0,15,18,2.7,4.9,4.9,4.5,4.5,0,0,0,0,0,0,NA,0,12,0,0,9,4,1,0,74,#VALUE!,100,0,0,0,0,0,0,0,0,0,0,0,0,0,NA,NA,NA,NA,NA,0,0,0
WC_2024_UPZ_2_5,WC,42.2229,-124.383,8/20/24,2024,SO,UPZ,2,5,VD,8,4,0,4,0,0,NA,0,4,8,6.1,5.3,3.6,,,0,0,0,0,0,0,NA,7,64,0,0,4,0,0,0,25,#VALUE!,100,0,0,2,0,0,5,15,0,0,0,0,0,18,NA,NA,NA,NA,NA,0,38,40
WC_2024_NPZ_1_1,WC,42.2229,-124.383,8/20/24,2024,SO,NPZ,1,1,VD,24,5,19,0,0,0,NA,0,13,NA,5.1,5.1,4.9,4.7,4.8,0,0,0,0,0,0,NA,0,2,0.1,0,16,2,3,0,77,#VALUE!,100,0,0,0,0,0,0,0,0,0,0,0,0,0,NA,NA,NA,NA,NA,0,0,0
WC_2024_NPZ_1_2,WC,42.2229,-124.383,8/20/24,2024,SO,NPZ,1,2,VD,26,2,17,7,2,1,NA,0,0,2,5.1,5.8,4.6,4.6,5.4,0,0,0,0,0,0,NA,0,2,0,0,29,2,0,0,67,#VALUE!,100,0,0,0,0,0,0,0,0,0,0,0,0,0,NA,NA,NA,NA,NA,0,0,0
WC_2024_NPZ_1_3,WC,42.2229,-124.383,8/20/24,2024,SO,NPZ,1,3,VD,52,5,0,47,6,2,NA,1,1,NA,5.5,5.4,5.1,5,4.7,0,0,0,0,0,0,NA,3,0.1,0,0,8,6,0,0,83,#VALUE!,100,0,0,0,0,0,0,6,0,0,0,0,0,0,NA,NA,NA,NA,NA,0,6,6
WC_2024_NPZ_1_4,WC,42.2229,-124.383,8/20/24,2024,SO,NPZ,1,4,VD,12,3,9,0,NA,NA,NA,0,0,NA,6.1,6.6,4.9,3.4,4.1,1,0,0,0,1,2,NA,20,7,0,0,14,0.1,2,0,57,#VALUE!,100,0,0,0,0,0,3,0,0,0,0,1,0,60,NA,NA,NA,NA,NA,0,64,64
WC_2024_NPZ_1_5,WC,42.2229,-124.383,8/20/24,2024,SO,NPZ,1,5,VD,24,0,7,17,NA,NA,NA,0,1,1,4,4.5,4.7,5.9,3.9,0,0,0,0,0,0,NA,0,2,0,0,9,9,0,0,80,#VALUE!,100,0,0,0,0,0,0,0,0,0,0,0,0,0,NA,NA,NA,NA,NA,0,0,0
WC_2024_NPZ_2_1,WC,42.2229,-124.383,8/20/24,2024,SO,NPZ,2,1,CD,27,0,0,27,1,NA,NA,0,0,0,6.5,6.1,5.8,6.3,5.6,0,0,0,0,1,1,NA,0,0,0,0,2,1,0,0,97,#VALUE!,100,0,0,0,0,0,0,0,0,0,0,0,0,0,NA,NA,NA,NA,NA,0,0,0
WC_2024_NPZ_2_2,WC,42.2229,-124.383,8/20/24,2024,SO,NPZ,2,2,VB,7,0,0,7,NA,NA,NA,0,0,0,4.1,5.7,5.4,6.1,3.8,0,0,0,0,0,0,NA,0,0,0,0,5,3,0,0,92,#VALUE!,100,0,0,0,0,0,0,0,0,0,0,0,0,0,NA,NA,NA,NA,NA,0,0,0
WC_2024_NPZ_2_3,WC,42.2229,-124.383,8/20/24,2024,SO,NPZ,2,3,VB,5,4,0,1,NA,NA,NA,0,6,10,6.3,6.4,5.6,5.6,4.5,0,0,0,0,1,1,NA,0,0,0,18,2,1,0,2,77,#VALUE!,100,0,0,0,0,0,0,0,5,0,0,0,0,0,NA,NA,NA,NA,NA,0,5,5
WC_2024_NPZ_2_4,WC,42.2229,-124.383,8/20/24,2024,SO,NPZ,2,4,FB,20,4,2,14,NA,NA,NA,1,0,4,6,4.3,5.4,6.4,5.1,0,0,0,0,1,1,NA,0,3,0,0.1,7,4,0,0,86,#VALUE!,100,0,0,0,0,0,0,0,0.1,0,0,0,0,0,NA,NA,NA,NA,NA,0,0.1,0.1
WC_2024_NPZ_2_5,WC,42.2229,-124.383,8/20/24,2024,SO,NPZ,2,5,VB,19,2,3,14,1,NA,NA,0,1,3,7.5,5.4,6.5,6.6,4.4,0,0,0,0,0,0,NA,0,11,0,0,4,1,0,5,79,#VALUE!,100,0,0,0,0,0,0,0,0,0,0,0,0,4,NA,NA,NA,NA,NA,0,4,4
CP_2024_AZ_1_1,CP,42.0434,-124.2899,8/19/24,2024,SO,AZ,1,1,VB,0,0,0,0,NA,NA,NA,0,0,0,NA,NA,NA,NA,NA,NA,NA,NA,NA,NA,NA,0,0,100,0,0,0,0,0,0,0,0,100,0,7,16,0,0,15,0,0,0,3,0,0,NA,NA,NA,NA,NA,NA,0,22,41
CP_2024_AZ_1_2,CP,42.0434,-124.2899,8/19/24,2024,SO,AZ,1,2,FB,0,0,0,0,NA,NA,NA,0,0,0,NA,NA,NA,NA,NA,NA,NA,NA,NA,NA,NA,0,2,92,0,6,0,0,0,0,0,0,100,0,7,0,6,12,2,0,26,0,0,0,0,NA,NA,NA,NA,NA,NA,0,53,53
CP_2024_AZ_1_3,CP,42.0434,-124.2899,8/19/24,2024,SO,AZ,1,3,VB,0,0,0,0,NA,NA,NA,0,0,0,NA,NA,NA,NA,NA,NA,NA,NA,NA,NA,NA,0,0,98,2,0,0,0,0,0,0,0,100,40,0,0,0,24,20,0,0,0,0,0,0,NA,NA,NA,NA,NA,NA,0,84,84
CP_2024_AZ_1_4,CP,42.0434,-124.2899,8/19/24,2024,SO,AZ,1,4,FB,0,0,0,0,NA,NA,NA,0,0,0,NA,NA,NA,NA,NA,NA,NA,NA,NA,NA,NA,0,0,95,2,0,0,0.1,0,0,3,3,100,0,0,20,0,0,37,0,0,0,0,0,0,NA,NA,NA,NA,NA,NA,0,37,57
CP_2024_AZ_1_5,CP,42.0434,-124.2899,8/19/24,2024,SO,AZ,1,5,VB,0,0,0,0,NA,NA,NA,0,0,0,NA,NA,NA,NA,NA,NA,NA,NA,NA,NA,NA,0,0,100,0,0,0,0,0,0,0,0,100,47,20,0,0,0,0,0,0,0,0,0,0,NA,NA,NA,NA,NA,NA,0,67,67
CP_2024_AZ_2_1,CP,42.0434,-124.2899,8/19/24,2024,SO,AZ,2,1,VB,0,0,0,0,NA,NA,NA,0,0,0,NA,NA,NA,NA,NA,NA,NA,NA,NA,NA,NA,0,0,100,0,0,0,0,0,0,0,0,100,0,0,7,0,0,22,0,0,0,0,0,0,NA,NA,NA,NA,NA,NA,0,22,29
CP_2024_AZ_2_2,CP,42.0434,-124.2899,8/19/24,2024,SO,AZ,2,2,VB,0,0,0,0,NA,NA,NA,0,0,0,NA,NA,NA,NA,NA,NA,NA,NA,NA,NA,NA,0,0,96,0,0,3,0,0,0,1,1,100,81,11,2,0,0,10,0,0,0,0,0,0,NA,NA,NA,NA,NA,NA,0,102,104
CP_2024_AZ_2_3,CP,42.0434,-124.2899,8/19/24,2024,SO,AZ,2,3,VB,0,0,0,0,NA,NA,NA,0,0,0,NA,NA,NA,NA,NA,NA,NA,NA,NA,NA,NA,0,0,96,0,4,0,0,0,0,0,0,100,28,0,0,0,0,17,0,13,4,0,0,0,NA,NA,NA,NA,NA,NA,0,62,62
CP_2024_AZ_2_4,CP,42.0434,-124.2899,8/19/24,2024,SO,AZ,2,4,VB,0,0,0,0,NA,NA,NA,0,0,0,NA,NA,NA,NA,NA,NA,NA,NA,NA,NA,NA,0,0,98,1,0,0,0,0,0,1,1,100,22,0,8,0,0,10,0,0,27,0,0,0,NA,NA,NA,NA,NA,NA,1,59,67
CP_2024_AZ_2_5,CP,42.0434,-124.2899,8/19/24,2024,SO,AZ,2,5,FB,0,0,0,0,NA,NA,NA,0,0,0,NA,NA,NA,NA,NA,NA,NA,NA,NA,NA,NA,0,0,98,2,0,0,0,0,0,0,0,100,18,0,0,0,0,13,0,0,0,0,0,0,NA,NA,NA,NA,NA,NA,0,31,31
CP_2024_UPZ_1_1,CP,42.0434,-124.2899,8/19/24,2024,SO,UPZ,1,1,VD,17,11,4,2,NA,NA,NA,0,1,11,4.118,4.354,3.906,4.311,4.277,0,0,0,0,0,0,NA,0,57,0,1,22,7,3,0,10,#VALUE!,100,0,0,0,0,0,0,0,2,0,0,6,0,NA,NA,NA,NA,NA,NA,0,8,8
CP_2024_UPZ_1_2,CP,42.0434,-124.2899,8/19/24,2024,SO,UPZ,1,2,VD,23,23,0,0,NA,NA,NA,0,1,24,3.332,3.474,2.693,3.801,3.949,0,0,1,0,0,1,NA,0,74,0,0,7,1,3,0,15,#VALUE!,100,0,0,0,13,0,0,0,0,0,0,0,0,NA,NA,NA,NA,NA,NA,0,13,13
CP_2024_UPZ_1_3,CP,42.0434,-124.2899,8/19/24,2024,SO,UPZ,1,3,VD,30,10,13,7,NA,NA,NA,0,1,11,4.089,3.539,2.92,4.655,3.929,1,0,0,0,0,1,NA,1,7,0,0,58,5,3,0,26,#VALUE!,100,0,0,0,0,0,5,0,0,0,0,0,0,NA,NA,NA,NA,NA,NA,0,5,5
CP_2024_UPZ_1_4,CP,42.0434,-124.2899,8/19/24,2024,SO,UPZ,1,4,VD,45,34,9,2,NA,NA,NA,0,0,34,5.547,5.658,5.074,5.588,5.138,0,0,0,0,0,0,NA,0,2,0,0,48,2,15,0,33,#VALUE!,100,0,0,0,0,0,0,0,0,0,0,0,0,NA,NA,NA,NA,NA,NA,0,0,0
CP_2024_UPZ_1_5,CP,42.0434,-124.2899,8/19/24,2024,SO,UPZ,1,5,VD,58,12,28,18,NA,NA,NA,0,0,21,4.386,5.068,4.484,2.493,4.921,0,0,0,0,0,0,NA,0,0,0,0,71,5,6,0,18,#VALUE!,100,0,0,0,0,0,0,0,0,0,0,0,0,NA,NA,NA,NA,NA,NA,0,0,0
CP_2024_UPZ_2_1,CP,42.0434,-124.2899,8/19/24,2024,SO,UPZ,2,1,VD,21,3,14,4,NA,NA,NA,0,0,3,4.192,4.766,3.74,6.062,5.336,0,0,0,0,0,0,NA,0,50,0,0,42,2,2,0,4,#VALUE!,100,0,0,5,3,0,0,0,0,0,0,0,0,NA,NA,NA,NA,NA,NA,0,3,8
CP_2024_UPZ_2_2,CP,42.0434,-124.2899,8/19/24,2024,SO,UPZ,2,2,CD,25,4,6,15,NA,NA,NA,0,0,4,6.557,6.786,5.469,5.809,6.045,0,0,0,0,0,0,NA,0,0,0,0,62,1,15,1,21,#VALUE!,100,0,0,0,0,0,0,0,0,0,0,0,0,NA,NA,NA,NA,NA,NA,0,0,0
CP_2024_UPZ_2_3,CP,42.0434,-124.2899,8/19/24,2024,SO,UPZ,2,3,VD,30,2,8,20,NA,NA,NA,0,0,2,4.377,4.349,5.043,6.14,3.593,0,0,0,0,0,0,NA,0,0,0,0,44,1,0,0,55,#VALUE!,100,0,0,0,0,0,0,0,0,0,0,0,0,NA,NA,NA,NA,NA,NA,0,0,0
CP_2024_UPZ_2_4,CP,42.0434,-124.2899,8/19/24,2024,SO,UPZ,2,4,VD,19,1,10,8,NA,NA,NA,0,0,1,5.063,5.969,5.084,6.416,5.994,0,1,0,0,0,1,NA,0,0,0,0,34,12,5,7,42,#VALUE!,100,0,0,0,0,0,0,0,0,0,0,0,0,NA,NA,NA,NA,NA,NA,0,0,0
CP_2024_UPZ_2_5,CP,42.0434,-124.2899,8/19/24,2024,SO,UPZ,2,5,VD,18,3,8,7,NA,NA,NA,0,0,3,5.594,7.04,6.805,7.164,3.129,0,0,0,0,0,0,NA,0,0,0,0,75,10,1,1,13,#VALUE!,100,0,0,0,0,0,0,0,0,0,0,0,0,NA,NA,NA,NA,NA,NA,0,0,0
CP_2024_NPZ_1_1,CP,42.0434,-124.2899,8/19/24,2024,SO,NPZ,1,1,VD,23,7,10,6,NA,NA,NA,0,16,23,4.074,4.178,5.437,4.061,5.864,0,1,0,0,0,1,NA,0,0,0,0,19,2,3,0,76,#VALUE!,100,0,0,0,0,0,0,0,0,0,0,0,0,NA,NA,NA,NA,NA,NA,0,0,0
CP_2024_NPZ_1_2,CP,42.0434,-124.2899,8/19/24,2024,SO,NPZ,1,2,VD,7,0,7,0,NA,NA,NA,0,2,2,3.912,3.373,3.097,3.01,2.976,0,0,0,0,0,0,NA,0,19,0,0,2,0,9,0,70,#VALUE!,100,0,0,0,0,0,0,0,0,0,0,0,0,NA,NA,NA,NA,NA,NA,0,0,0
CP_2024_NPZ_1_3,CP,42.0434,-124.2899,8/19/24,2024,SO,NPZ,1,3,VD,6,0,6,0,NA,NA,NA,0,0,0,4.544,4.971,NA,NA,NA,0,0,0,0,0,0,NA,0,85,0,0,7,0,0,0,8,#VALUE!,100,0,0,0,64,0,0,0,0,0,0,0,1,NA,NA,NA,NA,NA,NA,0,65,65
CP_2024_NPZ_1_4,CP,42.0434,-124.2899,8/19/24,2024,SO,NPZ,1,4,VD,6,0,6,0,NA,NA,NA,0,0,0,6.179,NA,NA,NA,NA,0,0,0,0,0,0,NA,0,82,0,0,13,1,1,0,3,#VALUE!,100,0,0,0,60,0,0,0,0,0,3,0,0,NA,NA,NA,NA,NA,NA,0,60,63
CP_2024_NPZ_1_5,CP,42.0434,-124.2899,8/19/24,2024,SO,NPZ,1,5,VD,37,0,37,0,NA,NA,NA,0,0,0,3.252,2.951,3.438,3.902,3.915,0,1,0,1,0,2,NA,0,78,0,0,6,1,2,0,13,#VALUE!,100,0,0,0,55,0,0,0,0,0,0,0,0,NA,NA,NA,NA,NA,NA,0,55,55
CP_2024_NPZ_2_1,CP,42.0434,-124.2899,8/19/24,2024,SO,NPZ,2,1,VD,6,0,5,1,NA,NA,NA,0,0,0,6.716,5.9,5.989,5.37,3.77,0,0,0,0,0,0,NA,0,27,0,0,32,19,4,0,18,#VALUE!,100,0,0,0,0,0,12,0,0,0,0,0,0,NA,NA,NA,NA,NA,NA,0,12,12
CP_2024_NPZ_2_2,CP,42.0434,-124.2899,8/19/24,2024,SO,NPZ,2,2,VD,25,0,16,9,NA,NA,NA,0,0,0,4.1,4.2,5,6.3,5.8,1,0,0,0,0,1,NA,0,0,0,0,20,5,5,0,70,#VALUE!,100,0,0,0,0,0,0,0,0,0,0,0,0,NA,NA,NA,NA,NA,NA,0,0,0
CP_2024_NPZ_2_3,CP,42.0434,-124.2899,8/19/24,2024,SO,NPZ,2,3,VD,12,0,12,0,NA,NA,NA,0,0,0,4.665,3.814,2.596,3.113,4.261,0,0,0,0,0,0,NA,1,65,0,0,17,3,2,0,12,#VALUE!,100,1,2,0,0,9,0,0,0,0,0,0,0,NA,NA,NA,NA,NA,NA,0,12,12
CP_2024_NPZ_2_4,CP,42.0434,-124.2899,8/19/24,2024,SO,NPZ,2,4,VD,7,0,6,1,NA,NA,NA,0,0,0,3.285,3.472,2.764,NA,NA,0,1,0,0,0,1,NA,0,0,0,0,27,15,5,0,53,#VALUE!,100,0,17,0,0,0,0,0,0,0,0,0,0,NA,NA,NA,NA,NA,NA,0,17,17
CP_2024_NPZ_2_5,CP,42.0434,-124.2899,8/19/24,2024,SO,NPZ,2,5,VD,2,0,1,1,NA,NA,NA,0,0,0,5.435,NA,NA,NA,NA,0,0,0,0,0,0,NA,2,31,0,0,32,6,0,0,29,#VALUE!,100,0,18,0,0,0,16,0,0,0,0,0,0,NA,NA,NA,NA,NA,NA,0,34,34
BB_2024_AZ_1_1,BB,44.8303,-124.0607,7/8/24,2024,CF,AZ,1,1,FB,0,0,0,0,1,NA,NA,0,0,0,NA,NA,NA,NA,NA,NA,NA,NA,NA,NA,NA,0,15,20,0,1,60,2,1,0,1,1,100,0,0,0,0,0,0,0,26,0,0,78,0,NA,NA,NA,NA,NA,NA,0,104,104
BB_2024_AZ_1_2,BB,44.8303,-124.0607,7/8/24,2024,CF,AZ,1,2,FB,0,0,0,0,0,0,NA,0,0,0,NA,NA,NA,NA,NA,NA,NA,NA,NA,NA,NA,0,19,29,0,8,3,2,1,0,38,38,100,0,0,0,0,0,0,0,16,0,0,37,0,NA,NA,NA,NA,NA,NA,0,53,53
BB_2024_AZ_1_3,BB,44.8303,-124.0607,7/8/24,2024,CF,AZ,1,3,FB,0,0,0,0,0,0,NA,0,0,0,NA,NA,NA,NA,NA,NA,NA,NA,NA,NA,NA,0,5,78,0,7,4,3,0.1,0,3,3,100,0,0,0,0,0,0,0,68,0,0,36,0,NA,NA,NA,NA,NA,NA,0,104,104
BB_2024_AZ_1_4,BB,44.8303,-124.0607,7/8/24,2024,CF,AZ,1,4,VB,15,2,12,1,2,1,NA,0,1,3,NA,NA,NA,NA,NA,NA,NA,NA,NA,NA,NA,NA,6,26,0,9,53,2,4,0,0,#VALUE!,100,0,0,0,0,0,0,0,20,0,0,28,0,NA,NA,NA,NA,NA,NA,0,48,48
BB_2024_AZ_1_5,BB,44.8303,-124.0607,7/8/24,2024,CF,AZ,1,5,FB,2,1,1,0,1,1,NA,0,0,1,NA,NA,NA,NA,NA,NA,NA,NA,NA,NA,NA,NA,0,64,0,17,9,2,4,0,4,#VALUE!,100,0,0,0,0,0,0,0,42,0,0,90,0,NA,NA,NA,NA,NA,NA,0,132,132
BB_2024_AZ_2_1,BB,44.8303,-124.0607,7/8/24,2024,CF,AZ,2,1,FB,5,5,0,0,0,NA,NA,0,6,11,NA,NA,NA,NA,NA,NA,NA,NA,NA,NA,NA,NA,0.1,78,17,0,0,0,0,0,5,#VALUE!,100,14,3,0,0,3,36,0,0,0,0,0,0,NA,NA,NA,NA,NA,NA,0,56,56
BB_2024_AZ_2_2,BB,44.8303,-124.0607,7/8/24,2024,CF,AZ,2,2,FB,0,0,0,0,0,NA,NA,0,1,1,NA,NA,NA,NA,NA,NA,NA,NA,NA,NA,NA,0,2,19,71,0,0.1,0,0,0,8,8,100,0,7,0,0,0,0,0,0,0,0,0,0,NA,NA,NA,NA,NA,NA,0,7,7
BB_2024_AZ_2_3,BB,44.8303,-124.0607,7/8/24,2024,CF,AZ,2,3,VB,1,1,0,0,0,NA,NA,0,3,4,NA,NA,NA,NA,NA,NA,NA,NA,NA,NA,NA,NA,2,5,60,0,3,0,0,0,30,#VALUE!,100,0,6,0,0,0,2,0,0,0,0,0,0,NA,NA,NA,NA,NA,NA,0,8,8
BB_2024_AZ_2_4,BB,44.8303,-124.0607,7/8/24,2024,CF,AZ,2,4,VB,6,6,0,0,0,NA,NA,0,7,13,NA,NA,NA,NA,NA,NA,NA,NA,NA,NA,NA,NA,0,17,26,0,5,0,0,4,48,#VALUE!,100,0,5,0,0,0,0,0,0,0,0,0,0,NA,NA,NA,NA,NA,NA,0,5,5
BB_2024_AZ_2_5,BB,44.8303,-124.0607,7/8/24,2024,CF,AZ,2,5,VB,0,0,0,0,0,NA,NA,0,0,0,NA,NA,NA,NA,NA,NA,NA,NA,NA,NA,NA,0,1,81,6,0,6,0.1,0,0,6,6,100,0,22,0,0,7,30,0,0,0,0,0,0,NA,NA,NA,NA,NA,NA,0,59,59
BB_2024_UPZ_1_1,BB,44.8303,-124.0607,5/8/24,2024,CF,UPZ,1,1,FB,47,44,0,3,NA,NA,NA,0,1,45,NA,NA,NA,NA,NA,NA,NA,NA,NA,NA,NA,NA,0,16,0,0,25,1,0,0,58,#VALUE!,100,0,0,0,0,0,0,0,0,0,0,0,0,NA,NA,NA,NA,NA,NA,0,0,0
BB_2024_UPZ_1_2,BB,44.8303,-124.0607,5/8/24,2024,CF,UPZ,1,2,FB,26,26,0,0,NA,NA,NA,0,0,26,NA,NA,NA,NA,NA,NA,NA,NA,NA,NA,NA,NA,0,72,0,0,9,1,0,0,18,#VALUE!,100,0,0,0,0,0,0,0,0,0,0,0,0,NA,NA,NA,NA,NA,NA,0,0,0
BB_2024_UPZ_1_3,BB,44.8303,-124.0607,5/8/24,2024,CF,UPZ,1,3,FB,46,46,0,0,NA,NA,NA,0,2,47,NA,NA,NA,NA,NA,NA,NA,NA,NA,NA,NA,NA,0,36,0,0,8,2,0,0,54,#VALUE!,100,0,0,0,0,0,0,0,0,0,0,0,0,NA,NA,NA,NA,NA,NA,0,0,0
BB_2024_UPZ_1_4,BB,44.8303,-124.0607,5/8/24,2024,CF,UPZ,1,4,FB,27,27,0,0,NA,NA,NA,0,1,28,NA,NA,NA,NA,NA,NA,NA,NA,NA,NA,NA,NA,1,52,0,0,3,1,0,0,43,#VALUE!,100,0,1,0,0,0,1,0,0,0,0,0,0,NA,NA,NA,NA,NA,NA,0,2,2
BB_2024_UPZ_1_5,BB,44.8303,-124.0607,5/8/24,2024,CF,UPZ,1,5,FB,50,49,0,1,NA,NA,NA,0,0,49,NA,NA,NA,NA,NA,NA,NA,NA,NA,NA,NA,NA,0,52,0,0,6,0.1,0,0,42,#VALUE!,100,0,4,1,0,1,0,1,0,0,0,0,0,NA,NA,NA,NA,NA,NA,0,6,7
BB_2024_UPZ_2_1,BB,44.8303,-124.0607,7/8/24,2024,CF,UPZ,2,1,FB,41,32,0,9,1,1,NA,0,3,35,5.1,5.8,4.3,5.7,6.4,0,0,0,1,0,1,NA,0,4,1,0,6,0,3,5,81,#VALUE!,100,0,0,0,0,1,0,0,0,0,0,0,0,NA,NA,NA,NA,NA,NA,0,1,1
BB_2024_UPZ_2_2,BB,44.8303,-124.0607,7/8/24,2024,CF,UPZ,2,2,VB,29,29,0,0,0,0,NA,0,5,34,4.4,5.9,5.5,2.2,5.4,2,1,0,0,0,3,NA,0,24,0,0,8,3,0,0,65,#VALUE!,100,0,0,0,0,0,0,0,0,0,0,0,0,NA,NA,NA,NA,NA,NA,0,0,0
BB_2024_UPZ_2_3,BB,44.8303,-124.0607,7/8/24,2024,CF,UPZ,2,3,VB,29,29,0,0,0,0,NA,0,2,31,4.6,5,4.7,4.6,5.2,1,0,0,0,0,1,NA,0,26,7,0,3,0,6,4,54,#VALUE!,100,0,0,0,0,2,2,5,0,0,0,0,0,NA,NA,NA,NA,NA,NA,0,9,9
BB_2024_UPZ_2_4,BB,44.8303,-124.0607,7/8/24,2024,CF,UPZ,2,4,FB,30,28,0,2,0,0,NA,0,3,34,NA,NA,NA,NA,NA,0,0,0,0,0,0,NA,0,17,0,0,6,0,1,6,70,#VALUE!,100,0,0,0,0,9,16,2,0,0,0,0,0,NA,NA,NA,NA,NA,NA,0,27,27
BB_2024_UPZ_2_5,BB,44.8303,-124.0607,7/8/24,2024,CF,UPZ,2,5,FB,8,7,1,0,0,0,NA,0,5,12,6,6.2,5.5,4.8,4.5,0,1,1,1,0,3,NA,1,69,4,0,10,0,0,0,16,#VALUE!,100,0,0,0,0,0,0,0,0,0,0,0,0,NA,NA,NA,NA,NA,NA,0,0,0
BB_2024_NPZ_1_1,BB,44.8303,-124.0607,7/8/24,2024,CF,NPZ,1,1,VD,24,0,4,20,6,0,NA,0,0,0,2.776,NA,NA,NA,NA,0,0,0,0,0,0,NA,0,6,0,0,17,2,1,0,74,#VALUE!,100,0,8,0,0,10,0,0,17,0,0,0,0,NA,NA,NA,NA,NA,NA,0,35,35
BB_2024_NPZ_1_2,BB,44.8303,-124.0607,5/8/24,2024,CF,NPZ,1,2,VD,14,0,0,14,0,0,NA,0,0,0,4.7,5.1,5.8,5.8,4.6,0,0,0,1,0,1,NA,0,0,0,7,28,0,2,0,63,#VALUE!,100,0,0,0,0,0,0,0,35,0,0,0,0,NA,NA,NA,NA,NA,NA,0,35,35
BB_2024_NPZ_1_3,BB,44.8303,-124.0607,5/8/24,2024,CF,NPZ,1,3,VD,3,0,0,3,0,0,NA,0,0,0,5.564,3.305,6.269,NA,NA,0,0,0,0,0,0,NA,0,6,0,4,7,0,1,0,82,#VALUE!,100,0,0,0,0,0,0,0,5,0,0,0,0,NA,NA,NA,NA,NA,NA,0,5,5
BB_2024_NPZ_1_4,BB,44.8303,-124.0607,5/8/24,2024,CF,NPZ,1,4,VD,20,6,2,12,1,0,NA,0,1,21,3.8,3.5,3.4,4.7,3.1,1,0,0,0,0,1,NA,0,12,0,4,4,2,0,0,78,#VALUE!,100,0,0,0,0,0,0,0,7,0,0,0,0,NA,NA,NA,NA,NA,NA,0,7,7
BB_2024_NPZ_1_5,BB,44.8303,-124.0607,5/8/24,2024,CF,NPZ,1,5,VD,11,3,1,7,0,0,NA,0,2,5,2.398,1.518,NA,NA,NA,0,0,0,0,0,0,NA,6,84,0,0,2,1,3,0,4,#VALUE!,100,2,5,0,0,1,13,0,0,0,0,0,0,NA,NA,NA,NA,NA,NA,0,21,21
BB_2024_NPZ_2_1,BB,44.8303,-124.0607,5/8/24,2024,CF,NPZ,2,1,DD,18,0,18,0,0,0,NA,0,0,0,2.8,3.8,2.6,3.1,2.1,1,0,1,7,0,9,NA,0,60,16,0,9,2,6,0,7,#VALUE!,100,0,0,0,0,0,2,0,0,0,0,0,0,NA,NA,NA,NA,NA,NA,0,2,2
BB_2024_NPZ_2_2,BB,44.8303,-124.0607,7/8/24,2024,CF,NPZ,2,2,WD,12,2,7,3,0,0,NA,0,0,2,4.1,2.6,3.2,3.5,2.8,1,1,2,3,1,8,NA,0,76,9,0,7,2,0,0,6,#VALUE!,100,0,0,0,0,3,9,0,0,0,0,0,0,NA,NA,NA,NA,NA,NA,0,12,12
BB_2024_NPZ_2_3,BB,44.8303,-124.0607,7/8/24,2024,CF,NPZ,2,3,WD,8,1,7,0,0,0,NA,0,1,2,3.213,3.92,1.461,NA,NA,0,0,1,0,0,1,NA,1,8,0.1,0,12,6,0,0,73,#VALUE!,100,3,0,0,0,8,0,0,0,0,0,0,0,NA,NA,NA,NA,NA,NA,0,11,11
BB_2024_NPZ_2_4,BB,44.8303,-124.0607,7/8/24,2024,CF,NPZ,2,4,WD,7,0,7,0,0,0,NA,0,0,0,5.385,3.578,5.154,2.947,4.107,0,0,1,0,0,1,NA,1,4,5,0,5,2,3,5,75,#VALUE!,100,0,0,0,0,24,0,2,0,12,0,0,0,NA,NA,NA,NA,NA,NA,0,38,38
BB_2024_NPZ_2_5,BB,44.8303,-124.0607,7/8/24,2024,CF,NPZ,2,5,WD,48,0,48,0,0,0,NA,0,0,0,5,3.2,3.5,4,5.1,1,0,1,7,0,9,NA,0,0,0.1,0,15,12,6,0,67,#VALUE!,100,0,0,0,0,0,0,0,0,0,0,0,0,NA,NA,NA,NA,NA,NA,0,0,0
SC_2025_AZ_1_1,SC,43.3032,-124.3974,5/31/25,2025,CA,AZ,1,1,FB,0,0,0,0,0,NA,NA,0,0,0,NA,NA,NA,NA,NA,NA,NA,NA,NA,NA,NA,0,9,22,43,0,0,0,0,23,3,3,100,18,0,7,0,0,23,0,0,0,0,0,0,0,0,0,0,0,0,0,41,48
SC_2025_AZ_1_2,SC,43.3032,-124.3974,5/31/25,2025,CA,AZ,1,2,VB,0,0,0,0,0,NA,NA,0,0,0,NA,NA,NA,NA,NA,NA,NA,NA,NA,NA,NA,0,3,13,28,0,0,0.1,0,52,4,4,100,0,0,0,0,0,22,0,0,0,0,0,0,0,0,0,0,0,0,0,22,22
SC_2025_AZ_1_3,SC,43.3032,-124.3974,5/31/25,2025,CA,AZ,1,3,VB,0,0,0,0,0,NA,NA,0,0,0,NA,NA,NA,NA,NA,NA,NA,NA,NA,NA,NA,0,5,53,27,3,1,0,0,7,4,4,100,0,0,0,0,0,14,0,1,0,0,0,1,0,0,0,0,0,0,0,16,16
SC_2025_AZ_1_4,SC,43.3032,-124.3974,5/31/25,2025,CA,AZ,1,4,VB,0,0,0,0,0,NA,NA,0,0,0,NA,NA,NA,NA,NA,NA,NA,NA,NA,NA,NA,0,1,5,44,0,0,1,2,7,40,40,100,0,0,0,0,0,22,0,0,0,0,0,3,0,0,0,0,0,0,0,25,25
SC_2025_AZ_1_5,SC,43.3032,-124.3974,5/31/25,2025,CA,AZ,1,5,FB,0,0,0,0,0,NA,NA,0,0,0,NA,NA,NA,NA,NA,NA,NA,NA,NA,NA,NA,0,1,52,22,9,0,0,0,14,2,2,100,0,0,0,0,0,6,0,9,0,0,0,1,0,0,0,0,0,0,0,16,16
SC_2025_AZ_2_1,SC,43.3032,-124.3974,5/31/25,2025,CA,AZ,2,1,FB,0,0,0,0,0,NA,NA,0,0,0,NA,NA,NA,NA,NA,NA,NA,NA,NA,NA,NA,0,3,2,15,0,0,0,0,80,0,0,100,18,0,0,0,0,1,0,58,0,0,0,0,0,0,0,0,0,0,0,77,77
SC_2025_AZ_2_2,SC,43.3032,-124.3974,5/31/25,2025,CA,AZ,2,2,VB,2,2,0,0,0,NA,NA,0,0,2,NA,NA,NA,NA,NA,NA,NA,NA,NA,NA,NA,1,5,33,6,16,5,0,0,32,3,2,100,25,0,0,5,0,25,0,15,0,0,0,0,0,0,0,0,0,0,0,70,70
SC_2025_AZ_2_3,SC,43.3032,-124.3974,5/31/25,2025,CA,AZ,2,3,VB,0,0,0,0,0,NA,NA,0,0,0,NA,NA,NA,NA,NA,NA,NA,NA,NA,NA,NA,0,4,45,15,7,1,0.1,0,28,0,0,100,12,0,0,0,0,5,0,11,0,0,0,0,0,0,0,0,0,0,0,28,28
SC_2025_AZ_2_4,SC,43.3032,-124.3974,5/31/25,2025,CA,AZ,2,4,VB,3,3,0,0,0,NA,NA,0,0,3,NA,NA,NA,NA,NA,NA,NA,NA,NA,NA,NA,0,1,22,1,14,1,0,0,13,48,48,100,0,0,0,0,0,6,0,32,0,0,0,0,0,0,0,0,0,0,0,38,38
SC_2025_AZ_2_5,SC,43.3032,-124.3974,5/31/25,2025,CA,AZ,2,5,VB,0,0,0,0,0,NA,NA,0,0,0,NA,NA,NA,NA,NA,NA,NA,NA,NA,NA,NA,0,0,85,7,0,1,0,0,7,0,0,100,29,0,0,0,0,7,0,0,0,0,0,0,0,0,0,0,0,0,0,36,36
SC_2025_NPZ_1_1,SC,43.3032,-124.3974,5/31/25,2025,CA,NPZ,1,1,VD,26,10,3,13,0,,0,,5,15,,,,,,,,,,,,18,0,0,,0.1,15,1,3,0,81,63,100,0,0,0,0,0,0,0,0,0,0,0,0,0,0,0,0,0,0,0,0,0
SC_2025_NPZ_1_2,SC,43.3032,-124.3974,5/31/25,2025,CA,NPZ,1,2,VD,18,0,15,3,3,NA,0,,0,0,,,,,,,,,,,,19,0,0,0,0.1,23,4,1,1,71,52,100,0,0,0,0,0,0,0,0,0,0,0,0,0,0,0,0,0,0,0,0,0
SC_2025_NPZ_1_3,SC,43.3032,-124.3974,5/31/25,2025,CA,NPZ,1,3,VB,3,3,0,0,0,NA,0,,0,3,,,,,,,,,,,,2,0,0,0,0.1,2,0.1,0,0,98,96,100,0,0,0,0,0,0,0,0,0,0,0,0,0,0,0,0,0,0,0,0,0
SC_2025_NPZ_1_4,SC,43.3032,-124.3974,5/31/25,2025,CA,NPZ,1,4,VD,8,7,1,0,1,NA,0,,1,8,,,,,,,,,,,,4,0,0.1,0,0.1,25,1,0,0,74,70,100,0,0,0,0,0,0,0,0,0,0,0,0,0,0,0,0,0,0,0,0,0
SC_2025_NPZ_1_5,SC,43.3032,-124.3974,5/31/25,2025,CA,NPZ,1,5,VD,31,7,22,2,0,NA,0,,10,17,,,,,,,,,,,,19,0,0,0,0.1,38,4,0,0,58,39,100,0,0,0,0,0,0,0,0,0,0,0,0,0,0,0,0,0,0,0,0,0
SC_2025_NPZ_2_1,SC,43.3032,-124.3974,5/31/25,2025,CA,NPZ,2,1,VB,32,23,6,3,3,NA,0,0,0,23,,,,,,,,,,,,25,0,1,0.1,0,17,3,3,3,73,52,100,0,0,0,0,0,0,0,0,0,0,0,0,0,0,0,0,0,0,0,0,0
SC_2025_NPZ_2_2,SC,43.3032,-124.3974,5/31/25,2025,CA,NPZ,2,2,VB,10,4,6,0,0,NA,0,,3,7,,,,,,,,,,,,5,0,10,5,8,8,2,0,1,66,61,100,0,0,0,0,0,0,0,6,0,0,0,0,0,0,0,0,0,0,0,6,6
SC_2025_NPZ_2_3,SC,43.3032,-124.3974,5/31/25,2025,CA,NPZ,2,3,VD,6,2,4,0,1,NA,0,,0,2,,,,,,,,,,,,3,0,41,2,0.1,3,0.1,4,0,50,47,100,0,0,0,0,0,7,0,1,0,0,0,0,0,0,0,0,0,0,0,8,8
SC_2025_NPZ_2_4,SC,43.3032,-124.3974,5/31/25,2025,CA,NPZ,2,4,CD,38,11,13,14,0,NA,0,0,1,12,,,,,,,,,,,,27,0,0,8,0.1,17,1,1,12,61,34,100,0,0,0,0,0,0,0,0,0,0,0,0,0,0,0,0,0,0,0,0,0
SC_2025_NPZ_2_5,SC,43.3032,-124.3974,5/31/25,2025,CA,NPZ,2,5,VB,13,3,6,4,1,NA,0,,2,16,,,,,,,,,,,,7,0,1,2,6,7,0,0,1,83,76,100,0,0,0,0,0,0,0,3,0,0,0,0,0,0,0,0,0,0,0,3,3
SC_2025_UPZ_1_1,SC,43.3032,-124.3974,5/31/25,2025,CA,UPZ,1,1,VB,6,2,3,1,0,NA,0,,5,7,,,,,,,,,,,,4,0,25,3,3,5,3,0.1,4,57,53,100,2,0,0,0,0,1,0,4,0,0,0,0,0,0,0,0,0,0,0,7,7
SC_2025_UPZ_1_2,SC,43.3032,-124.3974,5/31/25,2025,CA,UPZ,1,2,VB,3,1,2,0,1,NA,0,,4,5,,,,,,,,,,,,3,1,69,0.1,7,3,1,0,0.1,19,16,100,0,0,0,0,0,13,0,12,0,0,0,0,0,0,0,0,0,0,0,25,25
SC_2025_UPZ_1_3,SC,43.3032,-124.3974,5/31/25,2025,CA,UPZ,1,3,VB,22,22,0,0,0,NA,0,,9,31,,,,,,,,,,,,12,2,28,0.1,0,15,1,0,0,54,42,100,3,0,0,0,0,19,0,0,0,0,0,0,0,0,0,0,0,0,0,22,22
SC_2025_UPZ_1_4,SC,43.3032,-124.3974,5/31/25,2025,CA,UPZ,1,4,VB,66,63,3,0,0,NA,0,,1,67,,,,,,,,,,,,60,2,0,0.1,0,22,7,0,0,69,9,100,0,0,0,0,0,0,0,0,0,0,0,0,0,0,0,0,0,0,0,0,0
SC_2025_UPZ_1_5,SC,43.3032,-124.3974,5/31/25,2025,CA,UPZ,1,5,VD,18,18,0,0,0,NA,0,,6,24,,,,,,,,,,,,6,0,25,0.1,0,11,0.1,2,0,62,56,100,0,0,0,0,0,0,0,0,0,0,0,1,0,0,0,0,0,0,0,1,1
SC_2025_UPZ_2_1,SC,43.3032,-124.3974,5/31/25,2025,CA,UPZ,2,1,FB,20,20,0,0,0,NA,0,,2,22,,,,,,,,,,,,16,0,7,0,0,12,3,0,0,78,62,100,0,0,0,0,0,10,0,0,0,0,0,0,0,0,0,0,0,0,0,10,10
SC_2025_UPZ_2_2,SC,43.3032,-124.3974,5/31/25,2025,CA,UPZ,2,2,VB,41,41,0,0,1,NA,0,,32,73,,,,,,,,,,,,35,0,2,0,0.1,40,4,0,0,54,19,100,0,0,0,0,0,0,0,0,0,0,0,0,0,0,0,0,0,0,0,0,0
SC_2025_UPZ_2_3,SC,43.3032,-124.3974,5/31/25,2025,CA,UPZ,2,3,FB,61,61,0,0,3,NA,0,,14,75,,,,,,,,,,,,52,0,0,0,0.1,18,3,7,0,72,20,100,0,0,0,0,0,0,0,0,0,0,0,0,0,0,0,0,0,0,0,0,0
SC_2025_UPZ_2_4,SC,43.3032,-124.3974,5/31/25,2025,CA,UPZ,2,4,FB,37,37,0,0,2,NA,0,,20,57,,,,,,,,,,,,23,0,0,0,0.1,11,6,0,0,83,60,100,0,0,0,0,0,0,0,0,0,0,0,0,0,0,0,0,0,0,0,0,0
SC_2025_UPZ_2_5,SC,43.3032,-124.3974,5/31/25,2025,CA,UPZ,2,5,VD,14,7,7,0,0,NA,NA,0,9,23,,,,,,,,,,,,10,0,0,5,0,0,10,3,5,77,67,100,0,0,0,0,0,0,0,0,0,0,0,0,0,0,0,0,0,0,0,0,0
FC_2025_AZ_1_1,FC,44.8386,-124.05875,6/12/25,2025,CF,AZ,1,1,FB,0,0,0,0,0,NA,NA,0,0,0,NA,NA,NA,NA,NA,NA,NA,NA,NA,NA,NA,0,14,42,0,14,0,0,0,30,0,0,100,63,22,0,0,0,25,0,22,0,0,0,0,0,0,0,0,0,0,0,132,132
FC_2025_AZ_1_2,FC,44.8386,-124.05875,6/12/25,2025,CF,AZ,1,2,FB,0,0,0,0,0,NA,NA,0,0,0,NA,NA,NA,NA,NA,NA,NA,NA,NA,NA,NA,0,15,27,2,21,0,5,0,30,0,0,100,19,0,0,2,0,38,0,35,0,0,0,0,0,0,0,0,0,0,0,94,94
FC_2025_AZ_1_3,FC,44.8386,-124.05875,6/12/25,2025,CF,AZ,1,3,FB,0,0,0,0,0,NA,NA,0,0,0,NA,NA,NA,NA,NA,NA,NA,NA,NA,NA,NA,0,0,3,0,43,0,0,0,54,0,0,100,12,0,0,0,0,5,0,96,0,0,0,0,0,0,0,0,0,0,0,113,113
FC_2025_AZ_1_4,FC,44.8386,-124.05875,6/12/25,2025,CF,AZ,1,4,FB,0,0,0,0,0,NA,NA,0,0,0,NA,NA,NA,NA,NA,NA,NA,NA,NA,NA,NA,0,0,31,0,13,0,0,0,56,0,0,100,0,0,0,0,0,4,0,32,0,0,0,0,0,0,0,0,0,0,0,36,36
FC_2025_AZ_1_5,FC,44.8386,-124.05875,6/12/25,2025,CF,AZ,1,5,FB,0,0,0,0,0,NA,NA,0,0,0,NA,NA,NA,NA,NA,NA,NA,NA,NA,NA,NA,0,0,1,0,41,0,0,0,58,0,0,100,0,0,0,0,0,0,0,87,0,0,0,0,0,0,0,0,0,0,0,87,87
FC_2025_AZ_2_1,FC,44.8386,-124.05875,6/12/25,2025,CF,AZ,2,1,FB,0,0,0,0,0,NA,NA,0,0,0,NA,NA,NA,NA,NA,NA,NA,NA,NA,NA,NA,0,0,0,0,42,0,0,0,58,0,0,100,0,0,0,0,0,0,0,100,0,0,0,0,0,0,0,0,0,0,0,100,100
FC_2025_AZ_2_2,FC,44.8386,-124.05875,6/12/25,2025,CF,AZ,2,2,FB,0,0,0,0,0,NA,NA,0,0,0,NA,NA,NA,NA,NA,NA,NA,NA,NA,NA,NA,0,0,0,0,21,0,0,0,79,0,0,100,0,0,0,0,0,0,0,100,0,0,0,0,0,0,0,0,0,0,0,100,100
FC_2025_AZ_2_3,FC,44.8386,-124.05875,6/12/25,2025,CF,AZ,2,3,FB,0,0,0,0,0,NA,NA,0,0,0,NA,NA,NA,NA,NA,NA,NA,NA,NA,NA,NA,0,0,0,0,41,0,0,0,59,0,0,100,0,0,0,0,0,0,0,2,0,0,0,0,0,0,0,0,0,0,0,2,2
FC_2025_AZ_2_4,FC,44.8386,-124.05875,6/12/25,2025,CF,AZ,2,4,FD,0,0,0,0,0,NA,NA,0,0,0,NA,NA,NA,NA,NA,NA,NA,NA,NA,NA,NA,0,12,62,0,2,2,2,0,20,0,0,100,43,0,0,7,0,70,0,4,0,0,0,0,0,0,0,0,0,0,0,124,124
FC_2025_AZ_2_5,FC,44.8386,-124.05875,6/12/25,2025,CF,AZ,2,5,FD,0,0,0,0,0,NA,NA,0,0,0,NA,NA,NA,NA,NA,NA,NA,NA,NA,NA,NA,0,20,25,0,1,0,0,0,54,0,0,100,100,0,0,24,0,33,0,0,0,0,0,0,0,0,0,0,0,0,0,157,157
FC_2025_UPZ_1_1,FC,44.8386,-124.05875,6/12/25,2025,CF,UPZ,1,1,VB,13,13,0,0,0,NA,NA,0,2,9,,,,,,,,,,,,9,4,42,4,0,25,6,5,0,14,5,100,0,7,0,0,0,0,0,0,0,0,0,0,0,0,0,0,0,0,0,7,7
FC_2025_UPZ_1_2,FC,44.8386,-124.05875,6/12/25,2025,CF,UPZ,1,2,VB,27,27,0,0,0,NA,NA,0,1,21,,,,,,,,,,,,21,5,23,0,0,27,3,21,0,21,0,100,0,0,0,12,0,0,0,0,0,0,0,0,0,0,0,0,0,0,0,12,12
FC_2025_UPZ_1_3,FC,44.8386,-124.05875,6/12/25,2025,CF,UPZ,1,3,FB,16,16,0,0,0,NA,NA,0,2,12,,,,,,,,,,,,12,5,69,2,0,7,2,3,0,12,0,100,0,0,0,0,0,0,0,0,0,0,0,0,0,0,0,0,0,0,0,0,0
FC_2025_UPZ_1_4,FC,44.8386,-124.05875,6/12/25,2025,CF,UPZ,1,4,FB,23,23,0,0,4,NA,NA,0,2,23,,,,,,,,,,,,23,1,34,1,0,30,5,5,0,24,1,100,0,1,0,0,0,0,0,0,0,0,0,0,0,0,0,0,0,0,0,1,1
FC_2025_UPZ_1_5,FC,44.8386,-124.05875,6/12/25,2025,CF,UPZ,1,5,VB,32,32,0,0,2,NA,NA,0,0,35,,,,,,,,,,,,35,0,34,0,0,21,7,3,0,35,0,100,0,2,0,4,0,0,0,0,0,0,0,0,0,0,0,0,0,0,0,6,6
FC_2025_UPZ_2_1,FC,44.8386,-124.05875,6/12/25,2025,CF,UPZ,2,1,VB,6,6,0,0,0,NA,NA,0,1,3,,,,,,,,,,,,3,2,46,0,0,10,3,23,4,12,9,100,0,6,0,0,0,10,0,0,0,0,0,0,0,0,0,0,0,0,0,16,16
FC_2025_UPZ_2_2,FC,44.8386,-124.05875,6/12/25,2025,CF,UPZ,2,2,VB,24,24,0,0,3,NA,NA,0,2,20,,,,,,,,,,,,20,0,58,0,0,16,2,4,0,20,0,100,0,0,0,0,0,1,0,0,0,0,0,0,0,0,0,0,0,0,0,1,1
FC_2025_UPZ_2_3,FC,44.8386,-124.05875,6/12/25,2025,CF,UPZ,2,3,VB,18,18,0,0,0,NA,NA,0,2,14,,,,,,,,,,,,14,0,53,0,0,11,3,19,0,14,0,100,0,0,0,0,0,5,0,0,0,0,0,0,0,0,0,0,0,0,0,5,5
FC_2025_UPZ_2_4,FC,44.8386,-124.05875,6/12/25,2025,CF,UPZ,2,4,FB,38,38,0,0,1,NA,NA,0,1,28,,,,,,,,,,,,28,0,53,0,0,14,2,3,0,28,0,100,0,0,0,0,0,0,0,0,0,0,0,0,0,0,0,0,0,0,0,0,0
FC_2025_UPZ_2_5,FC,44.8386,-124.05875,6/12/25,2025,CF,UPZ,2,5,FB,12,12,0,0,1,NA,NA,0,1,10,,,,,,,,,,,,7,6,62,0,13,11,1,0,0,7,0,100,0,0,0,0,0,0,0,25,0,0,0,0,0,0,0,0,0,0,0,25,25
SH_2025_AZ_1_1,SH,44.24923,-124.1154,6/14/25,2025,CP,AZ,1,1,FB,0,0,0,0,0,NA,NA,0,0,0,NA,NA,NA,NA,NA,NA,NA,NA,NA,NA,NA,0,56,16,0,0,6,1,7,14,0,0,100,0,0,0,0,0,0,0,0,0,0,92,0,0,0,0,0,0,0,0,92,92
SH_2025_AZ_1_2,SH,44.24923,-124.1154,6/14/25,2025,CP,AZ,1,2,FB,0,0,0,0,0,NA,NA,0,0,0,NA,NA,NA,NA,NA,NA,NA,NA,NA,NA,NA,0,34,39,0,8,0,0,0,19,0,0,100,0,0,0,0,0,3,0,17,0,0,97,0,0,0,0,0,0,0,0,117,117
SH_2025_AZ_1_3,SH,44.24923,-124.1154,6/14/25,2025,CP,AZ,1,3,FB,0,0,0,0,0,NA,NA,0,0,0,NA,NA,NA,NA,NA,NA,NA,NA,NA,NA,NA,0,1,28,0,59,1,0,0,11,0,0,100,0,0,0,0,0,4,0,65,0,0,14,0,0,0,0,0,0,0,0,83,83
SH_2025_AZ_1_4,SH,44.24923,-124.1154,6/14/25,2025,CP,AZ,1,4,FB,0,0,0,0,0,NA,NA,0,0,0,NA,NA,NA,NA,NA,NA,NA,NA,NA,NA,NA,0,12,74,2,0,4,1,0,6,1,1,100,17,2,0,0,0,43,0,0,0,0,0,0,0,0,0,0,0,0,0,62,62
SH_2025_AZ_1_5,SH,44.24923,-124.1154,6/14/25,2025,CP,AZ,1,5,FB,0,0,0,0,0,NA,NA,0,0,0,NA,NA,NA,NA,NA,NA,NA,NA,NA,NA,NA,0,50,14,0,0.1,0,1,0,35,0,0,100,0,0,0,0,0,0,0,0,0,0,100,0,0,0,0,0,0,0,0,100,100
SH_2025_AZ_2_1,SH,44.24923,-124.1154,6/14/25,2025,CP,AZ,2,1,FB,0,0,0,0,0,NA,NA,0,0,0,NA,NA,NA,NA,NA,NA,NA,NA,NA,NA,NA,0,9,68,3,4,0,0,0,16,0,0,100,35,24,0,0,0,43,0,6,0,0,0,0,0,0,0,0,0,0,0,108,108
SH_2025_AZ_2_2,SH,44.24923,-124.1154,6/14/25,2025,CP,AZ,2,2,FB,0,0,0,0,0,NA,NA,0,0,0,NA,NA,NA,NA,NA,NA,NA,NA,NA,NA,NA,0,3,67,2,17,2,0,0,9,0,0,100,96,26,0,0,0,4,0,26,0,0,0,0,0,0,0,0,0,0,0,152,152
SH_2025_AZ_2_3,SH,44.24923,-124.1154,6/14/25,2025,CP,AZ,2,3,FB,0,0,0,0,0,NA,NA,0,0,0,NA,NA,NA,NA,NA,NA,NA,NA,NA,NA,NA,0,0,70,0,1,1,0,0.1,28,0,0,100,15,0,0,0,0,0,0,1,0,0,0,0,0,0,0,0,0,0,0,16,16
SH_2025_AZ_2_4,SH,44.24923,-124.1154,6/14/25,2025,CP,AZ,2,4,FB,0,0,0,0,0,NA,NA,0,0,0,NA,NA,NA,NA,NA,NA,NA,NA,NA,NA,NA,0,0,62,0,0,0,0,0,38,0,0,100,25,0,0,0,0,0,0,0,0,0,0,0,0,0,0,0,0,0,0,25,25
SH_2025_AZ_2_5,SH,44.24923,-124.1154,6/14/25,2025,CP,AZ,2,5,VB,0,0,0,0,0,NA,NA,0,0,0,NA,NA,NA,NA,NA,NA,NA,NA,NA,NA,NA,0,5,48,2,0,2,6,0,11,26,26,100,2,15,0,0,0,4,0,0,0,0,0,0,0,0,0,0,0,0,0,21,21
SH_2025_UPZ_1_1,SH,44.24923,-124.1154,6/14/25,2025,CP,UPZ,1,1,VB,2,2,0,0,0,NA,NA,0,0,2,,,,,,,,,,,,2,8,55,2,6,6,8,7,5,3,1,100,0,5,0,0,0,32,0,3,0,0,0,0,0,0,0,0,0,0,0,40,40
SH_2025_UPZ_1_2,SH,44.24923,-124.1154,6/14/25,2025,CP,UPZ,1,2,VB,0,0,0,0,0,NA,NA,0,0,0,,,,,,,,,,,,0,12,24,0,0,18,5,1,0,40,40,100,0,69,0,0,0,0,0,4,0,0,0,0,0,0,0,0,0,0,0,73,73
SH_2025_UPZ_1_3,SH,44.24923,-124.1154,6/14/25,2025,CP,UPZ,1,3,VB,0,0,0,0,0,NA,NA,0,0,0,,,,,,,,,,,,0,7,10,0,0,3,3,5,0,72,72,100,0,32,0,0,0,0,0,0,0,0,0,0,0,0,0,0,0,0,0,32,32
SH_2025_UPZ_1_4,SH,44.24923,-124.1154,6/14/25,2025,CP,UPZ,1,4,VB,0,1,0,0,0,NA,NA,0,1,2,,,,,,,,,,,,0,11,32,2,0,6,8,15,15,11,11,100,7,44,0,0,0,5,0,0,0,0,0,0,0,0,0,0,0,0,0,56,56
SH_2025_UPZ_1_5,SH,44.24923,-124.1154,6/14/25,2025,CP,UPZ,1,5,VB,0,0,0,0,0,NA,NA,0,0,0,,,,,,,,,,,,0,14,54,2,0,2,3,9,7,9,9,100,0,60,0,0,0,40,0,0,0,0,0,0,0,0,0,0,0,0,0,100,100
SH_2025_UPZ_2_1,SH,44.24923,-124.1154,6/14/25,2025,CP,UPZ,2,1,VB,3,2,1,0,0,NA,NA,0,0,2,3.9,3.2,3,NA,NA,,,,,,,2,0,33,0,2,0,2,60,1,2,0,100,0,0,0,0,0,0,0,0,0,0,0,0,0,0,0,0,0,0,0,0,0
SH_2025_UPZ_2_2,SH,44.24923,-124.1154,6/14/25,2025,CP,UPZ,2,2,VB,0,0,0,0,0,NA,NA,0,0,0,3.8,3.1,NA,NA,NA,,,,,,,0,0,55,0.1,0,2,1,36,0,6,6,100,0,0,0,0,0,1,0,0,0,0,0,0,0,0,0,0,0,0,0,1,1
SH_2025_UPZ_2_3,SH,44.24923,-124.1154,6/14/25,2025,CP,UPZ,2,3,WB,2,1,1,0,0,NA,NA,0,0,1,3,NA,NA,NA,NA,,,,,,,2,4,20,1,0,0,0,73,0,2,0,100,0,13,0,0,0,7,0,0,0,0,0,0,0,0,0,0,0,0,0,20,20
SH_2025_UPZ_2_4,SH,44.24923,-124.1154,6/14/25,2025,CP,UPZ,2,4,WB,0,0,0,0,0,NA,NA,0,1,1,NA,NA,NA,NA,NA,,,,,,,0,0,4,0,0,0,0,94,0,2,2,100,0,0,0,0,0,0,0,0,0,0,0,0,0,0,0,0,0,0,0,0,0
SH_2025_UPZ_2_5,SH,44.24923,-124.1154,6/14/25,2025,CP,UPZ,2,5,WB,0,1,0,0,0,NA,NA,0,2,3,NA,NA,NA,NA,NA,,,,,,,1,0,22,1,0,7,0,62,0,8,7,100,0,0,0,0,0,3,0,0,0,0,0,0,0,0,0,0,0,0,0,3,3
YB_2025_AZ_1_1,YB,44.3114,-124.1086,6/13/25,2025,CP,AZ,1,1,VB,0,0,0,0,0,NA,NA,0,0,0,NA,NA,NA,NA,NA,NA,NA,NA,NA,NA,NA,0,11,13,0,0,14,13,1,0.1,48,48,100,0,57,0,0,0,10,0,0,0,0,0,0,0,0,0,0,0,0,0,67,67
YB_2025_AZ_1_2,YB,44.3114,-124.1086,6/13/25,2025,CP,AZ,1,2,VB,0,0,0,0,0,NA,NA,0,0,0,NA,NA,NA,NA,NA,NA,NA,NA,NA,NA,NA,0,12,67,0,0,4,3,10,0.1,4,4,100,0,52,0,0,0,11,0,0,0,0,7,0,0,0,0,0,0,0,0,70,70
YB_2025_AZ_1_3,YB,44.3114,-124.1086,6/13/25,2025,CP,AZ,1,3,VB,0,0,0,0,0,NA,NA,0,0,0,NA,NA,NA,NA,NA,NA,NA,NA,NA,NA,NA,0,14,57,0,0,12,4,8,0,5,5,100,0,82,0,0,0,7,0,2,0,0,0,0,0,0,0,0,0,0,0,91,91
YB_2025_AZ_1_4,YB,44.3114,-124.1086,6/13/25,2025,CP,AZ,1,4,VB,0,0,0,0,0,NA,NA,0,0,0,NA,NA,NA,NA,NA,NA,NA,NA,NA,NA,NA,0,17,69,0,0,10,1,2,0,1,1,100,0,63,0,0,0,7,0,0,0,0,0,0,0,0,0,0,0,0,0,70,70
YB_2025_AZ_1_5,YB,44.3114,-124.1086,6/13/25,2025,CP,AZ,1,5,VB,0,0,0,0,0,NA,NA,0,0,0,NA,NA,NA,NA,NA,NA,NA,NA,NA,NA,NA,0,39,28,0,0,4,1,14,6,8,8,100,2,7,0,0,0,0,0,0,0,0,89,0,0,0,0,0,0,0,0,98,98
YB_2025_AZ_2_1,YB,44.3114,-124.1086,6/13/25,2025,CP,AZ,2,1,VB,0,0,0,0,0,NA,NA,0,0,0,NA,NA,NA,NA,NA,NA,NA,NA,NA,NA,NA,0,40,2,0,0,35,6,1,4,12,12,100,0,0,0,0,0,0,0,0,0,0,92,0,0,0,0,0,0,0,0,92,92
YB_2025_AZ_2_2,YB,44.3114,-124.1086,6/13/25,2025,CP,AZ,2,2,VB,0,0,0,0,0,NA,NA,0,0,0,NA,NA,NA,NA,NA,NA,NA,NA,NA,NA,NA,0,,0.1,0,0,26,11,8,0,55,55,100,0,0,0,0,0,0,0,0,0,0,99,0,0,0,0,0,0,5,0,104,104
YB_2025_AZ_2_3,YB,44.3114,-124.1086,6/13/25,2025,CP,AZ,2,3,VB,0,0,0,0,0,NA,NA,0,0,0,NA,NA,NA,NA,NA,NA,NA,NA,NA,NA,NA,0,7,46,0,0,0.1,1,4,0,42,42,100,0,34,0,0,0,0,0,0,0,0,0,0,0,0,0,0,0,0,0,34,34
YB_2025_AZ_2_4,YB,44.3114,-124.1086,6/13/25,2025,CP,AZ,2,4,VB,0,0,0,0,0,NA,NA,0,0,0,NA,NA,NA,NA,NA,NA,NA,NA,NA,NA,NA,0,2,32,0,15,2,5,7,9,28,28,100,0,9,0,0,0,0,0,0,0,0,13,0,0,0,0,0,0,0,0,22,22
YB_2025_AZ_2_5,YB,44.3114,-124.1086,6/13/25,2025,CP,AZ,2,5,VB,0,0,0,0,0,NA,NA,0,0,0,NA,NA,NA,NA,NA,NA,NA,NA,NA,NA,NA,0,67,5,0,14,3,3,3,4,1,1,100,0,0,0,0,0,0,0,0,0,0,95,0,0,0,0,0,0,0,0,95,95
YB_2025_UPZ_1_1,YB,44.3114,-124.1086,6/13/25,2025,CP,UPZ,1,1,VB,1,0,1,0,0,NA,NA,0,0,1,,,NA,NA,NA,,,,,,,,0,39,0,0,3,4,15,0.1,39,39,100,0,0,0,0,0,0,0,0,0,0,0,0,0,0,0,0,0,0,0,0,0
YB_2025_UPZ_1_2,YB,44.3114,-124.1086,6/13/25,2025,CP,UPZ,1,2,VD,2,0,2,0,0,NA,NA,0,0,2,,NA,NA,NA,NA,,,,,,,,0,1,0,0,74,7,12,0,6,6,100,0,0,0,0,0,0,0,0,0,0,0,0,0,0,0,0,0,3,0,3,3
YB_2025_UPZ_1_3,YB,44.3114,-124.1086,6/13/25,2025,CP,UPZ,1,3,FB,0,0,0,0,0,NA,NA,0,0,0,,NA,NA,NA,NA,,,,,,,0,3,6,0,0,8,0,79,0.1,4,4,100,0,0,0,0,0,0,0,0,0,0,12,0,0,0,0,0,0,0,0,12,12
YB_2025_UPZ_1_4,YB,44.3114,-124.1086,6/13/25,2025,CP,UPZ,1,4,FB,0,0,0,0,0,NA,NA,0,0,0,,NA,NA,NA,NA,,,,,,,0,0,57,0,0,0.1,4,12,0,27,27,100,0,0,0,0,0,0,0,0,0,0,0,0,0,0,0,0,0,0,0,0,0
YB_2025_UPZ_1_5,YB,44.3114,-124.1086,6/13/25,2025,CP,UPZ,1,5,VD,2,0,2,0,0,NA,NA,0,0,1,,,NA,NA,NA,,,,,,,,2,77,0,0,4,1,15,0,1,1,100,0,0,0,0,0,7,0,0,0,0,0,0,0,0,0,0,0,0,0,7,7
WC_2025_AZ_1_1,WC,42.2229,-124.383,6/25/25,2025,SO,AZ,1,1,VD,1,1,0,0,0,NA,0,0,0,0,NA,NA,NA,NA,NA,NA,NA,NA,NA,NA,NA,1,15,78,3,0,0,1,1,0,2,1,100,0,0,32,0,0,25,0,0,0,0,0,0,0,0,0,0,0,0,0,25,57
WC_2025_AZ_1_2,WC,42.2229,-124.383,6/25/25,2025,SO,AZ,1,2,VD,1,0,1,0,0,NA,0,0,0,0,NA,NA,NA,NA,NA,NA,NA,NA,NA,NA,NA,1,9,79,3,0,0,5,0,2,2,1,100,0,0,21,0,0,22,0,0,0,0,0,0,0,0,0,0,0,0,0,22,43
WC_2025_AZ_1_3,WC,42.2229,-124.383,6/25/25,2025,SO,AZ,1,3,VD,0,0,0,0,0,NA,0,0,0,0,NA,NA,NA,NA,NA,NA,NA,NA,NA,NA,NA,0,3,9,0.1,0,0,11,7,0,70,70,100,0,0,9,0,0,11,0,0,0,21,0,0,0,0,0,0,0,0,0,11,41
WC_2025_AZ_1_4,WC,42.2229,-124.383,6/25/25,2025,SO,AZ,1,4,VD,9,1,8,0,0,NA,0,0,0,0,NA,NA,NA,NA,NA,NA,NA,NA,NA,NA,NA,5,12,58,9,0,4,4,2,0,11,6,100,10,0,15,0,0,24,0,0,0,12,0,0,0,0,0,0,0,0,0,34,61
WC_2025_AZ_1_5,WC,42.2229,-124.383,6/25/25,2025,SO,AZ,1,5,VB,0,0,0,0,0,NA,0,0,0,0,NA,NA,NA,NA,NA,NA,NA,NA,NA,NA,NA,0,14,78,3,0,1,0,0,2,2,2,100,0,2,22,0,0,60,0,0,0,7,0,0,0,0,0,0,0,0,0,62,91
WC_2025_AZ_2_1,WC,42.2229,-124.383,6/25/25,2025,SO,AZ,2,1,VD,0,0,0,0,0,NA,0,0,0,0,NA,NA,NA,NA,NA,NA,NA,NA,NA,NA,NA,0,6,42,6,0,1,0,1,38,6,6,100,0,30,0,0,36,0,0,0,0,0,0,0,0,0,0,0,0,0,0,66,66
WC_2025_AZ_2_2,WC,42.2229,-124.383,6/25/25,2025,SO,AZ,2,2,VD,0,0,0,0,0,NA,0,0,0,0,NA,NA,NA,NA,NA,NA,NA,NA,NA,NA,NA,0,10,41,2,25,4,6,0,10,2,2,100,85,0,0,0,2,0,0,0,0,0,0,0,0,0,0,0,0,0,0,87,87
WC_2025_AZ_2_3,WC,42.2229,-124.383,6/25/25,2025,SO,AZ,2,3,VD,12,0,0,12,6,NA,0,0,0,0,NA,NA,NA,NA,NA,NA,NA,NA,NA,NA,NA,20,1,20,9,26,9,2,0,2,31,11,100,0,0,0,0,8,0,0,5,0,0,0,0,0,0,0,0,0,0,0,13,13
WC_2025_AZ_2_4,WC,42.2229,-124.383,6/25/25,2025,SO,AZ,2,4,FD,0,0,0,0,0,NA,0,0,0,0,NA,NA,NA,NA,NA,NA,NA,NA,NA,NA,NA,0,2,80,1,0,0,1,5,2,9,9,100,0,8,0,0,0,4,0,0,0,0,0,6,0,0,0,0,0,0,0,18,18
WC_2025_AZ_2_5,WC,42.2229,-124.383,6/25/25,2025,SO,AZ,2,5,VD,1,0,0,1,0,NA,0,0,0,0,NA,NA,NA,NA,NA,NA,NA,NA,NA,NA,NA,1,2,44,14,10,6,4,0,5,15,14,100,0,5,0,0,8,6,0,10,0,0,0,0,0,0,0,0,0,0,0,29,29
WC_2025_UPZ_1_1,WC,42.2229,-124.383,6/25/25,2025,SO,UPZ,1,1,VB,4,0,0,4,0,NA,0,0,2,2,,,,,,,,,,,,6,28,30,1,0,17,4,2,0,18,12,100,0,16,0,1,14,16,7,0,0,0,0,0,65,0,0,0,16,0,0,119,135
WC_2025_UPZ_1_2,WC,42.2229,-124.383,6/25/25,2025,SO,UPZ,1,2,FD,1,1,0,0,0,NA,0,0,8,9,,,,,,,,,,,,1,0,12,0.1,0,9,0,0,0,79,78,100,0,0,0,0,0,0,0,0,0,0,0,0,0,0,0,0,0,0,0,0,0
WC_2025_UPZ_1_3,WC,42.2229,-124.383,6/25/25,2025,SO,UPZ,1,3,VD,12,11,0,1,3,NA,0,0,6,17,,,,,,,,,,,,11,6,33,4,0,8,3,2,0,44,33,100,0,11,0,0,0,7,0,0,0,0,0,0,0,0,0,0,0,0,0,18,18
WC_2025_UPZ_1_4,WC,42.2229,-124.383,6/25/25,2025,SO,UPZ,1,4,VD,11,10,0,1,1,NA,0,0,5,15,,,,,,,,,,,,10,4,63,0.1,0,9,0,1,0,23,13,100,0,8,0,0,0,27,0,0,0,0,0,0,0,0,0,0,0,0,0,35,35
WC_2025_UPZ_1_5,WC,42.2229,-124.383,6/25/25,2025,SO,UPZ,1,5,VB,7,6,0,1,0,NA,0,0,7,13,,,,,,,,,,,,7,9,8,0,0,15,2,1,0,65,58,100,0,0,0,0,0,5,35,0,0,0,0,0,0,0,0,0,0,0,0,40,40
WC_2025_UPZ_2_1,WC,42.2229,-124.383,6/25/25,2025,SO,UPZ,2,1,VD,25,1,5,19,0,NA,0,0,0,5,,,,,,,,,,,,24,0,1,0.1,0,24,12,1,0.1,62,38,100,0,0,0,0,0,0,0,0,0,0,0,0,0,0,0,0,0,0,0,0,0
WC_2025_UPZ_2_2,WC,42.2229,-124.383,6/25/25,2025,SO,UPZ,2,2,VB,19,3,3,13,4,NA,0,0,4,7,,,,,,,,,,,,35,9,22,5,0,3,4,7,9,41,6,100,0,0,0,0,0,5,25,0,0,0,0,0,0,0,0,0,0,0,0,30,30
WC_2025_UPZ_2_3,WC,42.2229,-124.383,6/25/25,2025,SO,UPZ,2,3,VB,2,1,1,0,1,NA,0,0,4,5,,,,,,,,,,,,3,4,69,5,0,3,1,2,0,16,13,100,0,24,0,0,0,9,3,0,0,0,0,0,0,0,0,0,0,0,0,36,36
WC_2025_UPZ_2_4,WC,42.2229,-124.383,6/25/25,2025,SO,UPZ,2,4,VD,1,0,0,1,0,NA,0,0,12,12,,,,,,,,,,,,1,0,2,1,0,12,26,0.1,0,59,58,100,0,0,0,0,0,0,0,0,0,0,0,0,0,0,0,0,0,0,0,0,0
WC_2025_UPZ_2_5,WC,42.2229,-124.383,6/25/25,2025,SO,UPZ,2,5,VB,9,6,3,0,2,NA,0,0,7,13,,,,,,,,,,,,9,10,26,3,0,10,8,5,4,34,25,100,0,0,0,0,0,3,50,15,0,0,0,0,0,7,0,0,0,0,0,75,75
WC_2025_NPZ_1_1,WC,42.2229,-124.383,6/25/25,2025,SO,NPZ,1,1,VB,39,3,12,24,32,NA,15,0,0,3,,,,,,,,,,,,37,0,1,1,0,44,14,1,0,39,2,100,0,0,0,0,0,0,1,0,0,0,0,0,0,0,0,0,0,0,0,1,1
WC_2025_NPZ_1_2,WC,42.2229,-124.383,6/25/25,2025,SO,NPZ,1,2,FB,1,0,1,0,4,NA,0,0,0,0,,,,,,,,,,,,1,0,0,2,5,3,8,0.1,0,82,81,100,0,0,0,0,0,0,0,0,0,0,0,0,0,0,0,0,0,0,0,0,0
WC_2025_NPZ_1_3,WC,42.2229,-124.383,6/25/25,2025,SO,NPZ,1,3,VB,29,0,1,28,2,NA,0,0,0,0,,,,,,,,,,,,38,0,0,0,0,7,2,1,11,79,41,100,0,0,0,0,0,0,0,0,0,0,0,0,0,0,0,0,0,0,0,0,0
WC_2025_NPZ_1_4,WC,42.2229,-124.383,6/25/25,2025,SO,NPZ,1,4,VB,20,0,1,19,2,NA,0,0,0,0,,,,,,,,,,,,26,0,0,1,0,11,6,1,2,79,53,100,0,0,0,0,0,0,0,0,0,0,0,0,0,0,0,0,0,0,0,0,0
WC_2025_NPZ_1_5,WC,42.2229,-124.383,6/25/25,2025,SO,NPZ,1,5,VB,1,0,1,0,3,NA,0,0,0,0,,,,,,,,,,,,1,0,4,0.1,33,13,5,2,0.1,43,42,100,0,0,0,0,0,0,0,23,0,0,0,0,0,0,0,0,0,0,0,23,23
WC_2025_NPZ_2_1,WC,42.2229,-124.383,6/25/25,2025,SO,NPZ,2,1,CD,28,0,3,25,1,NA,0,0,0,0,,,,,,,,,,,,44,0,0,0.1,0,9,10,2,0,79,35,100,0,0,0,0,0,0,0,0,0,0,0,0,0,0,0,0,0,0,0,0,0
WC_2025_NPZ_2_2,WC,42.2229,-124.383,6/25/25,2025,SO,NPZ,2,2,CD,27,0,4,23,0,NA,0,1,0,0,,,,,,,,,,,,35,0,0,0,0,12,6,0,10,72,37,100,0,0,0,0,0,0,0,0,0,0,0,0,0,0,0,0,0,0,0,0,0
WC_2025_NPZ_2_3,WC,42.2229,-124.383,6/25/25,2025,SO,NPZ,2,3,CD,22,0,1,21,0,NA,0,0,0,0,,,,,,,,,,,,37,0,0,0,0,7,4,0,2,87,50,100,0,0,0,0,0,0,0,0,0,0,0,0,0,0,0,0,0,0,0,0,0
WC_2025_NPZ_2_4,WC,42.2229,-124.383,6/25/25,2025,SO,NPZ,2,4,CD,36,0,1,35,0,NA,0,0,0,0,,,,,,,,,,,,38,0,0,0,0,9,3,0,0.1,88,50,100,0,0,0,0,0,0,0,0,0,0,0,0,0,0,0,0,0,0,0,0,0
WC_2025_NPZ_2_5,WC,42.2229,-124.383,6/25/25,2025,SO,NPZ,2,5,VB,16,0,3,13,0,NA,0,0,0,0,,,,,,,,,,,,26,0,0,3,0,11,3,1,7,75,49,100,0,0,0,0,0,0,0,0,0,0,0,0,0,0,0,0,0,0,0,0,0
RP_2025_AZ_1_1,RP,42.71666,-124.467,6/24/25,2025,CB,AZ,1,1,FB,0,0,0,0,0,NA,0,0,1,1,NA,NA,NA,NA,NA,NA,NA,NA,NA,NA,NA,0,32,16,0,21,19,4,0,0,8,8,100,0,20,0,0,25,30,0,29,0,0,0,0,0,0,0,0,0,0,0,104,104
RP_2025_AZ_1_2,RP,42.71666,-124.467,6/24/25,2025,CB,AZ,1,2,FB,2,2,0,0,1,NA,0,0,0,2,NA,NA,NA,NA,NA,NA,NA,NA,NA,NA,NA,1,31,61,0,0,3,0,0.1,3,2,1,100,0,0,0,0,0,53,0,0,0,0,0,0,0,0,0,0,0,0,0,53,53
RP_2025_AZ_1_3,RP,42.71666,-124.467,6/24/25,2025,CB,AZ,1,3,FB,0,0,0,0,0,NA,0,0,0,0,NA,NA,NA,NA,NA,NA,NA,NA,NA,NA,NA,0,17,34,48,0,0,0,0,1,0,0,100,0,0,0,0,0,22,0,0,0,12,0,0,0,0,0,0,0,0,0,22,34
RP_2025_AZ_1_4,RP,42.71666,-124.467,6/24/25,2025,CB,AZ,1,4,FB,0,0,0,0,0,NA,0,0,0,0,NA,NA,NA,NA,NA,NA,NA,NA,NA,NA,NA,0,17,68,9,0,0,0,0,6,0,0,100,0,0,0,0,20,40,0,0,0,0,0,0,0,0,0,0,0,0,0,60,60
RP_2025_AZ_1_5,RP,42.71666,-124.467,6/24/25,2025,CB,AZ,1,5,FB,0,0,0,0,0,NA,0,0,1,1,NA,NA,NA,NA,NA,NA,NA,NA,NA,NA,NA,0,15,35,2,0,0,0,0,46,2,2,100,0,3,0,0,3,70,0,0,0,0,0,0,0,0,0,0,0,0,0,76,76
RP_2025_AZ_2_1,RP,42.71666,-124.467,6/24/25,2025,CB,AZ,2,1,FB,0,0,0,0,0,NA,0,0,0,0,NA,NA,NA,NA,NA,NA,NA,NA,NA,NA,NA,0,10,79,0,11,0,0,0,0,0,0,100,0,0,0,0,1,21,0,0,0,0,0,0,0,0,0,0,0,0,0,22,22
RP_2025_AZ_2_2,RP,42.71666,-124.467,6/24/25,2025,CB,AZ,2,2,FB,0,0,0,0,0,NA,0,0,0,0,NA,NA,NA,NA,NA,NA,NA,NA,NA,NA,NA,0,21,5,4,0,5,10,1,0,54,54,100,0,13,5,0,0,3,0,0,0,24,0,0,0,0,0,0,0,0,0,16,45
RP_2025_AZ_2_3,RP,42.71666,-124.467,6/24/25,2025,CB,AZ,2,3,FB,0,0,0,0,0,NA,0,0,0,0,NA,NA,NA,NA,NA,NA,NA,NA,NA,NA,NA,0,0,0,0,95,0,0,0,5,0,0,100,0,0,0,0,0,0,0,95,0,0,0,0,0,0,0,0,0,0,0,95,95
RP_2025_AZ_2_4,RP,42.71666,-124.467,6/24/25,2025,CB,AZ,2,4,VD,0,0,0,0,0,NA,0,0,0,0,NA,NA,NA,NA,NA,NA,NA,NA,NA,NA,NA,0,60,0,0,0,0,0,3,0,37,37,100,0,0,0,0,0,0,0,0,0,65,0,0,0,0,0,0,0,0,0,0,65
RP_2025_AZ_2_5,RP,42.71666,-124.467,6/24/25,2025,CB,AZ,2,5,FB,0,0,0,0,0,NA,0,0,0,0,NA,NA,NA,NA,NA,NA,NA,NA,NA,NA,NA,0,11,82,0,0,4,0,0,3,0,0,100,0,23,0,0,0,20,0,0,0,0,0,0,0,0,0,0,0,0,0,43,43
RP_2025_NPZ_1_1,RP,42.71666,-124.467,6/24/25,2025,CB,NPZ,1,1,VD,45,1,10,35,14,NA,0,0,0,1,,,,,,,,,,,,40,2,10,0.1,0,22,5,1,20,40,0,100,0,0,0,0,16,16,0,0,0,0,0,0,0,0,0,0,0,0,0,32,32
RP_2025_NPZ_1_2,RP,42.71666,-124.467,6/24/25,2025,CB,NPZ,1,2,VD,71,0,25,46,17,NA,9,0,0,0,,,,,,,,,,,,65,0,0,0,0,12,9,5,23,51,0,100,0,0,0,0,12,0,0,0,0,0,0,0,0,0,0,0,0,0,0,12,12
RP_2025_NPZ_1_3,RP,42.71666,-124.467,6/24/25,2025,CB,NPZ,1,3,VD,6,0,2,4,3,NA,0,0,0,0,,,,,,,,,,,,6,8,38,1,8,18,6,4,6,11,5,100,0,9,0,0,3,22,0,0,0,0,0,0,0,0,0,0,0,0,0,34,34
RP_2025_NPZ_1_4,RP,42.71666,-124.467,6/24/25,2025,CB,NPZ,1,4,CD,49,0,5,44,3,NA,0,0,0,0,,,,,,,,,,,,71,0,0,0,0,13,5,5,18,59,0,100,0,0,0,0,0,0,0,0,0,0,0,0,0,0,0,0,0,0,0,0,0
RP_2025_NPZ_1_5,RP,42.71666,-124.467,6/24/25,2025,CB,NPZ,1,5,VD,45,0,7,38,6,NA,0,0,0,0,,,,,,,,,,,,37,0,15,1,0,15,9,7,15,38,1,100,0,0,0,0,0,0,0,0,0,0,0,0,0,0,0,0,0,0,0,0,0
RP_2025_NPZ_2_1,RP,42.71666,-124.467,6/24/25,2025,CB,NPZ,2,1,VD,33,0,8,25,10,NA,NA,0,0,0,,,,,,,,,,,,42,0,0,0,0,43,0,4,15,38,-4,100,0,0,0,0,0,0,0,0,0,0,0,0,0,0,0,0,0,0,0,0,0
RP_2025_NPZ_2_2,RP,42.71666,-124.467,6/24/25,2025,CB,NPZ,2,2,VD,23,1,20,2,6,NA,NA,0,0,1,,,,,,,,,,,,17,0,0,0,0,53,9,2,2,34,17,100,0,0,0,0,0,0,0,0,0,0,0,0,0,0,0,0,0,0,0,0,0
RP_2025_NPZ_2_3,RP,42.71666,-124.467,6/24/25,2025,CB,NPZ,2,3,VD,28,1,2,25,16,NA,NA,0,0,1,,,,,,,,,,,,37,0,0,0,0,45,0,2,11,42,5,100,0,0,0,0,0,0,0,0,0,0,0,0,0,0,0,0,0,0,0,0,0
RP_2025_NPZ_2_4,RP,42.71666,-124.467,6/24/25,2025,CB,NPZ,2,4,VD,54,10,2,32,15,2,NA,0,0,0,,,,,,,,,,,,69,0,0,0,0,12,0,2,29,57,-12,100,0,0,0,0,0,0,0,0,0,0,0,0,0,0,0,0,0,0,0,0,0
RP_2025_NPZ_2_5,RP,42.71666,-124.467,6/24/25,2025,CB,NPZ,2,5,VD,27,5,4,18,17,4,NA,0,0,0,,,,,,,,,,,,40,5,0,0,0,21,2,2,19,51,11,100,0,0,0,0,0,0,0,0,0,0,0,0,11,0,0,0,0,0,0,11,11
RP_2025_UPZ_1_1,RP,42.71666,-124.467,6/24/25,2025,CB,UPZ,1,1,VB,17,5,16,1,16,NA,5,0,1,6,,,,,,,,,,,,22,2,24,0,0,28,11,9,0,26,4,100,0,32,0,0,0,3,0,0,0,0,0,0,0,0,0,0,0,0,0,35,35
RP_2025_UPZ_1_2,RP,42.71666,-124.467,6/24/25,2025,CB,UPZ,1,2,VB,12,12,0,0,12,NA,0,0,2,14,,,,,,,,,,,,7,10,64,0,0,15,2,1,0,8,1,100,0,23,0,0,6,8,0,0,0,0,2,0,0,0,0,0,0,0,0,39,39
RP_2025_UPZ_1_3,RP,42.71666,-124.467,6/24/25,2025,CB,UPZ,1,3,VD,26,1,5,20,0,NA,0,0,0,1,,,,,,,,,,,,30,2,20,0,0,21,3,5,3,46,16,100,0,14,0,0,0,7,0,0,0,0,0,0,0,0,0,0,0,0,0,21,21
RP_2025_UPZ_1_4,RP,42.71666,-124.467,6/24/25,2025,CB,UPZ,1,4,VB,6,6,0,0,6,NA,0,0,1,7,5,4.5,4,3.5,3,,,,,,,5,21,15,0,0,48,7,4,0,5,0,100,0,70,0,0,0,0,0,0,0,0,0,0,0,0,0,0,0,0,0,70,70
RP_2025_UPZ_1_5,RP,42.71666,-124.467,6/24/25,2025,CB,UPZ,1,5,VB,17,2,15,0,13,NA,3,0,1,3,,,,,,,,,,,,10,8,10,1,0,12,18,16,1,34,24,100,0,73,0,0,0,5,0,0,0,0,0,0,0,0,0,0,0,0,0,78,78
RP_2025_UPZ_2_1,RP,42.71666,-124.467,6/24/25,2025,CB,UPZ,2,1,FD,0,0,0,0,0,NA,0,0,0,0,,,,,,,,,,,,0,17,16,0,0,11,51,0.1,0,5,5,100,0,63,0,0,0,3,0,0,0,0,0,0,0,0,0,0,0,0,0,66,66
RP_2025_UPZ_2_2,RP,42.71666,-124.467,6/24/25,2025,CB,UPZ,2,2,VB,36,14,18,4,18,NA,6,0,2,16,,,,,,,,,,,,25,10,22,0,0,14,7,7,0,40,15,100,0,36,0,0,9,10,0,0,0,0,0,0,0,0,0,0,0,0,0,55,55
RP_2025_UPZ_2_3,RP,42.71666,-124.467,6/24/25,2025,CB,UPZ,2,3,VB,10,0,3,7,5,NA,0,0,0,0,,,,,,,,,,,,7,7,37,0,24,8,8,1,8,7,0,100,0,17,0,0,0,15,0,25,0,0,0,0,0,0,0,0,0,0,0,57,57
RP_2025_UPZ_2_4,RP,42.71666,-124.467,6/24/25,2025,CB,UPZ,2,4,VB,3,0,3,0,1,NA,0,0,0,0,4,3.3,2.5,,,,,,,,,2,13,58,1,8,3,2,1,12,2,0,100,0,6,0,0,0,31,0,2,0,0,0,0,0,0,0,0,0,0,0,39,39
RP_2025_UPZ_2_5,RP,42.71666,-124.467,6/24/25,2025,CB,UPZ,2,5,VB,8,3,5,0,12,NA,4,0,1,4,,,,,,,,,,,,7,10,3,0,0,60,10,7,0.1,10,3,100,0,28,0,0,0,0,0,0,0,0,0,0,0,0,0,0,0,0,0,28,28
CP_2025_AZ_1_1,CP,42.0434,-124.2899,6/26/25,2025,SO,AZ,1,1,FB,2,0,1,1,0,NA,0,0,0,0,NA,NA,NA,NA,NA,NA,NA,NA,NA,NA,NA,2,10,5,0,23,11,3,0,16,32,30,100,0,0,0,0,0,0,0,71,0,0,0,0,0,0,0,0,0,0,0,71,71
CP_2025_AZ_1_2,CP,42.0434,-124.2899,6/26/25,2025,SO,AZ,1,2,FB,0,0,0,0,0,NA,0,0,0,0,NA,NA,NA,NA,NA,NA,NA,NA,NA,NA,NA,0,0,0,0,46,0,0,0,54,0,0,100,0,0,0,0,0,0,0,100,0,0,0,0,0,0,0,0,0,0,0,100,100
CP_2025_AZ_1_3,CP,42.0434,-124.2899,6/26/25,2025,SO,AZ,1,3,FB,0,0,0,0,0,NA,0,0,0,0,NA,NA,NA,NA,NA,NA,NA,NA,NA,NA,NA,0,10,0,0,35,6,0,0,49,0,0,100,0,0,0,10,0,0,0,100,0,0,0,0,0,10,0,0,0,0,0,120,120
CP_2025_AZ_1_4,CP,42.0434,-124.2899,6/26/25,2025,SO,AZ,1,4,FB,6,0,6,0,1,NA,0,0,0,0,NA,NA,NA,NA,NA,NA,NA,NA,NA,NA,NA,10,14,20,0,48,0,4,7,0,7,-3,100,0,0,0,50,0,14,0,52,0,0,0,0,0,0,0,0,0,0,0,116,116
CP_2025_AZ_1_5,CP,42.0434,-124.2899,6/26/25,2025,SO,AZ,1,5,FB,0,0,0,0,0,NA,0,0,0,0,NA,NA,NA,NA,NA,NA,NA,NA,NA,NA,NA,0,0,3,0.1,39,1,9,0,44,4,4,100,0,0,0,0,0,0,0,59,0,0,0,0,0,0,0,0,0,0,0,59,59
CP_2025_AZ_2_1,CP,42.0434,-124.2899,6/26/25,2025,SO,AZ,2,1,VB,0,0,0,0,0,NA,0,0,0,0,NA,NA,NA,NA,NA,NA,NA,NA,NA,NA,NA,0,2,4,0,50,5,6,16,16,1,1,100,0,0,0,0,0,4,0,100,0,0,0,0,0,0,15,0,0,0,0,104,119
CP_2025_AZ_2_2,CP,42.0434,-124.2899,6/26/25,2025,SO,AZ,2,2,VB,0,0,0,0,0,NA,0,0,0,0,NA,NA,NA,NA,NA,NA,NA,NA,NA,NA,NA,0,0,1,0,13,5,8,0,73,0,0,100,0,0,0,0,0,1,0,88,0,0,0,0,0,0,0,0,0,0,0,89,89
CP_2025_AZ_2_3,CP,42.0434,-124.2899,6/26/25,2025,SO,AZ,2,3,VD,0,0,0,0,0,NA,0,0,0,0,NA,NA,NA,NA,NA,NA,NA,NA,NA,NA,NA,0,4,13,12,40,13,4,4,8,2,2,100,0,0,0,14,0,0,0,8,0,0,0,0,0,0,0,0,0,0,0,22,22
CP_2025_AZ_2_4,CP,42.0434,-124.2899,6/26/25,2025,SO,AZ,2,4,VD,0,0,0,0,0,NA,0,0,0,0,NA,NA,NA,NA,NA,NA,NA,NA,NA,NA,NA,0,1,28,0,29,0,3,0,39,0,0,100,0,0,0,0,0,3,0,70,0,0,0,0,0,0,0,0,0,2,0,75,75
CP_2025_AZ_2_5,CP,42.0434,-124.2899,6/26/25,2025,SO,AZ,2,5,VB,0,0,0,0,0,NA,0,0,0,0,NA,NA,NA,NA,NA,NA,NA,NA,NA,NA,NA,0,11,16,0,66,4,0,0,3,0,0,100,0,0,0,15,0,25,0,58,0,0,0,0,0,0,0,0,0,0,0,98,98
CP_2025_UPZ_1_1,CP,42.0434,-124.2899,6/26/25,2025,SO,UPZ,1,1,FD,9,9,0,0,1,NA,0,0,2,9,,,,,,,,,,,,7,2,72,0,0,10,8,1,0,7,0,100,0,0,0,2,0,0,0,0.1,0,0,0,0,0,0,0,0,0,0,0,2.1,2.1
CP_2025_UPZ_1_2,CP,42.0434,-124.2899,6/26/25,2025,SO,UPZ,1,2,FD,11,2,1,8,5,NA,0,0,0,2,,,,,,,,,,,,10,1,10,0,23,27,34,4,0,1,-9,100,0,0,0,0,0,2,0,44,0,0,0,0,0,0,0,0,0,0,0,46,46
CP_2025_UPZ_1_3,CP,42.0434,-124.2899,6/26/25,2025,SO,UPZ,1,3,VB,22,3,3,16,16,NA,10,0,0,3,,,,,,,,,,,,25,1,32,0,0,37,9,10,7,4,-21,100,0,0,0,0,0,2,0,0,0,0,0,0,0,0,0,0,0,0,0,2,2
CP_2025_UPZ_1_4,CP,42.0434,-124.2899,6/26/25,2025,SO,UPZ,1,4,WB,22,9,2,11,8,NA,0,0,2,11,,,,,,,,,,,,24,2,53,0,0,18,17,6,0,4,-20,100,0,0,0,0,0,5,0,0,0,0,0,0,0,0,0,10,0,0,0,5,15
CP_2025_UPZ_1_5,CP,42.0434,-124.2899,6/26/25,2025,SO,UPZ,1,5,VB,37,34,0,3,8,NA,0,0,1,35,,,,,,,,,,,,30,0,30,0,2,20,13,0,0,35,5,100,0,10,0,5,10,0,0,4,0,0,0,0,0,0,0,4,0,0,0,29,33
CP_2025_UPZ_2_1,CP,42.0434,-124.2899,6/26/25,2025,SO,UPZ,2,1,FD,16,6,0,10,1,NA,0,0,1,7,,,,,,,,,,,,10,1,28,0,0,49,15,2,0,5,-5,100,0,21,0,0,0,0,0,0,0,0,0,0,0,2,0,0,0,0,0,23,23
CP_2025_UPZ_2_2,CP,42.0434,-124.2899,6/26/25,2025,SO,UPZ,2,2,WB,21,2,1,18,3,NA,0,0,0,1,,,,,,,,,,,,32,0,6,0,0,50,6,2,0,36,4,100,0,12,0,0,0,0,0,0,0,0,0,0,0,0,0,0,0,0,0,12,12
CP_2025_UPZ_2_3,CP,42.0434,-124.2899,6/26/25,2025,SO,UPZ,2,3,WB,28,14,4,10,15,NA,0,0,2,16,,,,,,,,,,,,27,0,12,0,0,54,12,0,2,20,-7,100,0,85,0,0,4,0,0,0,0,0,0,0,0,0,0,2,0,0,0,89,91
CP_2025_UPZ_2_4,CP,42.0434,-124.2899,6/26/25,2025,SO,UPZ,2,4,WB,1,0,1,0,0,NA,0,0,0,0,,,,,,,,,,,,1,6,43,0,0,43,6,2,0,0,-1,100,0,77,0,0,0,7,0,0,0,0,0,0,0,9,0,5,0,0,0,93,98
CP_2025_UPZ_2_5,CP,42.0434,-124.2899,6/26/25,2025,SO,UPZ,2,5,WB,13,0,5,8,2,NA,0,0,0,0,,,,,,,,,,,,12,1,1,0,0,86,6,0,0,6,-6,100,0,63,0,0,4,0,0,0,0,0,0,0,0,3,0,0,0,0,0,70,70
CP_2025_NPZ_1_1,CP,42.0434,-124.2899,6/26/25,2025,SO,NPZ,1,1,VD,32,0,0,32,19,NA,0,0,0,0,,,,,,,,,,,,25,0,0,0,0,66,1,5,0,28,3,100,0,0,0,0,0,0,0,0,0,0,0,0,0,0,0,0,0,0,0,0,0
CP_2025_NPZ_1_2,CP,42.0434,-124.2899,6/26/25,2025,SO,NPZ,1,2,FD,46,1,3,42,20,NA,0,0,0,1,,,,,,,,,,,,50,0,3,0,0,36,3,2,0,56,6,100,0,0,0,0,0,0,0,0,0,0,0,0,0,0,0,0,0,0,0,0,0
CP_2025_NPZ_1_3,CP,42.0434,-124.2899,6/26/25,2025,SO,NPZ,1,3,CD,34,1,1,32,5,NA,0,0,0,1,,,,,,,,,,,,26,0,2,0,0,69,8,2,0,19,-7,100,0,0,0,0,0,0,0,0,0,0,0,0,0,0,0,0,0,0,0,0,0
CP_2025_NPZ_1_4,CP,42.0434,-124.2899,6/26/25,2025,SO,NPZ,1,4,WB,23,0,0,23,3,NA,0,0,0,0,,,,,,,,,,,,25,0,1,0,0,80,7,6,3,3,-22,100,0,8,0,0,0,0,0,0,0,0,0,0,0,0,0,0,0,0,0,8,8
CP_2025_NPZ_1_5,CP,42.0434,-124.2899,6/26/25,2025,SO,NPZ,1,5,FD,43,5,5,33,34,NA,1,0,2,7,,,,,,,,,,,,45,0,4,0,0,8,21,5,0,62,17,100,0,0,0,0,0,0,0,0,0,0,0,0,0,0,0,0,0,0,0,0,0
CP_2025_NPZ_2_1,CP,42.0434,-124.2899,6/26/25,2025,SO,NPZ,2,1,VD,25,0,0,25,16,NA,0,0,0,0,,,,,,,,,,,,23,0,1,0.1,0,65,24,0,0,10,-13,100,0,0,0,0,0,0,0,0,0,0,0,0,0,0,0,0,0,0,0,0,0
CP_2025_NPZ_2_2,CP,42.0434,-124.2899,6/26/25,2025,SO,NPZ,2,2,FD,34,0,0,34,26,NA,0,0,0,0,,,,,,,,,,,,38,0,0,0,0,50,5,1,4,40,2,100,0,6,0,0,0,0,0,0,0,0,0,0,0,0,0,0,0,0,0,6,6
CP_2025_NPZ_2_3,CP,42.0434,-124.2899,6/26/25,2025,SO,NPZ,2,3,CD,44,4,0,40,49,NA,0,0,0,4,,,,,,,,,,,,42,0,0,0,0,25,6,12,8,49,7,100,0,0,0,0,0,0,0,0,0,0,0,0,0,0,0,0,0,0,0,0,0
CP_2025_NPZ_2_4,CP,42.0434,-124.2899,6/26/25,2025,SO,NPZ,2,4,CD,38,0,0,38,8,NA,0,0,0,0,,,,,,,,,,,,30,0,0,0,0,26,2,1,4,67,37,100,0,0,0,0,1,0,0,0,0,0,0,0,0,0,0,0,0,0,0,1,1
CP_2025_NPZ_2_5,CP,42.0434,-124.2899,6/26/25,2025,SO,NPZ,2,5,VD,26,0,1,19,17,NA,0,0,0,0,,,,,,,,,,,,29,0,0,0,0,38,2,0,0,60,31,100,0,0,0,0,27,0,0,0,0,0,0,0,0,0,0,0,0,0,0,27,27
CB_2025_AZ_1_1,CB,42.83969,-124.5651,6/27/25,2025,CB,AZ,1,1,VD,0,0,0,0,0,NA,0,0,0,0,NA,NA,NA,NA,NA,NA,NA,NA,NA,NA,NA,0,4,3,0,0,3,2,5,8,75,75,100,0,0,0,5,60,5,0,15,0,0,0,0,0,2,0,5,0,0,0,87,92
CB_2025_AZ_1_2,CB,42.83969,-124.5651,6/27/25,2025,CB,AZ,1,2,VD,1,0,0,1,0,NA,0,0,0,0,NA,NA,NA,NA,NA,NA,NA,NA,NA,NA,NA,1,6,18,5,0,9,6,13,29,14,13,100,0,0,0,7,0,98,0,0,0,0,0,0,0,0,0,0,0,0,0,105,105
CB_2025_AZ_1_3,CB,42.83969,-124.5651,6/27/25,2025,CB,AZ,1,3,FD,0,0,0,0,0,NA,0,0,0,0,NA,NA,NA,NA,NA,NA,NA,NA,NA,NA,NA,0,73,10,0,0,4,10,0,0,3,3,100,0,0,0,0,0,22,0,0.1,0,0,0,0,0,5,0,0,0,0,0,27.1,27.1
CB_2025_AZ_1_4,CB,42.83969,-124.5651,6/27/25,2025,CB,AZ,1,4,VD,0,0,0,0,0,NA,0,0,0,0,NA,NA,NA,NA,NA,NA,NA,NA,NA,NA,NA,0,11,34,0,0.1,1,9,0,45,0,0,100,0,0,0,0,8,16,0,0,0,0,0,0,0,16,0,0,0,0,0,40,40
CB_2025_AZ_1_5,CB,42.83969,-124.5651,6/27/25,2025,CB,AZ,1,5,FD,0,0,0,0,0,NA,0,0,0,0,NA,NA,NA,NA,NA,NA,NA,NA,NA,NA,NA,0,11,15,0,0,12,53,2,7,0,0,100,0,0,0,0,12,64,0,0,0,0,0,0,0,0,0,9,0,0,17,76,85
CB_2025_AZ_2_1,CB,42.83969,-124.5651,6/27/25,2025,CB,AZ,2,1,VD,0,0,0,0,0,NA,0,0,0,0,NA,NA,NA,NA,NA,NA,NA,NA,NA,NA,NA,0,9,13,0.1,0,5,4,0,66,3,3,100,0,0,0,0,65,13,0,0,0,0,0,0,0,6,5,9,0,5,0,89,103
CB_2025_AZ_2_2,CB,42.83969,-124.5651,6/27/25,2025,CB,AZ,2,2,VD,0,0,0,0,0,NA,0,0,0,0,NA,NA,NA,NA,NA,NA,NA,NA,NA,NA,NA,0,6,8,7,0,2,2,2,20,53,53,100,13,0,0,0,4,47,0,0,0,0,0,0,0,0,0,4,0,0,0,64,68
CB_2025_AZ_2_3,CB,42.83969,-124.5651,6/27/25,2025,CB,AZ,2,3,CD,2,0,2,0,0,NA,0,0,0,0,NA,NA,NA,NA,NA,NA,NA,NA,NA,NA,NA,0,26,59,0,0,0,0,3,10,2,2,100,0,0,0,0,1,19,0,0,0,15,0,0,0,0,0,0,0,0,0,20,35
CB_2025_AZ_2_4,CB,42.83969,-124.5651,6/27/25,2025,CB,AZ,2,4,CD,0,0,0,0,0,NA,0,0,0,0,NA,NA,NA,NA,NA,NA,NA,NA,NA,NA,NA,0,12,37,3,0,1,5,3,9,30,30,100,21,17,3,0,0,5,0,0,0,32,0,0,0,0,0,0,0,0,0,43,78
CB_2025_AZ_2_5,CB,42.83969,-124.5651,6/27/25,2025,CB,AZ,2,5,VB,0,0,0,0,0,NA,0,0,0,0,NA,NA,NA,NA,NA,NA,NA,NA,NA,NA,NA,0,12,12,1,0,0.1,9,2,8,56,56,100,0,7,2,0,0,1,0,0,0,0,0,0,0,0,0,0,0,0,0,8,10
CB_2025_UPZ_1_1,CB,42.83969,-124.5651,6/27/25,2025,CB,UPZ,1,1,VB,11,8,2,1,0,NA,0,0,3,11,,,,,,,,,,,,7,2,14,0,0,17,18,7,1,41,34,100,0,45,0,0,0,2,0,0,0,0,0,0,0,0,0,0,0,0,0,47,47
CB_2025_UPZ_1_2,CB,42.83969,-124.5651,6/27/25,2025,CB,UPZ,1,2,VB,4,4,0,0,0,NA,0,0,17,21,,,,,,,,,,,,4,7,27,1,0,13,26,4,0,22,18,100,0,0,0,0,0,67,0,0,0,0,0,0,0,0,0,4,0,0,8,67,71
CB_2025_UPZ_1_3,CB,42.83969,-124.5651,6/27/25,2025,CB,UPZ,1,3,VB,6,3,0,3,0,NA,0,0,6,9,,,,,,,,,,,,4,39,16,0,0,1,4,9,0.1,31,27,100,0,0,0,0,0,22,0,0,0,0,0,0,0,0,0,0,0,0,28,22,22
CB_2025_UPZ_1_4,CB,42.83969,-124.5651,6/27/25,2025,CB,UPZ,1,4,VB,12,5,0,7,0,NA,0,0,5,10,,,,,,,,,,,,14,3,7,0,0,10,1,4,68,7,-7,100,0,5,0,0,0,24,0,0,0,0,0,0,0,0,7,0,0,0,22,29,36
CB_2025_UPZ_1_5,CB,42.83969,-124.5651,6/27/25,2025,CB,UPZ,1,5,VB,12,6,6,0,10,NA,0,0,2,8,,,,,,,,,,,,11,15,56,1,0,8,0,6,3,11,0,100,0,0,0,0,0,38,0,0,0,0,0,0,0,0,0,0,0,0,40,38,38
CB_2025_UPZ_2_1,CB,42.83969,-124.5651,6/27/25,2025,CB,UPZ,2,1,VB,14,14,0,0,0,NA,0,0,5,19,,,,,,,,,,,,9,12,4,0.1,0,10,9,0.1,0.1,65,56,100,0,1,0,0,0,0,0,0,0,0,0,0,0,0,0,0,0,0,17,1,1
CB_2025_UPZ_2_2,CB,42.83969,-124.5651,6/27/25,2025,CB,UPZ,2,2,VB,21,20,0,1,1,NA,0,0,16,36,,,,,,,,,,,,8,0,1,0,0,20,11,4,0,64,56,100,0,0,0,0,0,0,0,0,0,0,0,0,0,0,0,0,0,0,5,0,0
CB_2025_UPZ_2_3,CB,42.83969,-124.5651,6/27/25,2025,CB,UPZ,2,3,TP,15,5,0,10,3,NA,0,0,3,8,,,,,,,,,,,,19,0,5,0,0,18,65,5,0.1,7,-12,100,0,0,0,0,0,0,0,0,0,0,0,0,0,0,0,0,0,0,0,0,0
CB_2025_UPZ_2_4,CB,42.83969,-124.5651,6/27/25,2025,CB,UPZ,2,4,VB,32,28,0,4,4,NA,0,0,18,46,,,,,,,,,,,,12,0,0,0,0,20,5,2,0,73,61,100,0,35,0,0,0,0,0,0,0,0,0,0,0,0,0,0,0,0,0,35,35
CB_2025_UPZ_2_5,CB,42.83969,-124.5651,6/27/25,2025,CB,UPZ,2,5,VB,23,21,2,0,2,NA,0,0,5,28,,,,,,,,,,,,11,9,18,0,0,42,9,5,0,17,6,100,0,0,0,0,0,0,0,0,0,0,0,0,0,0,0,0,0,0,0,0,0
CB_2025_NPZ_1_1,CB,42.83969,-124.5651,6/27/25,2025,CB,NPZ,1,1,CD,31,0,2,29,2,NA,0,0,0,0,,,,,,,,,,,,33,0,0,0,0,9,6,0,18,67,34,100,0,0,0,0,0,0,0,0,0,0,0,0,0,0,0,0,0,0,0,0,0
CB_2025_NPZ_1_2,CB,42.83969,-124.5651,6/27/25,2025,CB,NPZ,1,2,CD,16,0,0,16,0,NA,0,0,0,0,,,,,,,,,,,,36,0,0,0,0,16,1,0,13,70,34,100,3,0,0,0,0,0,0,0,0,0,0,0,0,0,0,0,0,0,12,3,3
CB_2025_NPZ_1_3,CB,42.83969,-124.5651,6/27/25,2025,CB,NPZ,1,3,VD,25,3,4,18,0,NA,0,0,5,8,,,,,,,,,,,,34,0,0,0,0,20,5,10,4,61,27,100,0,0,0,0,0,0,0,0,0,0,0,0,0,0,0,0,0,0,8,0,0
CB_2025_NPZ_1_4,CB,42.83969,-124.5651,6/27/25,2025,CB,NPZ,1,4,CD,16,0,0,16,0,NA,0,0,0,0,,,,,,,,,,,,14,0,0,0,0,9,6,9,68,8,-6,100,0,0,0,0,0,0,0,0,0,0,0,0,0,0,0,0,0,0,0,0,0
CB_2025_NPZ_1_5,CB,42.83969,-124.5651,6/27/25,2025,CB,NPZ,1,5,VB,6,3,0,3,2,NA,0,0,0,3,,,,,,,,,,,,6,0,0,0,0,23,8,0,0,69,63,100,0,0,0,0,0,2,0,0,0,0,0,0,0,0,0,0,0,0,16,2,2
CB_2025_NPZ_2_1,CB,42.83969,-124.5651,6/27/25,2025,CB,NPZ,2,1,WB,4,0,0,4,0,NA,0,0,0,0,,,,,,,,,,,,8,0,11,0,0,12,14,0,6,57,49,100,0,0,0,0,0,0,0,0,0,0,0,0,0,0,0,0,0,0,29,0,0
CB_2025_NPZ_2_2,CB,42.83969,-124.5651,6/27/25,2025,CB,NPZ,2,2,CD,8,0,2,6,0,NA,0,0,0,0,,,,,,,,,,,,9,0,1,0,0,8,10,7,70,4,-5,100,0,0,0,0,0,0,0,0,0,0,0,0,0,0,0,0,0,0,0,0,0
CB_2025_NPZ_2_3,CB,42.83969,-124.5651,6/27/25,2025,CB,NPZ,2,3,CD,26,0,6,20,2,NA,0,0,0,0,,,,,,,,,,,,28,0,0,0,0,5,4,3,4,84,56,100,0,0,0,0,0,0,0,0,0,0,0,0,0,0,0,0,0,0,38,0,0
CB_2025_NPZ_2_4,CB,42.83969,-124.5651,6/27/25,2025,CB,NPZ,2,4,CD,18,0,3,15,0,NA,0,1,0,0,,,,,,,,,,,,18,0,0,0,0,11,4,0,10,75,57,100,0,0,0,0,0,0,0,0,0,0,0,0,0,0,0,0,0,0,24,0,0
CB_2025_NPZ_2_5,CB,42.83969,-124.5651,6/27/25,2025,CB,NPZ,2,5,CD,21,0,2,19,4,NA,0,0,0,0,,,,,,,,,,,,32,2,0,0,0,15,9,1,70,3,-29,100,0,0,0,0,0,0,0,0,0,0,0,0,0,0,0,0,0,0,0,0,0
SB_2025_AZ_1_1,SB,43.3339,-124.3767,6/28/25,2025,CA,AZ,1,1,VD,23,20,0,3,0,NA,0,0,0,20,NA,NA,NA,NA,NA,NA,NA,NA,NA,NA,NA,12,5,23,4,0,11,1,0.1,0.1,56,44,100,0,0,0,0,81,0,0,0,0,0,0,0,0,2,0,0,0,0,0,83,83
SB_2025_AZ_1_2,SB,43.3339,-124.3767,6/28/25,2025,CA,AZ,1,2,VD,1,0,0,1,0,NA,0,0,0,0,NA,NA,NA,NA,NA,NA,NA,NA,NA,NA,NA,1,23,38,7,0,7,1,0,1,23,22,100,24,23,0,0,65,23,0,0,0,0,0,0,0,0,0,0,0,0,0,135,135
SB_2025_AZ_1_3,SB,43.3339,-124.3767,6/28/25,2025,CA,AZ,1,3,VD,2,0,2,0,0,NA,0,0,0,0,NA,NA,NA,NA,NA,NA,NA,NA,NA,NA,NA,1,4,28,2,0,2,0,0,4,60,59,100,98,0,0,0,56,12,5,0,0,0,0,0,0,0,0,0,0,0,0,171,171
SB_2025_AZ_1_4,SB,43.3339,-124.3767,6/28/25,2025,CA,AZ,1,4,VD,6,6,0,0,0,NA,0,0,3,9,NA,NA,NA,NA,NA,NA,NA,NA,NA,NA,NA,4,5,22,1,0,5,1,0.1,10,56,52,100,0,0,0,0,57,1,20,0,0,0,0,0,0,0,0,0,0,0,0,78,78
SB_2025_AZ_1_5,SB,43.3339,-124.3767,6/28/25,2025,CA,AZ,1,5,VD,0,0,0,0,0,NA,0,0,0,0,NA,NA,NA,NA,NA,NA,NA,NA,NA,NA,NA,0,19,6,3,0,13,1,1,0,57,57,100,0,0,0,2,93,8,0,0,0,0,0,0,0,0,0,0,0,0,0,103,103
SB_2025_AZ_2_1,SB,43.3339,-124.3767,6/28/25,2025,CA,AZ,2,1,VB,0,0,0,0,0,NA,0,0,0,0,NA,NA,NA,NA,NA,NA,NA,NA,NA,NA,NA,0,6,12,24,0,9,7,0,6,36,36,100,15,0,3,0,24,15,5,0,0,0,0,0,0,0,0,0,0,0,0,59,62
SB_2025_AZ_2_2,SB,43.3339,-124.3767,6/28/25,2025,CA,AZ,2,2,VB,1,0,0,1,0,NA,0,0,0,0,NA,NA,NA,NA,NA,NA,NA,NA,NA,NA,NA,1,1,55,12,0,5,0.1,0,9,18,17,100,78,0,0,0,28,7,0,0,0,0,0,0,0,0,3,0,0,0,0,113,116
SB_2025_AZ_2_3,SB,43.3339,-124.3767,6/28/25,2025,CA,AZ,2,3,VB,0,0,0,0,0,0,0,0,0,0,NA,NA,NA,NA,NA,NA,NA,NA,NA,NA,NA,0,12,40,7,0,6,5,0,3,27,27,100,25,22,0,0,9,20,0,0,0,0,0,1,0,0,0,0,0,0,0,77,77
SB_2025_AZ_2_4,SB,43.3339,-124.3767,6/28/25,2025,CA,AZ,2,4,VB,0,0,0,0,0,0,0,0,0,0,NA,NA,NA,NA,NA,NA,NA,NA,NA,NA,NA,0,6,33,2,0,3,9,0,2,45,45,100,33,28,0,0,0,32,0,0,0,0,0,0,0,0,0,0,0,0,0,93,93
SB_2025_AZ_2_5,SB,43.3339,-124.3767,6/28/25,2025,CA,AZ,2,5,VD,0,0,0,0,0,0,0,0,0,0,NA,NA,NA,NA,NA,NA,NA,NA,NA,NA,NA,0,42,39,2,0,8,6,0,0,3,3,100,38,0,16,0,0,18,0,0,0,0,0,2,0,0,0,0,0,0,0,58,74
SB_2025_UPZ_1_1,SB,43.3339,-124.3767,6/28/25,2025,CA,UPZ,1,1,FB,28,28,0,0,7,NA,0,0,2,30,,,,,,,,,,,,30,6,11,0.1,0,14,6,0,2,61,31,100,0,0,0,0,0,0,18,0,0,0,0,0,0,0,0,0,0,0,0,18,18
SB_2025_UPZ_1_2,SB,43.3339,-124.3767,6/28/25,2025,CA,UPZ,1,2,VB,27,27,0,0,2,NA,0,0,2,25,,,,,,,,,,,,20,16,32,5,0,18,2,0.1,0.1,27,7,100,0,0,0,0,0,0,0,0,0,0,0,0,0,0,0,0,0,0,0,0,0
SB_2025_UPZ_1_3,SB,43.3339,-124.3767,6/28/25,2025,CA,UPZ,1,3,VB,19,19,0,0,0,NA,0,0,2,21,,,,,,,,,,,,11,1,31,5,0,12,3,0.1,0.1,48,37,100,0,0,0,0,0,0,0,0,0,0,0,0,0,0,0,0,0,0,0,0,0
SB_2025_UPZ_1_4,SB,43.3339,-124.3767,6/28/25,2025,CA,UPZ,1,4,TP,39,37,0,2,2,NA,0,0,3,40,,,,,,,,,,,,50,0,2,6,0,11,3,15,7,56,6,100,0,0,0,0,0,0,0,0,0,0,0,0,0,0,0,0,0,0,0,0,0
SB_2025_UPZ_1_5,SB,43.3339,-124.3767,6/28/25,2025,CA,UPZ,1,5,VB,18,18,0,0,0,NA,0,0,5,23,,,,,,,,,,,,9,1,35,0,0.1,8,3,6,3,44,35,100,0,0,0,0,0,0,0,0,0,0,0,0,0,0,0,0,0,0,0,0,0
SB_2025_UPZ_2_1,SB,43.3339,-124.3767,6/28/25,2025,CA,UPZ,2,1,VB,28,19,0,9,1,NA,0,0,3,31,,,,,,,,,,,,20,0,22,6,0,10,2,20,13,27,7,100,0,0,0,0,0,0,0,0,0,0,0,0,0,0,0,0,0,0,0,0,0
SB_2025_UPZ_2_2,SB,43.3339,-124.3767,6/28/25,2025,CA,UPZ,2,2,FB,30,30,0,0,4,NA,0,0,6,36,,,,,,,,,,,,34,0,23,6,0,8,3,6,9,45,11,100,0,0,0,0,0,0,0,0,0,0,0,0,0,0,0,0,0,0,0,0,0
SB_2025_UPZ_2_3,SB,43.3339,-124.3767,6/28/25,2025,CA,UPZ,2,3,VB,12,11,0,1,0,NA,0,0,4,16,,,,,,,,,,,,10,2,25,5,10,18,11,2,4,23,13,100,0,0,0,0,0,0,0,0,0,0,0,0,0,0,0,0,0,0,0,0,0
SB_2025_UPZ_2_4,SB,43.3339,-124.3767,6/28/25,2025,CA,UPZ,2,4,TP,48,48,0,0,3,NA,0,0,7,55,,,,,,,,,,,,36,4,31,2,0,27,2,2,16,16,0,100,0,0,0,0,0,0,0,0,0,0,0,0,0,0,0,0,0,0,0,0,0
SB_2025_UPZ_2_5,SB,43.3339,-124.3767,6/28/25,2025,CA,UPZ,2,5,FB,34,34,0,0,1,NA,0,0,3,37,,,,,,,,,,,,28,1,9,0.1,0,14,7,0.1,1,68,40,100,0,0,0,0,0,0,0,0,0,0,0,0,0,0,0,0,0,0,0,0,0
SB_2025_NPZ_1_1,SB,43.3339,-124.3767,6/28/25,2025,CA,NPZ,1,1,VD,8,0,5,3,0,NA,0,0,0,0,,,,,,,,,,,,6,1,25,1,0,21,19,0,0,33,27,100,0,0,0,0,0,0,0,0,0,0,0,0,0,0,0,0,0,0,0,0,0
SB_2025_NPZ_1_2,SB,43.3339,-124.3767,6/28/25,2025,CA,NPZ,1,2,VD,1,0,0,1,0,NA,0,0,0,0,,,,,,,,,,,,1,0,7,0,0,9,3,0,0,81,80,100,0,0,0,0,0,0,0,0,0,0,0,0,0,0,0,0,0,0,0,0,0
SB_2025_NPZ_1_3,SB,43.3339,-124.3767,6/28/25,2025,CA,NPZ,1,3,VD,8,0,5,3,0,NA,0,0,1,1,,,,,,,,,,,,9,0,8,3,0,22,3,0.1,0,64,55,100,0,0,0,0,0,0,0,0,0,0,0,0,0,0,0,0,0,0,0,0,0
SB_2025_NPZ_1_4,SB,43.3339,-124.3767,6/28/25,2025,CA,NPZ,1,4,VD,9,0,2,1,0,NA,0,0,0,0,,,,,,,,,,,,8,0,3,0.1,0,19,11,0.1,0,67,59,100,0,0,0,0,0,0,0,0,0,0,0,0,0,0,0,0,0,0,0,0,0
SB_2025_NPZ_1_5,SB,43.3339,-124.3767,6/28/25,2025,CA,NPZ,1,5,VD,8,0,7,1,,NA,0,0,0,0,,,,,,,,,,,,8,4,16,4,0,17,6,0,0,53,45,100,1,0,0,0,0,0,0,0,0,0,0,0,0,0,0,0,0,0,0,1,1
SB_2025_NPZ_2_1,SB,43.3339,-124.3767,6/28/25,2025,CA,NPZ,2,1,VB,30,16,0,14,3,NA,0,0,2,18,,,,,,,,,,,,28,0,4,0.1,0,9,2,17,53,15,-13,100,0,0,0,0,0,0,20,0,0,0,0,0,0,0,0,0,0,0,0,20,20
SB_2025_NPZ_2_2,SB,43.3339,-124.3767,6/28/25,2025,CA,NPZ,2,2,VD,27,0,5,22,3,NA,0,0,0,0,,,,,,,,,,,,32,11,15,0,0,26,8,2,0,38,6,100,0,0,0,2,3,20,13,0,0,0,0,0,2,0,0,0,0,0,0,40,40
SB_2025_NPZ_2_3,SB,43.3339,-124.3767,6/28/25,2025,CA,NPZ,2,3,VD,21,11,6,4,1,NA,0,0,2,13,,,,,,,,,,,,20,4,38,5,0,7,9,4,0,33,13,100,0,0,0,0,0,0,0,0,0,0,0,0,0,0,0,0,0,0,0,0,0
SB_2025_NPZ_2_4,SB,43.3339,-124.3767,6/28/25,2025,CA,NPZ,2,4,VD,15,5,8,2,0,NA,0,0,1,6,,,,,,,,,,,,10,3,50,0,0,9,5,0.1,0,33,23,100,0,0,0,0,0,0,0,0,0,0,0,0,0,0,0,0,0,0,0,0,0
SB_2025_NPZ_2_5,SB,43.3339,-124.3767,6/28/25,2025,CA,NPZ,2,5,VD,45,7,2,36,1,NA,0,0,0,6,,,,,,,,,,,,28,4,11,0,0,28,8,0.1,0.1,49,21,100,0,0,0,0,0,1,20,2,0,0,0,0,3,0,0,0,0,0,0,26,26
BB_2025_AZ_1_1,BB,44.8303,-124.0607,7/10/25,2025,CF,AZ,1,1,VB,0,0,0,0,0,NA,0,0,1,1,NA,NA,NA,NA,NA,NA,NA,NA,NA,NA,NA,0,0.1,84,3,1,5,0,1,6,0.1,0,100,36,17,0,0,0,0,0,1,0,0,0,0,0,0,0,0,0,0,0,54,54
BB_2025_AZ_1_2,BB,44.8303,-124.0607,7/10/25,2025,CF,AZ,1,2,VB,0,0,0,0,0,NA,0,0,4,4,NA,NA,NA,NA,NA,NA,NA,NA,NA,NA,NA,0,1,64,13,2,4,7,0,9,0,0,100,10,4,0,0,0,3,0,2,0,0,0,0,0,0,0,0,0,0,0,19,19
BB_2025_AZ_1_3,BB,44.8303,-124.0607,7/10/25,2025,CF,AZ,1,3,VD,0,0,0,0,0,NA,0,0,2,2,NA,NA,NA,NA,NA,NA,NA,NA,NA,NA,NA,0,2,3,0.1,0,13,9,2,11,60,60,100,6,56,0,0,0,0,0,0,0,0,0,0,0,0,0,0,0,0,0,62,62
BB_2025_AZ_1_4,BB,44.8303,-124.0607,7/10/25,2025,CF,AZ,1,4,VD,0,0,0,0,0,NA,0,0,0,0,NA,NA,NA,NA,NA,NA,NA,NA,NA,NA,NA,0,2,42,22,0,5,3,7,14,5,5,100,2,8,2,0,2,0,0,0,0,0,0,0,0,0,0,0,0,0,0,12,14
BB_2025_AZ_1_5,BB,44.8303,-124.0607,7/10/25,2025,CF,AZ,1,5,VB,0,0,0,0,0,NA,0,0,0,0,NA,NA,NA,NA,NA,NA,NA,NA,NA,NA,NA,0,1,70,0.1,10,7,0.1,3,7,2,2,100,44,22,0,0,0,0,0,21,0,0,0,0,0,0,0,0,0,0,0,87,87
BB_2025_AZ_2_1,BB,44.8303,-124.0607,7/10/25,2025,CF,AZ,2,1,VB,0,0,0,0,0,NA,0,0,0,0,NA,NA,NA,NA,NA,NA,NA,NA,NA,NA,NA,0,1,71,0,17,1,0,0,10,0,0,100,0,13,0,0,0,2,0,18,0,0,0,0,0,0,0,0,0,0,0,33,33
BB_2025_AZ_2_2,BB,44.8303,-124.0607,7/10/25,2025,CF,AZ,2,2,VB,0,0,0,0,0,NA,0,0,0,0,NA,NA,NA,NA,NA,NA,NA,NA,NA,NA,NA,0,0,36,0,6,8,2,0,42,6,6,100,0,0,0,0,0,0,0,55,0,0,0,0,0,0,0,0,0,0,0,55,55
BB_2025_AZ_2_3,BB,44.8303,-124.0607,7/10/25,2025,CF,AZ,2,3,VB,0,0,0,0,0,NA,0,0,1,1,NA,NA,NA,NA,NA,NA,NA,NA,NA,NA,NA,0,2,40,30,1,11,8,3,0.1,5,5,100,0,35,0,0,0,0,0,11,0,0,0,0,0,0,0,0,0,0,0,46,46
BB_2025_AZ_2_4,BB,44.8303,-124.0607,7/10/25,2025,CF,AZ,2,4,VD,0,0,0,0,0,NA,0,0,0,0,NA,NA,NA,NA,NA,NA,NA,NA,NA,NA,NA,0,7,0,6,0,12,3,3,60,9,9,100,6,56,0,0,0,6,0,0,0,0,0,0,0,0,0,0,0,0,0,68,68
BB_2025_AZ_2_5,BB,44.8303,-124.0607,7/10/25,2025,CF,AZ,2,5,WB,1,1,0,0,0,NA,0,0,0,1,NA,NA,NA,NA,NA,NA,NA,NA,NA,NA,NA,0,1,20,22,0,16,13,0,15,13,13,100,0,0,0,0,0,0,0,0,0,0,0,0,0,0,0,0,0,0,0,0,0
BB_2025_UPZ_1_1,BB,44.8303,-124.0607,7/10/25,2025,CF,UPZ,1,1,VB,39,35,0,4,2,NA,0,0,0,35,,,,,,,,,,,,22,2,59,0,0,11,2,0.1,0,26,4,100,0,0,0,0,0,2,0,1,0,0,0,0,0,0,0,0,0,0,0,3,3
BB_2025_UPZ_1_2,BB,44.8303,-124.0607,7/10/25,2025,CF,UPZ,1,2,VB,23,23,0,0,2,NA,0,0,2,25,,,,,,,,,,,,10,7,31,0,0,22,4,0,0,36,26,100,0,66,0,0,0,1,0,0,0,0,0,0,0,0,0,0,0,0,0,67,67
BB_2025_UPZ_1_3,BB,44.8303,-124.0607,7/10/25,2025,CF,UPZ,1,3,VB,15,3,3,9,1,NA,0,0,0,3,,,,,,,,,,,,12,1,16,0,6,8,2,0.1,7,60,48,100,0,0,0,0,0,8,0,14,0,0,0,0,0,0,0,0,0,0,0,22,22
BB_2025_UPZ_1_4,BB,44.8303,-124.0607,7/10/25,2025,CF,UPZ,1,4,VB,59,59,0,0,4,NA,0,0,0,59,,,,,,,,,,,,39,0.1,28,0,0,43,3,1,0,25,-14,100,0,0,0,0,0,0,1,0,0,0,0,0,0,0,0,0,0,0,0,1,1
BB_2025_UPZ_1_5,BB,44.8303,-124.0607,7/10/25,2025,CF,UPZ,1,5,VB,33,23,0,5,1,NA,0,0,2,30,,,,,,,,,,,,17,0.1,73,0,0.1,10,2,15,0.1,0.1,-17,100,0,0,0,0,0,1,0,1,0,0,0,0,0,0,0,0,0,0,0,2,2
BB_2025_UPZ_2_1,BB,44.8303,-124.0607,7/10/25,2025,CF,UPZ,2,1,FB,5,4,0,1,0,NA,0,0,11,15,,,,,,,,,,,,2,0.1,17,0,21,1,0.1,0,58,3,1,100,0,0,0,0,0,0.1,0,49,0,0,0,0,0,0,0,0,0,0,0,49.1,49.1
BB_2025_UPZ_2_2,BB,44.8303,-124.0607,7/10/25,2025,CF,UPZ,2,2,FB,18,18,0,0,6,NA,0,0,3,21,,,,,,,,,,,,9,1,45,1,0,16,2,0.1,0,35,26,100,1,14,0,0,0,2,0,0,0,0,0,0,0,0,0,0,0,0,0,17,17
BB_2025_UPZ_2_3,BB,44.8303,-124.0607,7/10/25,2025,CF,UPZ,2,3,FB,13,13,0,0,0,NA,0,0,6,19,,,,,,,,,,,,10,2,61,6,0,12,2,0,0,17,7,100,0,9,0,0,0,1,0,0,0,0,0,0,0,0,0,0,0,0,0,10,10
BB_2025_UPZ_2_4,BB,44.8303,-124.0607,7/10/25,2025,CF,UPZ,2,4,FB,28,28,0,0,1,NA,0,0,1,29,,,,,,,,,,,,19,0.1,30,0.1,0,6,0.1,1,0.1,63,44,100,0,0.1,0,0,0,0,0,0,0,0,0,0,0,0,0,0,0,0,0,0.1,0.1
BB_2025_UPZ_2_5,BB,44.8303,-124.0607,7/10/25,2025,CF,UPZ,2,5,FB,3,3,0,0,0,NA,0,0,2,5,,,,,,,,,,,,1,5,82,0,0,7,2,0.1,0.1,4,3,100,8,57,0,0,0,5,0,0,0,0,0,0,0,0,0,0,0,0,0,70,70
BB_2025_NPZ_1_1,BB,44.8303,-124.0607,7/10/25,2025,CF,NPZ,1,1,VD,8,0,8,0,0,NA,0,0,0,0,7.3,5.5,2.7,5.8,7.5,,,,,,,8,0.1,24,11,0,11,8,0,6,40,32,100,1,3,0,0,0,0,0,0,0,0,0,0,0,0,0,0,0,0,0,4,4
BB_2025_NPZ_1_2,BB,44.8303,-124.0607,7/10/25,2025,CF,NPZ,1,2,VD,4,0,3,1,0,NA,0,0,0,0,6.9,5.8,6.6,NA,NA,,,,,,,2,1,22,16,0,8,3,1,39,10,8,100,9,15,0,0,0,1,0,0.1,0,0,0,5,0,0,0,0,0,0,0,30.1,30.1
BB_2025_NPZ_1_3,BB,44.8303,-124.0607,7/10/25,2025,CF,NPZ,1,3,VD,15,0,11,4,0,NA,0,0,0,0,7.3,7.6,7.8,7.2,6.9,,,,,,,11,0,8,2,0,2,5,0,0.1,83,72,100,0,0,0,0,0,0,0,0,0,0,0,0,0,0,0,0,0,0,0,0,0
BB_2025_NPZ_1_4,BB,44.8303,-124.0607,7/10/25,2025,CF,NPZ,1,4,VD,14,0,14,0,0,NA,0,0,0,0,7.8,6.9,6.4,7.3,6.5,,,,,,,1,2,2,2,0,28,2,0.1,0,64,63,100,0,14,0,0,0,1,0,0,0,0,0,0,0,0,0,0,0,0,0,15,15
BB_2025_NPZ_1_5,BB,44.8303,-124.0607,7/10/25,2025,CF,NPZ,1,5,VD,3,0,2,1,1,NA,0,0,0,0,6.4,7,6.5,6.9,6.6,,,,,,,2,0,0,0.1,0,27,3,0.1,0,70,68,100,0,4,0,0,0,0,0,0,0,0,0,0,0,0,0,0,0,0,0,4,4
BB_2025_NPZ_2_1,BB,44.8303,-124.0607,7/10/25,2025,CF,NPZ,2,1,VD,34,0,30,4,0,NA,0,0,0,0,6.8,7.9,7,7.2,7.1,,,,,,,16,0,0,0,0,29,3,4,0,64,48,100,0,0,0,0,0,0,0,0,0,0,0,0,0,0,0,0,0,0,0,0,0
BB_2025_NPZ_2_2,BB,44.8303,-124.0607,7/10/25,2025,CF,NPZ,2,2,VD,16,0,2,14,0,NA,0,0,0,0,7.4,7.6,5.5,6.6,6.8,,,,,,,8,4,55,2,0,26,4,0.1,0,9,1,100,0,0,0,0,0,15,0,0,0,0,0,0,0,0,0,0,0,0,0,15,15
BB_2025_NPZ_2_3,BB,44.8303,-124.0607,7/10/25,2025,CF,NPZ,2,3,VD,0,0,0,0,0,NA,0,0,0,0,NA,NA,NA,NA,NA,NA,NA,NA,NA,NA,NA,0,0.1,86,0,0,9,1,0,0,4,4,100,0,0,0,0,0,5,0,0,0,0,0,0,0,0,0,0,0,0,0,5,5
BB_2025_NPZ_2_4,BB,44.8303,-124.0607,7/10/25,2025,CF,NPZ,2,4,VD,0,0,0,0,0,NA,0,0,0,0,NA,NA,NA,NA,NA,NA,NA,NA,NA,NA,NA,0,15,16,0,0,12,4,0,10,43,43,100,0,0,0,0,75,0,0,0,0,0,0,0,0,0,0,0,6,0,0,75,81
BB_2025_NPZ_2_5,BB,44.8303,-124.0607,7/10/25,2025,CF,NPZ,2,5,VD,0,0,0,0,0,NA,0,0,0,0,NA,NA,NA,NA,NA,NA,NA,NA,NA,NA,NA,0,5,16,0,0,15,0,0.1,0,64,64,100,2,62,0,0,2,3,0,0,0,0,0,0,0,0,0,0,0,0,0,69,69
SC_2026_UPZ_1_1,SC,43.3032,-124.3974,6/16/26,2026,CA,UPZ,1,1,FB,17,17,0,0,1,NA,0,0,36,56,,,,,,,,,,,,14,0,12,10,0,49,1,4,10,14,0,100,0,0,0,0,0,0,0,0,0,0,0,0,0,0,0,0,0,0,0,0,0
SC_2026_UPZ_1_2,SC,43.3032,-124.3974,6/16/26,2026,CA,UPZ,1,2,FB,23,22,0,1,1,NA,0,0,13,35,,,,,,,,,,,,18,0,8,10,0,10,2,0,52,18,0,100,0,0,0,0,0,0,0,0,0,0,0,0,0,0,0,0,0,0,0,0,0
SC_2026_UPZ_1_3,SC,43.3032,-124.3974,6/16/26,2026,CA,UPZ,1,3,FB,25,25,0,0,3,NA,0,0,27,52,,,,,,,,,,,,20,0,7,6,0,20,2,1,44,20,0,100,0,0,0,0,0,0,0,0,0,0,0,0,0,0,0,0,0,0,7,0,0
SC_2026_UPZ_1_4,SC,43.3032,-124.3974,6/16/26,2026,CA,UPZ,1,4,FB,48,48,0,0,16,NA,0,0,14,78,,,,,,,,,,,,50,0,2,0,0,18,2,8,20,50,0,100,0,0,0,0,0,0,0,0,0,0,0,0,0,0,0,0,0,0,4,0,0
SC_2026_UPZ_1_5,SC,43.3032,-124.3974,6/16/26,2026,CA,UPZ,1,5,TP,63,63,0,0,9,NA,0,0,18,81,,,,,,,,,,,,43,0,4,1,0,25,1,2,24,43,0,100,0,0,0,0,0,0,0,0,0,0,0,0,0,0,0,0,0,0,0,0,0
SC_2026_UPZ_2_1,SC,43.3032,-124.3974,6/16/26,2026,CA,UPZ,2,1,TP,22,20,2,0,1,NA,0,0,10,32,,,,,,,,,,,,14,0,16,11,0,10,2,0,47,14,0,100,0,0,0,0,0,0,0,0,0,0,0,0,0,0,0,0,0,0,0,0,0
SC_2026_UPZ_2_2,SC,43.3032,-124.3974,6/16/26,2026,CA,UPZ,2,2,TP,29,28,0,1,0,NA,0,0,7,36,,,,,,,,,,,,15,0,62,4,0,5,0,0,8,21,6,100,0,0,0,0,0,0,0,0,0,0,0,0,0,0,0,0,0,0,0,0,0
SC_2026_UPZ_2_3,SC,43.3032,-124.3974,6/16/26,2026,CA,UPZ,2,3,VB,64,64,0,0,9,NA,0,0,1,65,,,,,,,,,,,,50,0,5,4,0,14,2,0,25,50,0,100,0,0,0,0,0,0,0,0,0,0,0,0,0,0,0,0,0,0,5,0,0
SC_2026_UPZ_2_4,SC,43.3032,-124.3974,6/16/26,2026,CA,UPZ,2,4,FB,27,27,0,0,2,NA,0,0,6,33,,,,,,,,,,,,9,1,74,13,2,5,1,0,3,1,-8,100,0,0,7,1,0,0,0,12,0,0,0,0,0,0,0,0,0,0,0,13,20
SC_2026_UPZ_2_5,SC,43.3032,-124.3974,6/16/26,2026,CA,UPZ,2,5,VB,45,44,0,1,0,NA,0,0,13,58,,,,,,,,,,,,,0,5,4,0,10,0.1,0,7,74,74,100,0,0,0,0,0,0,0,0,0,0,0,0,0,0,0,0,0,0,0,0,0
SC_2026_NPZ_1_1,SC,43.3032,-124.3974,6/16/26,2026,CA,NPZ,1,1,TP,11,0,1,10,11,NA,0,0,0,0,,,,,,,,,,,,11,0,1,1,0,5,0,0,76,17,6,100,0,0,0,0,0,0,0,0,0,0,0,0,0,0,0,0,0,0,0,0,0
SC_2026_NPZ_1_2,SC,43.3032,-124.3974,6/16/26,2026,CA,NPZ,1,2,TP,32,0,1,31,1,NA,0,0,0,0,,,,,,,,,,,,26,0,0,0,0,9,1,0,64,26,0,100,0,0,0,0,0,0,0,0,0,0,0,0,0,0,0,0,0,0,0,0,0
SC_2026_NPZ_1_3,SC,43.3032,-124.3974,6/16/26,2026,CA,NPZ,1,3,VD,25,14,5,7,2,NA,0,0,20,34,,,,,,,,,,,,18,0,6,2,0,9,0,1,64,18,0,100,0,0,0,0,0,0,0,0,0,0,0,0,0,0,0,0,0,0,4,0,0
SC_2026_NPZ_1_4,SC,43.3032,-124.3974,6/16/26,2026,CA,NPZ,1,4,VB,43,4,10,29,3,NA,0,0,0,3,,,,,,,,,,,,40,0,0.1,0.1,0,12,0.1,0.1,48,40,0,100,0,0,0,0,0,0,0,0,0,0,0,0,0,0,0,0,0,0,0,0,0
SC_2026_NPZ_1_5,SC,43.3032,-124.3974,6/16/26,2026,CA,NPZ,1,5,VB,59,7,0,52,7,NA,0,0,1,8,,,,,,,,,,,,67,0,0,0,0,17,2,2,12,67,0,100,0,0,0,0,0,0,0,0,0,0,0,0,0,0,0,0,0,0,0,0,0
SC_2026_NPZ_2_1,SC,43.3032,-124.3974,6/16/26,2026,CA,NPZ,2,1,VB,8,0,1,7,0,NA,0,0,0,0,,,,,,,,,,,,8,0,0,0,0,4,0,4,82,10,2,100,0,0,0,0,0,0,0,0,0,0,0,0,0,0,0,0,0,0,0,0,0
SC_2026_NPZ_2_2,SC,43.3032,-124.3974,6/16/26,2026,CA,NPZ,2,2,TP,10,0,1,9,0,NA,0,0,0,0,,,,,,,,,,,,10,0,2,2,0,6,2,0,78,10,0,100,0,0,0,0,0,0,0,0,0,0,0,0,0,0,0,0,0,0,0,0,0
SC_2026_NPZ_2_3,SC,43.3032,-124.3974,6/16/26,2026,CA,NPZ,2,3,TP,24,0,10,14,4,NA,0,0,0,0,,,,,,,,,,,,16,0,0,0,0,16,1,3,64,16,0,100,0,0,0,0,0,0,0,0,0,0,0,0,0,0,0,0,0,0,0,0,0
SC_2026_NPZ_2_4,SC,43.3032,-124.3974,6/16/26,2026,CA,NPZ,2,4,TP,16,5,4,7,0,NA,0,0,4,9,,,,,,,,,,,,20,0,8,3,0,10,2,3,49,25,5,100,0,0,0,0,0,0,0,0,0,0,0,0,0,0,0,0,0,0,0,0,0
SC_2026_NPZ_2_5,SC,43.3032,-124.3974,6/16/26,2026,CA,NPZ,2,5,NA,22,4,,1,0,NA,0,0,2,6,,,,,,,,,,,,,0,0.1,0.1,0,12,6,2,8,72,72,100,0,0,0,0,0,0,0,0,0,0,0,0,0,0,0,0,0,0,0,0,0
CB_2026_AZ_1_1,CB,42.83969,-124.5651,6/17/26,2026,CB,AZ,1,1,VB,0,0,1,1,1,NA,0,0,17,17,NA,NA,NA,NA,NA,NA,NA,NA,NA,NA,NA,0,5,55,0,0,5,2,0,30,3,3,100,0,23,0,0,0,40,0,0,0,0,0,0,0,0,8,0,0,0,0,63,71
CB_2026_AZ_1_2,CB,42.83969,-124.5651,6/17/26,2026,CB,AZ,1,2,VB,21,20,0,1,6,NA,0,0,11,13,NA,NA,NA,NA,NA,NA,NA,NA,NA,NA,NA,14,2,70,0,0,12,0,1,10,5,-9,100,0,0,0,0,0,6,0,0,0,0,0,0,0,0,6,0,0,0,0,6,12
CB_2026_AZ_1_3,CB,42.83969,-124.5651,6/17/26,2026,CB,AZ,1,3,FB,0,0,0,0,0,NA,0,0,2,5,NA,NA,NA,NA,NA,NA,NA,NA,NA,NA,NA,0,0,8,0,0,2,0,4,0,86,86,100,0,0,0,0,0,2,0,0,0,25,0,0,0,0,0,0,0,0,0,2,27
CB_2026_AZ_1_4,CB,42.83969,-124.5651,6/17/26,2026,CB,AZ,1,4,FB,1,1,0,0,0,NA,0,0,5,6,NA,NA,NA,NA,NA,NA,NA,NA,NA,NA,NA,1,4,11,0,0,17,4,1,57,6,5,100,0,0,18,0,0,0,0,0,0,0,0,0,0,0,0,0,0,0,0,0,18
CB_2026_AZ_1_5,CB,42.83969,-124.5651,6/17/26,2026,CB,AZ,1,5,FB,3,3,0,0,1,NA,0,0,6,9,NA,NA,NA,NA,NA,NA,NA,NA,NA,NA,NA,2,3,69,0,0,19,2,0.1,0,7,5,100,0,0,24,0,0,0,0,0,0,0,0,0,0,0,0,0,0,0,0,0,24
CB_2026_AZ_2_1,CB,42.83969,-124.5651,6/17/26,2026,CB,AZ,2,1,CD,0,0,0,0,0,NA,0,0,0,0,NA,NA,NA,NA,NA,NA,NA,NA,NA,NA,NA,0,28,22,6,0,0.1,12,4,28,0,0,100,0,0,64,0,0,16,0,0,0,0,0,3,0,0,0,0,0,0,0,19,83
CB_2026_AZ_2_2,CB,42.83969,-124.5651,6/17/26,2026,CB,AZ,2,2,CD,0,0,0,0,0,NA,0,0,3,3,NA,NA,NA,NA,NA,NA,NA,NA,NA,NA,NA,0,24,12,8,0,2,6,0,37,11,11,100,4,0,0,0,0,50,0,0,0,9,0,0,0,0,0,0,0,0,0,54,63
CB_2026_AZ_2_5,CB,42.83969,-124.5651,6/17/26,2026,CB,AZ,2,5,CD,,,,,,NA,0,0,,,NA,NA,NA,NA,NA,NA,NA,NA,NA,NA,NA,,,,,,,,,,,0,0,0,0,12,0,0,25,0,0,0,0,0,4,0,0,0,0,0,0,0,29,41
CB_2026_UPZ_1_1,CB,42.83969,-124.5651,6/17/26,2026,CB,UPZ,1,1,TP,23,22,0,1,4,NA,0,0,5,28,,,,,,,,,,,,23,0,12,0,0,20,12,1,8,47,24,100,0,0,0,0,0,4,0,0,0,0,0,0,0,0,0,0,0,2,0,6,6
CB_2026_UPZ_1_2,CB,42.83969,-124.5651,6/17/26,2026,CB,UPZ,1,2,TP,25,20,3,1,6,NA,0,0,14,39,,,,,,,,,,,,18,0,12,0,0,20,4,7,4,53,35,100,0,0,0,0,0,16,0,0,0,0,0,0,0,0,0,0,0,0,0,16,16
CB_2026_UPZ_1_3,CB,42.83969,-124.5651,6/17/26,2026,CB,UPZ,1,3,VB,25,15,8,2,5,NA,0,0,12,39,,,,,,,,,,,,,0,10,0,0,16,5,1,52,16,16,100,0,3,0,0,0,0,0,0,0,0,0,0,0,0,0,0,0,0,0,3,3
CB_2026_UPZ_1_4,CB,42.83969,-124.5651,6/17/26,2026,CB,UPZ,1,4,VB,18,18,0,0,1,NA,0,0,12,32,,,,,,,,,,,,15,0,54,0,0,15,3,3,2,23,8,100,0,0,0,0,0,6,0,0,0,0,0,0,0,0,0,0,0,0,0,6,6
CB_2026_UPZ_1_5,CB,42.83969,-124.5651,6/17/26,2026,CB,UPZ,1,5,TP,17,15,0,2,3,NA,0,0,5,22,,,,,,,,,,,,11,1,58,0,0,15,8,4,12,2,-9,100,0,0,0,0,8,0,0,0,0,0,0,0,0,0,0,0,0,0,0,8,8
CB_2026_UPZ_2_1,CB,42.83969,-124.5651,6/17/26,2026,CB,UPZ,2,1,VB,13,13,0,0,4,NA,0,0,4,17,,,,,,,,,,,,11,2,71,0.1,0,10,2,0,0,15,4,100,0,0,0,0,0,15,0,0,0,0,0,0,0,0,0,0,0,0,0,15,15
CB_2026_UPZ_2_2,CB,42.83969,-124.5651,6/17/26,2026,CB,UPZ,2,2,FB,12,10,2,0,2,NA,0,0,5,17,,,,,,,,,,,,13,1,,1,0,12,4,0,0,10,-3,28,0,2,0,0,0,0,0,0,0,0,0,0,0,0,0,0,0,0,0,2,2
CB_2026_NPZ_1_1,CB,42.83969,-124.5651,6/17/26,2026,CB,NPZ,1,1,VD,14,0,4,10,1,NA,0,0,0,0,,,,,,,,,,,,12,0,10,0,0,21,6,0,59,4,-8,100,0,0,0,0,0,0,0,0,0,0,0,0,0,0,0,0,0,0,0,0,0
CB_2026_NPZ_1_2,CB,42.83969,-124.5651,6/17/26,2026,CB,NPZ,1,2,CC,23,0,2,21,1,NA,0,0,0,0,,,,,,,,,,,,24,0,5,0,0,10,6,3,71,5,-19,100,0,0,0,0,0,0,0,0,0,0,0,0,0,0,0,0,0,0,0,0,0
CB_2026_NPZ_1_3,CB,42.83969,-124.5651,6/17/26,2026,CB,NPZ,1,3,VD,14,2,11,1,1,NA,0,0,5,7,,,,,,,,,,,,13,0,0,0,0,16,3,0,6,75,62,100,0,0,0,0,0,0,0,0,0,0,0,0,0,0,0,0,0,0,0,0,0
CB_2026_NPZ_1_4,CB,42.83969,-124.5651,6/17/26,2026,CB,NPZ,1,4,VD,29,0,9,20,0,NA,0,0,0,0,,,,,,,,,,,,49,0,0,0,0,37,4,9,4,46,-3,100,0,0,0,0,0,0,0,0,0,0,0,0,0,0,0,0,0,0,0,0,0
CB_2026_NPZ_1_5,CB,42.83969,-124.5651,6/17/26,2026,CB,NPZ,1,5,VD,20,0,11,9,2,NA,0,0,0,0,,,,,,,,,,,,25,0,2,0,0,24,4,5,,29,4,64,0,0,0,0,0,0,0,0,0,0,0,0,0,0,0,0,0,0,0,0,0
CB_2026_NPZ_2_1,CB,42.83969,-124.5651,6/17/26,2026,CB,NPZ,2,1,CD,31,0,1,30,0,NA,0,0,1,1,,,,,,,,,,,,33,0,0,0,0,8,5,0,8,79,46,100,0,0,0,0,0,0,0,0,0,0,0,0,0,0,0,0,0,0,0,0,0
CB_2026_NPZ_2_2,CB,42.83969,-124.5651,6/17/26,2026,CB,NPZ,2,2,VD,30,5,25,0,0,NA,0,0,0,0,,,,,,,,,,,,43,0,0,0,0,15,0,0,5,80,37,100,0,0,0,0,0,0,0,0,0,0,0,0,0,0,0,0,0,0,0,0,0
CB_2026_NPZ_2_3,CB,42.83969,-124.5651,6/17/26,2026,CB,NPZ,2,3,VD,24,0,3,21,1,NA,0,0,0,0,,,,,,,,,,,,22,0,40,0,0,6,0,0,35,36,14,117,0,0,0,0,0,0,0,0,0,0,0,0,0,0,0,0,0,0,0,0,0
CB_2026_NPZ_2_4,CB,42.83969,-124.5651,6/17/26,2026,CB,NPZ,2,4,VD,43,0,4,39,3,NA,0,0,0,0,,,,,,,,,,,,46,0,3,0,0,6,0,3,28,60,14,100,0,0,0,0,0,0,0,0,0,0,0,0,0,0,0,0,0,0,0,0,0
CB_2026_NPZ_2_5,CB,42.83969,-124.5651,6/17/26,2026,CB,NPZ,2,5,VD,5,0,2,3,1,NA,0,0,0,0,,,,,,,,,,,,7,0,14,0,0,12,6,1,62,5,-2,100,0,0,0,0,0,0,0,0,0,0,0,0,0,0,0,0,0,0,0,0,0
WC_2026_AZ_1_1,WC,42.2229,-124.383,6/18/26,2026,SO,AZ,1,1,FD,0,0,0,0,0,NA,0,0,0,0,NA,NA,NA,NA,NA,NA,NA,NA,NA,NA,NA,0,3,24,18,0,10,14,9,12,10,10,100,0,8,9,0,0,9,0,0,0,4,0,0,0,0,2,0,0,6,0,23,38
WC_2026_AZ_1_2,WC,42.2229,-124.383,6/18/26,2026,SO,AZ,1,2,CD,5,0,2,3,0,NA,0,0,0,0,NA,NA,NA,NA,NA,NA,NA,NA,NA,NA,NA,2,1,20,7,0,3,3,2,8,56,54,100,0,0,4,0,0,1,0,0,0,0,0,0,0,0,11,0,0,12,0,13,28
WC_2026_AZ_1_3,WC,42.2229,-124.383,6/18/26,2026,SO,AZ,1,3,VD,8,2,2,4,1,NA,0,0,26,29,NA,NA,NA,NA,NA,NA,NA,NA,NA,NA,NA,6,2,,1,0,0.1,8,1,,8,2,20,0,1,0,0,0,1,0,0,0,0,0,0,0,0,0,0,0,9,0,11,11
WC_2026_AZ_1_4,WC,42.2229,-124.383,6/18/26,2026,SO,AZ,1,4,VD,2,0,2,0,0,NA,0,0,3,3,NA,NA,NA,NA,NA,NA,NA,NA,NA,NA,NA,2,1,12,10,0,0.1,8,1,13,55,53,100,0,0,0,0,0,4,0,0,0,0.1,0,0,0,0,0,0,0,13,0,17,17.1
WC_2026_AZ_1_5,WC,42.2229,-124.383,6/18/26,2026,SO,AZ,1,5,VD,0,0,0,0,0,NA,0,0,0,7,NA,NA,NA,NA,NA,NA,NA,NA,NA,NA,NA,0,1,49,0.1,0,18,20,5,3,4,4,100,0,0,0,0,0,46,0,0,0,2,8,0,0,0,0,0,0,0,0,54,56
WC_2026_AZ_2_1,WC,42.2229,-124.383,6/18/26,2026,SO,AZ,2,1,FB,0,0,0,0,0,NA,0,0,0,0,NA,NA,NA,NA,NA,NA,NA,NA,NA,NA,NA,0,52,22,6,0,0,6,3,7,4,4,100,10,9,34,0,0,31,0,0,0,0,0,16,0,0,0,0,0,0,0,66,100
WC_2026_AZ_2_2,WC,42.2229,-124.383,6/18/26,2026,SO,AZ,2,2,FB,0,0,0,0,0,NA,0,0,0,0,NA,NA,NA,NA,NA,NA,NA,NA,NA,NA,NA,0,63,20,0,0,1,5,1,8,2,2,100,0,89,11,0,0,11,0,0,0,0,0,0,0,0,0,0,0,0,0,100,111
WC_2026_AZ_2_3,WC,42.2229,-124.383,6/18/26,2026,SO,AZ,2,3,FB,0,0,0,0,0,NA,0,0,0,0,NA,NA,NA,NA,NA,NA,NA,NA,NA,NA,NA,0,17,65,6,4,2,2,0,4,0,0,100,50,40,0,0,4,0,0,4,0,0,0,15,0,0,0,0,0,0,0,113,113
WC_2026_AZ_2_4,WC,42.2229,-124.383,6/18/26,2026,SO,AZ,2,4,VD,0,0,0,0,0,NA,0,0,0,0,NA,NA,NA,NA,NA,NA,NA,NA,NA,NA,NA,0,6,52,8,0,8,12,2,6,6,6,100,38,12,0,0,22,7,0,0,0,0,0,4,0,0,0,0,0,0,0,83,83
WC_2026_AZ_2_5,WC,42.2229,-124.383,6/18/26,2026,SO,AZ,2,5,VB,0,0,0,0,0,NA,0,0,0,0,NA,NA,NA,NA,NA,NA,NA,NA,NA,NA,NA,0,9,64,4,0,5,10,1,6,1,1,100,16,54,0,0,0,0,0,1,0,0,0,5,0,0,0,0,0,0,0,76,76
WC_2026_UPZ_1_1,WC,42.2229,-124.383,6/18/26,2026,SO,UPZ,1,1,VD,17,4,7,6,1,NA,0,0,31,50,,,,,,,,,,,,20,0,0.1,0,0,16,6,6,60,12,-8,100,0,0,0,0,0,0,0,0,0,0,0,0,0,0,0,0,0,0,0,0,0
WC_2026_UPZ_1_2,WC,42.2229,-124.383,6/18/26,2026,SO,UPZ,1,2,FD,18,5,4,9,1,NA,0,0,6,11,,,,,,,,,,,,24,0,3,0,0,8,3,1,5,80,56,100,0,0,0,0,0,0,0,0,0,0,0,0,0,0,0,0,0,0,0,0,0
WC_2026_UPZ_1_3,WC,42.2229,-124.383,6/18/26,2026,SO,UPZ,1,3,CD,24,0,10,14,1,NA,0,0,6,6,,,,,,,,,,,,29,0,2,0,0,8,9,1,76,4,-25,100,0,0,0,0,0,0,0,0,0,0,0,0,0,0,0,0,0,0,0,0,0
WC_2026_UPZ_1_4,WC,42.2229,-124.383,6/18/26,2026,SO,UPZ,1,4,VD,6,2,0,4,1,NA,0,0,9,11,,,,,,,,,,,,7,0,18,0.1,0,2,3,2,4,71,64,100,0,0.1,0,0,0,0,0,0,0,0,0,0,0,0,0,0,0,4,0,4.1,4.1
WC_2026_UPZ_1_5,WC,42.2229,-124.383,6/18/26,2026,SO,UPZ,1,5,CD,8,1,7,0,0,NA,0,0,39,40,,,,,,,,,,,,4,0,6,0.1,0,12,7,1,59,15,11,100,0,0.1,0.1,0,0,0.1,0,0,0,0,0,0,0,0,0,0,0,0.1,0,0.3,0.4
WC_2026_UPZ_2_1,WC,42.2229,-124.383,6/18/26,2026,SO,UPZ,2,1,FD,9,7,0,2,,NA,0,0,4,11,,,,,,,,,,,,,4,56,3,0,3,5,0,5,24,24,100,0,0,0,0,0,0,6,0,0,0,0,0,0,0,3,0,0,0,0,6,9
WC_2026_UPZ_2_2,WC,42.2229,-124.383,6/18/26,2026,SO,UPZ,2,2,WD,15,1,4,11,0,NA,0,0,1,2,,,,,,,,,,,,,22,25,0,0,3,2,1,2,45,45,100,7,0,1,0,0,22,0,0,0,0,0,0,0,0,0,0,9,0,0,29,39
WC_2026_UPZ_2_3,WC,42.2229,-124.383,6/18/26,2026,SO,UPZ,2,3,VD,7,3,0,4,0,NA,0,0,1,4,,,,,,,,,,,,,59,10,5,0,6,6,1,2,11,11,100,3,12,0,3,2,16,15,0,0,0,0,0,0,0,0,0,23,0,0,51,74
WC_2026_UPZ_2_4,WC,42.2229,-124.383,6/18/26,2026,SO,UPZ,2,4,FD,2,1,1,0,0,NA,0,0,10,11,,,,,,,,,,,,,1,5,0,0,10,4,0,4,76,76,100,0,0,0,0,0,0,1,0,0,0,0,0,4,0,2,0,0,0,0,5,7
WC_2026_UPZ_2_5,WC,42.2229,-124.383,6/18/26,2026,SO,UPZ,2,5,VD,11,11,0,0,5,NA,0,0,4,15,,,,,,,,,,,,,8,66,1,0,4,2,1,0,18,18,100,0,13,0,0,0,3,4,0,0,0,0,0,0,0,0,0,4,0,0,20,24
WC_2026_NPZ_1_1,WC,42.2229,-124.383,6/18/26,2026,SO,NPZ,1,1,CD,16,0,5,11,0,NA,0,0,0,0,,,,,,,,,,,,21,0,4,0,0,11,6,3,59,17,-4,100,0,0,0,0,0,0,0,0,0,0,0,0,0,0,0,0,0,0,0,0,0
WC_2026_NPZ_1_2,WC,42.2229,-124.383,6/18/26,2026,SO,NPZ,1,2,VD,25,0,6,9,0,NA,0,0,0,0,,,,,,,,,,,,26,0,4,0,0,15,0.1,0,77,4,-22,100,0,0,0,0,0,0,0,0,0,0,0,0,0,0,0,0,0,0,0,0,0
WC_2026_NPZ_1_3,WC,42.2229,-124.383,6/18/26,2026,SO,NPZ,1,3,CD,27,1,6,20,0,NA,0,0,0,1,,,,,,,,,,,,24,0,1,0,0,11,0.1,0,15,73,49,100,0,0,0,0,0,0,0,0,0,0,0,0,0,0,0,0,0,0,0,0,0
WC_2026_NPZ_1_4,WC,42.2229,-124.383,6/18/26,2026,SO,NPZ,1,4,CD,20,0,9,11,0,NA,0,0,0,0,,,,,,,,,,,,20,0,1,0,0,8,0.1,1,86,4,-16,100,0,0,0,0,0,0,0,0,0,0,0,0,0,0,0,0,0,0,0,0,0
WC_2026_NPZ_1_5,WC,42.2229,-124.383,6/18/26,2026,SO,NPZ,1,5,CD,21,0,4,17,0,NA,0,0,0,0,,,,,,,,,,,,25,0,0.1,0,0,10,0.1,0,79,11,-14,100,0,0,0,0,0,0,0,0,0,0,0,0,0,0,0,0,0,0,0,0,0
WC_2026_NPZ_2_1,WC,42.2229,-124.383,6/18/26,2026,SO,NPZ,2,1,VD,30,0,21,9,0,NA,0,0,1,3,,,,,,,,,,,,,0,3,0,0,7,14,2,8,66,66,100,0,0,0,0,0,0,0,0,0,0,0,0,0,0,0,0,0,0,0,0,0
WC_2026_NPZ_2_2,WC,42.2229,-124.383,6/18/26,2026,SO,NPZ,2,2,CD,31,0,15,16,0,NA,0,0,0,1,,,,,,,,,,,,,1,5,0,0,10,4,0,4,76,76,100,0,0,0,0,0,0,0,0,0,0,0,0,0,0,0,0,0,0,0,0,0
WC_2026_NPZ_2_3,WC,42.2229,-124.383,6/18/26,2026,SO,NPZ,2,3,FD,35,0,0,35,0,NA,0,0,0,0,,,,,,,,,,,,,0,0,0,0,9,2,0,4,85,85,100,0,0,0,0,0,0,0,0,0,0,0,0,0,0,0,0,0,0,0,0,0
WC_2026_NPZ_2_4,WC,42.2229,-124.383,6/18/26,2026,SO,NPZ,2,4,CC,3,1,2,0,0,NA,0,0,0,1,,,,,,,,,,,,,2,14,0,0,28,4,1,16,35,35,100,0,0,0,0,0,1,2,0,0,0,0,0,0,0,0,0,4,0,0,3,7
WC_2026_NPZ_2_5,WC,42.2229,-124.383,6/18/26,2026,SO,NPZ,2,5,FD,45,0,19,26,1,NA,0,0,0,0,,,,,,,,,,,,,0,0,0.1,0,12,5,0,6,77,77,100,0,0,0,0,0,0,0,0,0,0,0,0,0,0,0,0,0,0,0,0,0
SB_2026_AZ_1_1,SB,43.3339,-124.3767,6/19/26,2026,CA,AZ,1,1,FB,0,0,0,0,0,NA,0,0,0,0,NA,NA,NA,NA,NA,NA,NA,NA,NA,NA,NA,0,17,40,0.1,0,17,7,1,8,10,10,100,50,20,12,0,0,20,0,0,0,0,0,0,0,0,0,0,0,0,0,,102
SB_2026_AZ_1_2,SB,43.3339,-124.3767,6/19/26,2026,CA,AZ,1,2,FB,0,0,0,0,0,NA,0,0,0,0,NA,NA,NA,NA,NA,NA,NA,NA,NA,NA,NA,0,22,59,0,0,7,3,0.1,9,0,0,100,30,20,0,0,0,32,0,0,0,0,0,0,0,0,2,0,0,0,0,,84
SB_2026_AZ_1_3,SB,43.3339,-124.3767,6/19/26,2026,CA,AZ,1,3,FB,2,0,2,0,0,NA,0,0,0,0,NA,NA,NA,NA,NA,NA,NA,NA,NA,NA,NA,0.1,15,56,1,0,8,1,0.1,14,5,5,100,100,0,3,0,0,25,0,0,0,0,0,0,0,0,4,0,0,0,0,,132
SB_2026_AZ_1_4,SB,43.3339,-124.3767,6/19/26,2026,CA,AZ,1,4,VB,3,0,3,0,0,NA,0,0,0,0,NA,NA,NA,NA,NA,NA,NA,NA,NA,NA,NA,0.1,20,57,0,0,4,0,0.1,14,5,5,100,100,0,13,0,2,17,0,0,0,0,0,5,0,0,6,0,0,0,0,,143
SB_2026_AZ_1_5,SB,43.3339,-124.3767,6/19/26,2026,CA,AZ,1,5,VB,1,0,1,0,0,NA,0,0,0,0,NA,NA,NA,NA,NA,NA,NA,NA,NA,NA,NA,0.1,17,67,0,0,6,1,0,7,2,2,100,12,0,18,0,0,22,0,0,0,0,0,0,0,0,7,0,0,0,0,,59
SB_2026_AZ_2_1,SB,43.3339,-124.3767,6/19/26,2026,CA,AZ,2,1,FB,0,0,0,0,0,NA,0,0,0,0,NA,NA,NA,NA,NA,NA,NA,NA,NA,NA,NA,0,14,70,0,0,6,1,0,7,2,2,100,80,8,9,0,0,24,0,0,0,0,0,0,0,0,0,0,0,0,0,,121
SB_2026_AZ_2_2,SB,43.3339,-124.3767,6/19/26,2026,CA,AZ,2,2,NA,0,0,0,0,0,NA,0,0,0,0,NA,NA,NA,NA,NA,NA,NA,NA,NA,NA,NA,0,9,68,4,1,4,4,0.1,5,5,5,100,92,7,0,0,0,34,0,0,0,0,0,6,0,0,0,0,0,0,0,,139
SB_2026_AZ_2_3,SB,43.3339,-124.3767,6/19/26,2026,CA,AZ,2,3,FB,0,0,0,0,0,NA,0,0,0,0,NA,NA,NA,NA,NA,NA,NA,NA,NA,NA,NA,0,16,68,7,0.1,0.1,0,0,9,0,0,100,0,26,0,0,0,30,0,0,0,0,0,0,0,0,0,0,0,0,0,,56
SB_2026_AZ_2_4,SB,43.3339,-124.3767,6/19/26,2026,CA,AZ,2,4,VB,0,0,0,0,0,NA,0,0,0,0,NA,NA,NA,NA,NA,NA,NA,NA,NA,NA,NA,0,8,82,4,0,2,1,1,1,1,1,100,22,10,9,0,0,20,0,0,0,0,0,0,0,0,0,0,0,0,0,,61
SB_2026_AZ_2_5,SB,43.3339,-124.3767,6/19/26,2026,CA,AZ,2,5,NA,0,0,0,0,0,NA,0,0,0,0,NA,NA,NA,NA,NA,NA,NA,NA,NA,NA,NA,0,12,46,11,0,0,7,0,4,20,20,100,0,0,12,0,0,38,0,0,0,0,0,10,0,0,0,0,0,0,0,,60
SB_2026_UPZ_1_1,SB,43.3339,-124.3767,6/19/26,2026,CA,UPZ,1,1,NA,63,62,0,1,1,NA,0,0,2,65,,,,,,,,,,,,,0,14,0,0,13,0,3,8,62,62,100,0.1,0,0,0,0,0,0,0,0,0,0,0,0,0,0,0,0,0,0,,0.1
SB_2026_UPZ_1_2,SB,43.3339,-124.3767,6/19/26,2026,CA,UPZ,1,2,NA,32,32,0,0,2,NA,0,0,11,45,,,,,,,,,,,,,6,35,7,0,6,1,4,20,21,21,100,0,6,0,0,0,6,0,0,0,0,0,11,0,0,0,0,0,0,0,,23
SB_2026_UPZ_1_3,SB,43.3339,-124.3767,6/19/26,2026,CA,UPZ,1,3,FB,56,56,0,0,13,NA,0,0,11,67,,,,,,,,,,,,,2,24,5,0,3,0,0,16,50,50,100,0,0,1,0,0,2,0,0,0,0,0,0,0,0,7,0,0,0,0,,10
SB_2026_UPZ_1_4,SB,43.3339,-124.3767,6/19/26,2026,CA,UPZ,1,4,FB,39,39,0,0,9,NA,0,0,10,50,,,,,,,,,,,,,1,24,4,0,10,1,1,11,48,48,100,2,0,1,0,0,2,0.1,0,0,0,0,0,0,0,0,0,0,0,0,,5.1
SB_2026_UPZ_1_5,SB,43.3339,-124.3767,6/19/26,2026,CA,UPZ,1,5,FB,40,40,0,0,2,NA,0,0,8,49,,,,,,,,,,,,,20,37,1,0,16,4,1,1,20,20,100,2,0,0,0,0,15,8,0,0,0,0,0,0,0,0,0,0,0,0,,25
SB_2026_UPZ_2_1,SB,43.3339,-124.3767,6/19/26,2026,CA,UPZ,2,1,VB,25,25,0,0,0,NA,0,0,2,27,,,,,,,,,,,,,7,50,0,0,8,1,0,1,33,33,100,0,3,0,0,2,10,0,0,0,0,0,0,1,0,0,0,0,0,0,,16
SB_2026_UPZ_2_2,SB,43.3339,-124.3767,6/19/26,2026,CA,UPZ,2,2,VB,35,35,0,0,1,NA,0,0,,,,,,,,,,,,,,,9,17,1,0,9,2,0,0.1,62,62,100,0,3,0,0,0,8,0,0,0,0,0,0,0,0,0,0,0,0,0,,11
SB_2026_UPZ_2_3,SB,43.3339,-124.3767,6/19/26,2026,CA,UPZ,2,3,VB,3,3,0,0,0,NA,0,0,3,6,,,,,,,,,,,,,56,33,0,0,4,2,0,0,5,5,100,9,5,0,0,0,37,0,0,0,0,0,0,0,0,0,0,0,0,0,,51
SB_2026_UPZ_2_4,SB,43.3339,-124.3767,6/19/26,2026,CA,UPZ,2,4,VB,13,13,0,0,1,NA,0,0,6,19,,,,,,,,,,,,,16,50,5,0,8,4,0,1,16,16,100,0,2,0,0,9,18,1,0,0,0,0,0,0,0,0,0,0,0,0,,30
SB_2026_UPZ_2_5,SB,43.3339,-124.3767,6/19/26,2026,CA,UPZ,2,5,WB,17,17,0,0,2,NA,0,0,7,24,,,,,,,,,,,,,12,44,0,0,10,10,0,0,24,24,100,0,5,0,0,2,22,0,0,0,0,0,0,0,0,2,0,0,0,0,,31
SB_2026_NPZ_1_1,SB,43.3339,-124.3767,6/19/26,2026,CA,NPZ,1,1,VD,18,1,17,0,1,NA,0,0,0,1,,,,,,,,,,,,,2,10,0,0,18,16,0,0,54,54,100,2,2,0,0,0,0,0,0,0,0,0,0,0,0,0,0,0,0,0,,4
SB_2026_NPZ_1_2,SB,43.3339,-124.3767,6/19/26,2026,CA,NPZ,1,2,VD,7,2,5,0,0,NA,0,0,0,2,,,,,,,,,,,,,1,30,0,0,11,10,0,0,48,48,100,0,0,0,0,0,2,1,0,0,0,0,0,0,0,0,0,0,0,0,,3
SB_2026_NPZ_1_3,SB,43.3339,-124.3767,6/19/26,2026,CA,NPZ,1,3,VD,4,0,4,0,0,NA,0,0,2,2,,,,,,,,,,,,,0,5,0,0,12,5,0,0,78,78,100,0,0,0,0,0,0,0,0,0,0,0,0,0,0,0,0,0,0,0,,0
SB_2026_NPZ_1_4,SB,43.3339,-124.3767,6/19/26,2026,CA,NPZ,1,4,VD,7,0,7,0,0,NA,0,0,0,0,,,,,,,,,,,,,0,3,0,0,13,7,0,0,77,77,100,0,0,0,0,0,0,0,0,0,0,0,0,0,0,0,0,0,0,0,,0
SB_2026_NPZ_1_5,SB,43.3339,-124.3767,6/19/26,2026,CA,NPZ,1,5,NA,7,0,7,0,0,NA,0,0,0,0,,,,,,,,,,,,,0,0,0,0,19,9,0,0,72,72,100,0,0,0,0,0,0,0,0,0,0,0,0,0,0,0,0,0,0,0,,0
SB_2026_NPZ_2_1,SB,43.3339,-124.3767,6/19/26,2026,CA,NPZ,2,1,VD,27,0,27,0,0,NA,0,0,0,0,,,,,,,,,,,,,1,21,0,0,18,12,0,0,48,48,100,9,0,0,0,0,0,0,0,0,0,0,0,0,0,0,0,0,0,0,,9
SB_2026_NPZ_2_2,SB,43.3339,-124.3767,6/19/26,2026,CA,NPZ,2,2,VD,16,2,14,0,1,NA,0,0,0,2,,,,,,,,,,,,,58,21,0.1,0,6,2,0,3,10,10,100,0,0,0,0,0,6,10,0,0,0,0,0,0,0,0,0,0,0,0,,16
SB_2026_NPZ_2_3,SB,43.3339,-124.3767,6/19/26,2026,CA,NPZ,2,3,VD,20,2,18,0,1,NA,0,0,0,2,,,,,,,,,,,,,5,19,0,0,7,16,0,0,53,53,100,0,0,0,0,0,12,2,0,0,0,0,0,0,0,0,0,0,0,0,,14
SB_2026_NPZ_2_4,SB,43.3339,-124.3767,6/19/26,2026,CA,NPZ,2,4,VD,21,0,21,0,0,NA,0,0,1,1,,,,,,,,,,,,,3,31,4,0,6,12,0,0,44,44,100,0,0,0,0,0,16,3,0,0,0,0,0,0,0,0,2,0,0,0,,21
SB_2026_NPZ_2_5,SB,43.3339,-124.3767,6/19/26,2026,CA,NPZ,2,5,VD,5,0,5,0,0,NA,0,0,0,0,,,,,,,,,,,,,10,77,0,0,3,5,0,0,5,5,100,0,0,0,0,0,14,0,0,0,0,0,0,22,0,0,3,9,0,0,,48
BB_2026_AZ_1_1,BB,44.8303,-124.0607,6/29/26,2026,CF,AZ,1,1,VB,0,0,0,0,0,NA,0,0,0,0,NA,NA,NA,NA,NA,NA,NA,NA,NA,NA,NA,0,1,92,0,0.1,4,0,0,1,2,2,100,0,0,8,0,4,20,0,32,0,0,0,0,0,0,0,0,0,0,0,0,64
BB_2026_AZ_1_2,BB,44.8303,-124.0607,6/29/26,2026,CF,AZ,1,2,VB,0,0,0,0,0,NA,0,0,0,0,NA,NA,NA,NA,NA,NA,NA,NA,NA,NA,NA,0,1,16,0,2,0,0,0,81,0,0,100,0,0,0,0,0,4,0,28,0,0,0,0,0,0,0,0,0,0,0,0,32
BB_2026_AZ_1_3,BB,44.8303,-124.0607,6/29/26,2026,CF,AZ,1,3,FB,0,0,0,0,0,NA,0,0,0,0,NA,NA,NA,NA,NA,NA,NA,NA,NA,NA,NA,0,5,76,0,16,0.1,0,1,2,0,0,100,45,15,0,0,0,0,0,35,0,0,0,0,0,0,0,2,0,0,0,0,97
BB_2026_AZ_1_4,BB,44.8303,-124.0607,6/29/26,2026,CF,AZ,1,4,FB,0,0,0,0,0,NA,0,0,1,0,NA,NA,NA,NA,NA,NA,NA,NA,NA,NA,NA,0,7,52,0,24,1,14,0,2,0,0,100,5,21,0,0,0,0,0,63,0,0,0,0,0,0,0,3,0,0,0,0,92
BB_2026_AZ_1_5,BB,44.8303,-124.0607,6/29/26,2026,CF,AZ,1,5,FB,0,0,0,0,0,NA,0,0,2,0,NA,NA,NA,NA,NA,NA,NA,NA,NA,NA,NA,0,1,4,0,76,1,1,6,11,0,0,100,17,1,0,0,0,0,0,100,0,0,0,0,0,0,0,0,0,0,0,0,118
BB_2026_AZ_2_1,BB,44.8303,-124.0607,6/29/26,2026,CF,AZ,2,1,VB,0,0,0,0,0,NA,0,0,4,4,NA,NA,NA,NA,NA,NA,NA,NA,NA,NA,NA,0,4,74,12,0,6,2,0,0.1,2,2,100,17,40,0,0,1,5,0,0,0,1,0,0,0,0,0,0,0,0,0,0,64
BB_2026_AZ_2_2,BB,44.8303,-124.0607,6/29/26,2026,CF,AZ,2,2,FB,0,0,0,0,0,NA,0,0,5,5,NA,NA,NA,NA,NA,NA,NA,NA,NA,NA,NA,0,5,72,13,0,8,2,0,0,0,0,100,56,52,0,0,2,10,0,0,0,0,0,0,0,0,0,0,0,0,0,0,120
BB_2026_AZ_2_3,BB,44.8303,-124.0607,6/29/26,2026,CF,AZ,2,3,FB,0,0,0,0,0,NA,0,0,2,2,NA,NA,NA,NA,NA,NA,NA,NA,NA,NA,NA,0,9,,8,0,,0.1,0,0,4,4,21,14,3,0,0,1,26,0,0,0,0,0,0,0,0,0,0,0,0,0,0,44
BB_2026_AZ_2_4,BB,44.8303,-124.0607,6/29/26,2026,CF,AZ,2,4,VB,0,0,0,0,0,NA,0,0,0,0,NA,NA,NA,NA,NA,NA,NA,NA,NA,NA,NA,0,17,61,5,0,1,0,0,1,15,15,100,35,5,0,0,0,30,0,0,0,0,0,0,0,0,0,0,0,0,0,0,70
BB_2026_AZ_2_5,BB,44.8303,-124.0607,6/29/26,2026,CF,AZ,2,5,FB,2,2,0,0,0,NA,0,0,3,3,NA,NA,NA,NA,NA,NA,NA,NA,NA,NA,NA,2,14,69,2,0,3,0,0,0,12,10,100,20,37,0,0,5,8,0,0,0,0,0,0,0,0,0,0,0,0,0,0,70
BB_2026_UPZ_1_1,BB,44.8303,-124.0607,6/29/26,2026,CF,UPZ,1,1,VB,10,10,0,0,2,NA,0,0,12,22,,,,,,,,,,,,7,3,66,0,0,14,8,2,3,4,-3,100,0,20,6,0,0,6,0,0,0,0,0,0,0,0,0,0,0,0,0,0,32
BB_2026_UPZ_1_2,BB,44.8303,-124.0607,6/29/26,2026,CF,UPZ,1,2,VB,1,1,0,0,0,NA,0,0,9,10,4.2,,,,,,,,,,,1,1,89,0,0.1,8,0.1,0,0,2,1,100,0,0,16,0,0,32,0,0.1,0,0,0,0,0,0,0,0,0,0,0,0,48.1
BB_2026_UPZ_1_3,BB,44.8303,-124.0607,6/29/26,2026,CF,UPZ,1,3,VB,7,7,0,0,2,NA,0,0,2,11,4.2,4.5,4.8,3,5,,,,,,,5,1,65,0,10,9,2,6,0,7,2,100,0,5,0,0,0,5,0,38,0,0,0,0,0,0,0,0,0,0,0,0,48
BB_2026_UPZ_1_4,BB,44.8303,-124.0607,6/29/26,2026,CF,UPZ,1,4,VB,30,30,0,0,9,NA,0,0,2,32,1.1,4.2,1.5,5.6,3,,,,,,,17,2,57,0,2,15,2,2,0,20,3,100,0,0,0,0,0,10,0,2,0,0,0,0,0,0,0,0,0,0,0,0,12
BB_2026_UPZ_1_5,BB,44.8303,-124.0607,6/29/26,2026,CF,UPZ,1,5,VB,25,24,0,1,5,NA,0,0,2,26,5,1.8,5.1,5.7,7.7,,,,,,,20,0.1,10,0,12,42,4,2,7,23,3,100,0,0,0,0,0,0,0,20,0,0,0,0,0,0,0,0,0,0,0,0,20
BB_2026_UPZ_2_1,BB,44.8303,-124.0607,6/29/26,2026,CF,UPZ,2,1,VB,13,13,0,0,1,NA,0,0,15,28,6.4,4.6,6.5,5,6.5,,,,,,,8,0,77,6,0,9,2,1,1,4,-4,100,0.1,6,0,0,0,2,0,0,0,0,0,0,0,0,0,0,0,0,0,0,8.1
BB_2026_UPZ_2_2,BB,44.8303,-124.0607,6/29/26,2026,CF,UPZ,2,2,VB,5,5,0,0,0,NA,0,0,5,10,5.7,4,6.5,7.5,5.2,,,,,,,3,1,76,5,0,1,1,0,16,0.1,-3,100,2,6,0,0,5,4,0,0,0,0,0,0,0,0,0,0,0,0,0,0,17
BB_2026_UPZ_2_3,BB,44.8303,-124.0607,6/29/26,2026,CF,UPZ,2,3,VB,14,5,8,1,1,NA,0,0,3,8,7,6.5,6.2,5.5,7.2,,,,,,,10,4,27,8,0,11,1,1,8,40,30,100,1,5,0,6,0,0,8,0,0,0,0,0,0,0,0,0,0,0,0,0,20
BB_2026_UPZ_2_4,BB,44.8303,-124.0607,6/29/26,2026,CF,UPZ,2,4,VB,10,4,6,0,1,NA,0,0,8,12,5.6,7,6.6,6.3,6.4,,,,,,,7,12,5,11,0,4,6,5,2,55,48,100,3,0,0,0,42,0,0,0,0,0,0,0,0,0,0,0,0,0,0,0,45
BB_2026_UPZ_2_5,BB,44.8303,-124.0607,6/29/26,2026,CF,UPZ,2,5,VB,12,12,0,0,0,NA,0,0,10,22,,,,,,,,,,,,6,0.1,76,9,0,4,1,0,5,5,-1,100,0,2,0,0,0,3,0,0,0,2,0,0,0,0,0,0,0,0,2,0,7
BB_2026_NPZ_1_1,BB,44.8303,-124.0607,6/29/26,2026,CF,NPZ,1,1,CD,21,4,12,5,0,NA,0,0,2,6,,,,,,,,,,,,8,0.1,12,1,0,70,3,7,0,7,-1,100,0,0,3,0,0,4,0,0,0,0.1,0,0,0,0,0,0,0,0,6,0,7.1
BB_2026_NPZ_1_2,BB,44.8303,-124.0607,6/29/26,2026,CF,NPZ,1,2,CD,28,0,19,9,1,NA,0,0,0,0,,,,,,,,,,,,27,0,0.1,1,0,5,4,2,79,9,-18,100,0,0,0,0,0,0,0,0,0,0,0,0,0,0,0,0,0,0,0,0,0
BB_2026_NPZ_1_3,BB,44.8303,-124.0607,6/29/26,2026,CF,NPZ,1,3,VD,2,0,2,0,0,NA,0,0,0,0,3.5,4.5,,,,,,,,,,2,2,88,1,1,0.1,8,0,0.1,0,-2,100,0,12,0,0,0,0,0,2,0,0,0,0,0,0,0,0,0,0,0,0,14
BB_2026_NPZ_1_4,BB,44.8303,-124.0607,6/29/26,2026,CF,NPZ,1,4,VD,1,0,1,0,0,NA,0,0,2,2,6.7,,,,,,,,,,,2,12,51,0.1,11,3,16,5,0,2,0,100,9,22,0,8,1,0,0,32,3,0,0,0,0,0,0,0,0,0,0,0,75
BB_2026_NPZ_1_5,BB,44.8303,-124.0607,6/29/26,2026,CF,NPZ,1,5,VD,4,2,1,1,0,NA,0,0,0,2,7.6,4,5.5,8,,,,,,,,6,8,72,6,0,0,4,10,0,0,-6,100,30,14,0,8,4,0,0,7,15,0,0,0,0,0,0,0,0,0,0,0,78
BB_2026_NPZ_2_1,BB,44.8303,-124.0607,6/29/26,2026,CF,NPZ,2,1,CD,23,0,13,10,0,NA,0,0,0,0,6.5,4.9,6.1,6.6,6.5,,,,,,,20,0,0.1,1,0,2,2,0.1,0,95,75,100,0,0,0,0,0,0,0,0,0,0,0,0,0,0,0,0,0,0,0,0,0
BB_2026_NPZ_2_2,BB,44.8303,-124.0607,6/29/26,2026,CF,NPZ,2,2,CD,13,0,9,4,0,NA,0,0,0,0,6.6,5,5.2,8.3,6.2,,,,,,,6,0,68,0.1,0,17,10,1,1,3,-3,100,0,1,0,0,0,0.1,0,0,0,0,0,0,0,0,0,0,0,0,0,0,1.1
BB_2026_NPZ_2_3,BB,44.8303,-124.0607,6/29/26,2026,CF,NPZ,2,3,FD,28,0,6,6,0,NA,0,0,0,0,3.6,6,4.9,6.3,7.4,,,,,,,29,0,1,3,0,24,4,4,2,62,33,100,0,0,0,0,0,0,0,0,0,0,0,0,0,0,0,0,0,0,0,0,0
BB_2026_NPZ_2_4,BB,44.8303,-124.0607,6/29/26,2026,CF,NPZ,2,4,DD,29,0,25,4,0,NA,0,0,0,0,6.3,7,6.9,5.1,6.1,,,,,,,20,0,4,0.1,0,62,17,8,0.1,9,-11,100,0,0,0,0,0,0,0,0,0,0,0,0,0,0,0,0,0,0,0,0,0
BB_2026_NPZ_2_5,BB,44.8303,-124.0607,6/29/26,2026,CF,NPZ,2,5,DD,11,11,10,0,0,NA,0,0,1,2,,,,,,,,,,,,9,0,6,0.1,0,60,16,4,0,14,5,100,0,0,0,0,0,0,0,0,0,0,0,0,0,0,0,0,0,0,0,0,0
FC_2026_AZ_1_1,FC,44.8386,-124.05875,6/30/26,2026,CF,AZ,1,1,FB,0,0,0,0,0,NA,0,0,0,0,NA,NA,NA,NA,NA,NA,NA,NA,NA,NA,NA,0,0,3,0.1,1,0,0,0,96,0,0,100,4,0,0,0,12,0,0,92,0,0.1,0,0,0,0,0,0,0,0,0,0,108.1
FC_2026_AZ_1_2,FC,44.8386,-124.05875,6/30/26,2026,CF,AZ,1,2,FB,0,0,0,0,0,NA,0,0,2,2,NA,NA,NA,NA,NA,NA,NA,NA,NA,NA,NA,0,0,2,0.1,1,0,0,1,96,0,0,100,36,24,0,0,15,2,0,80,0,0,0,0,0,0,0,0,0,0,0,0,157
FC_2026_AZ_1_3,FC,44.8386,-124.05875,6/30/26,2026,CF,AZ,1,3,FB,0,0,0,0,0,NA,0,0,5,5,NA,NA,NA,NA,NA,NA,NA,NA,NA,NA,NA,0,1,81,0,2,4,2,0,9,1,1,100,75,6,0,0,0,20,0,6,0,0,0,0,0,0,0,0,0,0,0,0,107
FC_2026_AZ_1_4,FC,44.8386,-124.05875,6/30/26,2026,CF,AZ,1,4,FB,0,0,0,0,0,NA,0,0,0,0,NA,NA,NA,NA,NA,NA,NA,NA,NA,NA,NA,0,2,40,0.1,0,43,10,2,2,1,1,100,14,0,4,0,4,66,0,0.1,0,0,0,0,0,0,4,0,0,0,0,0,92.1
FC_2026_AZ_1_5,FC,44.8386,-124.05875,6/30/26,2026,CF,AZ,1,5,FB,0,0,0,0,0,NA,0,0,0,0,NA,NA,NA,NA,NA,NA,NA,NA,NA,NA,NA,0,25,6,0,0.1,0,0,1,68,0,0,100,65,12,0,0,0,24,0,1,0,0,22,0,0,0,0,0,0,0,0,0,124
FC_2026_AZ_2_1,FC,44.8386,-124.05875,6/30/26,2026,CF,AZ,2,1,FB,0,0,0,0,0,NA,0,0,0,0,NA,NA,NA,NA,NA,NA,NA,NA,NA,NA,NA,0,0,3,0,20,3,1,5,68,0,0,100,70,0,0,0,0,0,0,31,0,0,0,0,0,0,0,0,0,0,0,0,101
FC_2026_AZ_2_2,FC,44.8386,-124.05875,6/30/26,2026,CF,AZ,2,2,FB,0,0,0,0,0,NA,0,0,0,0,NA,NA,NA,NA,NA,NA,NA,NA,NA,NA,NA,0,0,6,0,29,3,0,12,50,0,0,100,9,1,0,0,0,0,0,81,0,0,0,0,0,0,0,0,0,0,0,0,91
FC_2026_AZ_2_3,FC,44.8386,-124.05875,6/30/26,2026,CF,AZ,2,3,FB,0,0,0,0,0,NA,0,0,0,0,NA,NA,NA,NA,NA,NA,NA,NA,NA,NA,NA,0,3,11,0,25,5,0,0,49,7,7,100,0,4,0,0,0,0,0,84,0,0,0,0,0,0,4,0,0,0,0,0,92
FC_2026_AZ_2_4,FC,44.8386,-124.05875,6/30/26,2026,CF,AZ,2,4,FB,0,0,0,0,0,NA,0,0,0,0,NA,NA,NA,NA,NA,NA,NA,NA,NA,NA,NA,0,2,48,1,6,0,1,14,27,1,1,100,12,5,0,0,0,0,0,20,0,0,0,0,0,0,0,0,0,0,0,0,37
FC_2026_AZ_2_5,FC,44.8386,-124.05875,6/30/26,2026,CF,AZ,2,5,FB,0,0,0,0,0,NA,0,0,0,0,NA,NA,NA,NA,NA,NA,NA,NA,NA,NA,NA,0,7,66,0.1,17,0.1,0,0,10,0,0,100,0,40,0,0,0,3,0,28,0,0,0,0,0,0,0,0,0,0,0,0,71
FC_2026_UPZ_1_1,FC,44.8386,-124.05875,6/30/26,2026,CF,UPZ,1,1,FB,2,0,2,0,3,NA,0,0,0,0,,,,,,,,,,,,3,0.1,55,0,0,5,0.1,40,0,0,-3,100,0,2,12,0,0,0,0,0,0,0,0,0,0,0,0,0,0,0,0,0,14
FC_2026_UPZ_1_2,FC,44.8386,-124.05875,6/30/26,2026,CF,UPZ,1,2,FB,30,30,0,0,1,NA,0,0,0,31,,,,,,,,,,,,26,3,,0,0,10,1,2,0,42,16,58,0,0,0,0,0,0,0,0,0,0,0,0,0,0,0,0,0,0,0,0,0
FC_2026_UPZ_1_4,FC,44.8386,-124.05875,6/30/26,2026,CF,UPZ,1,4,FB,50,50,0,0,6,NA,0,0,5,55,,,,,,,,,,,,31,0,51,0,0,13,3,2,0,31,0,100,0,0,0,0,0,0,0,0,0,0,0,0,0,0,0,0,0,0,0,0,0
FC_2026_UPZ_1_5,FC,44.8386,-124.05875,6/30/26,2026,CF,UPZ,1,5,FB,7,1,6,0,1,NA,0,0,1,8,,,,,,,,,,,,,0.1,8,0,0,4,2,85,1,0,0,100,0,1,0,0,0,1,0,0,0,0,0,0,0,0,0,0,0,0,0,0,2
FC_2026_UPZ_2_1,FC,44.8386,-124.05875,6/30/26,2026,CF,UPZ,2,1,FB,51,51,0,0,7,NA,0,0,3,54,,,,,,,,,,,,36,2,42,0,0,14,0,2,0,40,4,100,0,0,0,0,0,6,0,0,0,0,0,0,0,0,0,0,0,0,0,0,6
FC_2026_UPZ_2_2,FC,44.8386,-124.05875,6/30/26,2026,CF,UPZ,2,2,FB,38,38,0,0,14,NA,0,0,4,42,,,,,,,,,,,,40,2,33,0,0,18,1,2,0,44,4,100,0,0,0,0,0,4,0,0,0,0,0,0,0,0,0,0,0,0,0,0,4
FC_2026_UPZ_2_3,FC,44.8386,-124.05875,6/30/26,2026,CF,UPZ,2,3,FB,18,18,0,0,4,NA,0,0,1,19,,,,,,,,,,,,8,12,74,0,0,5,0,1,0,8,0,100,0,0,0,0,0,9,0,0,0,0,0,0,0,0,0,0,0,0,0,0,9
FC_2026_UPZ_2_4,FC,44.8386,-124.05875,6/30/26,2026,CF,UPZ,2,4,FB,22,22,0,0,3,NA,0,0,6,28,,,,,,,,,,,,18,11,56,0,0,8,0,6,0,19,1,100,0,0,0,0,0,7,0,0,0,0,0,0,0,0,0,0,0,0,0,0,7
FC_2026_UPZ_2_5,FC,44.8386,-124.05875,6/30/26,2026,CF,UPZ,2,5,FB,7,4,3,0,0,NA,0,0,1,5,,,,,,,,,,,,2,0,3,0,0,3,0,92,0,2,0,100,0,0.1,0,0,0,0,0,0,0,0,0,0,0,0,0,0,0,0,0,0,0.1
FC_2026_NPZ_1_1,FC,44.8386,-124.05875,6/30/26,2026,CF,NPZ,1,1,FB,0,0,0,0,0,NA,0,0,0,0,NA,NA,NA,NA,NA,NA,NA,NA,NA,NA,NA,0,0,0,0,0,0,0,100,0,0,0,100,0,0,0,0,0,0,0,0,0,0,0,0,0,0,0,0,0,0,0,0,0
FC_2026_NPZ_1_2,FC,44.8386,-124.05875,6/30/26,2026,CF,NPZ,1,2,FB,0,0,0,0,0,NA,0,0,0,0,NA,NA,NA,NA,NA,NA,NA,NA,NA,NA,NA,0,0,0,0,0,0,0,100,0,0,0,100,0,0,0,0,0,0,0,0,0,0,0,0,0,0,0,0,0,0,0,0,0
FC_2026_NPZ_1_3,FC,44.8386,-124.05875,6/30/26,2026,CF,NPZ,1,3,FB,3,0,3,0,0,NA,0,0,0,0,,,,,,,,,,,,1,0,0,0,0,0,0,100,0,0,-1,100,0,0,0,0,0,0,0,0,0,0,0,0,0,0,0,0,0,0,0,0,0
FC_2026_NPZ_1_4,FC,44.8386,-124.05875,6/30/26,2026,CF,NPZ,1,4,FB,0,0,0,0,3,NA,0,0,0,0,NA,NA,NA,NA,NA,NA,NA,NA,NA,NA,NA,0.1,0,0,0,0,1,1,96,0,2,2,100,0,0,0,0,0,0,0,0,0,0,0,0,0,0,0,0,0,0,0,0,0
FC_2026_NPZ_1_5,FC,44.8386,-124.05875,6/30/26,2026,CF,NPZ,1,5,FB,0,0,0,0,0,NA,0,0,0,0,NA,NA,NA,NA,NA,NA,NA,NA,NA,NA,NA,0,0,0,0,0,0,0,100,0,0,0,100,0,0,0,0,0,0,0,0,0,0,0,0,0,0,0,0,0,0,0,0,0
FC_2026_NPZ_2_1,FC,44.8386,-124.05875,6/30/26,2026,CF,NPZ,2,1,FB,0,0,0,0,0,NA,0,0,0,0,NA,NA,NA,NA,NA,NA,NA,NA,NA,NA,NA,0,0,0,0,0,0,0,100,0,0,0,100,0,0,0,0,0,0,0,0,0,0,0,0,0,0,0,0,0,0,0,0,0
FC_2026_NPZ_2_2,FC,44.8386,-124.05875,6/30/26,2026,CF,NPZ,2,2,FB,0,0,0,0,0,NA,0,0,0,0,NA,NA,NA,NA,NA,NA,NA,NA,NA,NA,NA,0,0,0,0,0,2,0,98,0,0,0,100,0,0,0,0,0,0,0,0,0,0,0,0,0,0,0,0,0,0,0,0,0
FC_2026_NPZ_2_3,FC,44.8386,-124.05875,6/30/26,2026,CF,NPZ,2,3,FB,2,0,2,0,0,NA,0,0,0,0,,,,,,,,,,,,1,0,2,0,0,7,1,89,0,1,0,100,0,0,0,0,0,0,0,0,0,0,0,0,0,0,0,0,0,0,0,0,0
FC_2026_NPZ_2_4,FC,44.8386,-124.05875,6/30/26,2026,CF,NPZ,2,4,FB,2,1,1,0,0,NA,0,0,0,1,,,,,,,,,,,,1,0,30,0,0,10,0.1,56,0,4,3,100,0,0,0,0,0,0,0,0,0,0,0,0,0,0,0,0,0,0,0,0,0
FC_2026_NPZ_2_5,FC,44.8386,-124.05875,6/30/26,2026,CF,NPZ,2,5,FB,1,1,0,0,0,NA,0,0,0,1,,,,,,,,,,,,1,5,8,0,0,15,0,66,0,6,5,100,0,0,5,0,0,0,0,0,0,0,0,0,0,0,0,0,0,0,0,0,5