Formula,Formula,Formula,MetaData,MetaData,MetaData,MetaData,MetaData,MetaData,MetaData,MetaData,MetaData,MetaData,MetaData,Formula,PrimarySpace,PrimarySpace,PrimarySpace,PrimarySpace,PrimarySpace,PrimarySpace,PrimarySpace,PrimarySpace,PrimarySpace,PrimarySpace,PrimarySpace,PrimarySpace,PrimarySpace,PrimarySpace,PrimarySpace,PrimarySpace,PrimarySpace,PrimarySpace,PrimarySpace,PrimarySpace,PrimarySpace,PrimarySpace,PrimarySpace,PrimarySpace,PrimarySpace,PrimarySpace,Counts,Counts,Counts,Counts,Counts,Counts,Counts,Counts,Counts,Counts,Counts,Counts,Counts,Counts,Counts,Counts,Counts,Counts,Counts,Counts,Counts,Counts,Counts,Counts,Counts,Counts,Counts,Counts,Counts,Counts,Counts,Counts,Counts,Counts,Counts,Counts,Counts,Counts,Counts,PercentCover,PercentCover,PercentCover,PercentCover,PercentCover,PercentCover,PercentCover,PercentCover,PercentCover,PercentCover,PercentCover,PercentCover,PercentCover,PercentCover,PercentCover,PercentCover,PercentCover,PercentCover,PercentCover,PercentCover,PercentCover,PercentCover,PercentCover,PercentCover,PercentCover,PercentCover,PercentCover,PercentCover,PercentCover,PercentCover,PercentCover,PercentCover,PercentCover,PercentCover,PercentCover,PercentCover,PercentCover,PercentCover,PercentCover,PercentCover,PercentCover,PercentCover,PercentCover,PercentCover,PercentCover,PercentCover,PercentCover,PercentCover,PercentCover,PercentCover,PercentCover,PercentCover,PercentCover,PercentCover,PercentCover,PercentCover,PercentCover,PercentCover,PercentCover,PercentCover,PercentCover,PercentCover,PercentCover,PercentCover,PercentCover,PercentCover,PercentCover,PercentCover,PercentCover,PercentCover,PercentCover,PercentCover,Epibionts,Epibionts,Epibionts,Epibionts,Epibionts,Epibionts,Epibionts,Epibionts,Epibionts,Epibionts,Epibionts,Epibionts,Epibionts,Epibionts,Epibionts,Epibionts,Epibionts,HedophyllumRecruits,HedophyllumRecruits,HedophyllumRecruits,HedophyllumRecruits,HedophyllumRecruits,HedophyllumRecruits,HedophyllumRecruits,HedophyllumRecruits,,,,,
QuadYearID,QuadID,SurveyID,SiteCode,Date,Year,Surveyor,Recorder,QuadratNum,Zone,Area,Exposure,Notes,EnteredBy ,SummedPrimarySpace,Bare,Sand,Brown/Red Crust,Crustose  Coralline Algae,Sponge,Balanus glandula,Balanus nubilus,Chthamalus dalli,Pollicipes polymerus,Semibalanus cariosus,Mytilus californianus,Mytilus trossulus,Anthopleura xanthogrammica,Anthopleura elegantissima,Phyllospadix Rhizome,Hedophyllum Holdfast,Other Brown Holdfast,Green Holdfast,Red Holdfast,Articulated Coralline Holdfasts,Bryozoan,Gravel/Cobble,Hydrozoan,Other Anemone,Tube worms,Tunicate,Leptasterias spp.,Pisaster ochraceus,Nucella canaliculata,Nucella ostrina,Limpets_Lower20by20cm,Littorina_Lower20by20cm,Katharina tunicata,Tonicella lineata,Mopalia spp.,Other chiton,Strongylocentrotus purpuratus,Isopod,Nemertean,Crab,Large Mytilus californianus_>3cm,Acmaea mitra,Amphipods,Amphissa columbiana,Anisodoris nobilis,Archidoris,Brittlestar,Clam,Cryptochiton,Dodecaceria,Henricia spp.,Hermit Crab,Lacuna spp.,Lottia digitalis,Lottia pelta,Lottia strigatella,Onchidella,Onchidoris,Sea Cucumber,Sipuncula,Tegula spp.,Tube Worms,Unidentified Chiton,Unidentified whelk,Worms,Alaria marginata,Egregia menziesii,Fucus distichus,Hedophyllum sessile,Laminaria setchellii,Laminaria sinclairii,Lessoniopsis littoralis,Pelvetiopsis limitata,Phyllospadix spp.,Corallina vancouveriensis,Bossiella plumosa,Calliarthron tuberculosum,Callithamnion pikeanum,Cladophora columbiana,Constantinea simplex,Cryptopleura/Hymenena,Cryptosiphonia woodii,Dilsea californica,Endocladia muricata,Halosaccion glandiforme,Mastocarpus papillatus,Mazzaella flaccida,Mazzaella parksii,Mazzaella splendens,Microcladia borealis,Neorhodomela larix,Odonthalia floccosa,Osmundea spectabilis,Plocamium pacificum,Polysiphonia spp.,Prionitis lanceolata,Ptilota filicina,Pyropia spp.,Schizymenia spp.,Ulva spp.,Acrosiphonia spp.,Ahnfeltia fastigiata,Ahnfeltiopsis linearis,Analipus japonicus,Bryopsis corticulans,Callophyllis spp. ,Ceramium spp.,Chaetomorpha aerea,Chondracanthus canaliculatus,Chondracanthus exasperatus,Codium fragile,Codium setchellii,Colpomenia/Leathesia,Costaria costata,Desmerestia spp.,Diatoms ,Erythrophyllum delesserioides,Farlowia spp.,Gastroclonium subarticulatum,Gelidium spp.,Gloiopeltis furcata,Mazzaella affinis,Mazzaella linearus,Mazzaella spp.,Opuntiella californica,Palmaria spp. ,Phaeostrophion irregulare,Postelsia palmaformis,Rhodymenia pacifica,Scytosiphon dotyi,Soranthera ulvoidea,Unidentified brown filamentous,Unidentified brown branching,Unidentified green filamentous,Unidentified red branching,Unidentified red blade,Unidentified red filamentous,Anthopleura elegantissima epibiont,Balanus glandula epibiont,Chthamalus dalli epibiont,Endocladia muricata epibiont,Fucus distichous epibiont,Mastocarpus papillatus epibiont,Mazzaella splendens epibionts,Mytilus californianus epibiont,Mytilus trossulus epibiont,Odonthalia floccosa epibiont,Pelvetiopsis limitata epibiont,Pollicipes polymerus epibiont,Polysiphonia spp. epibiont,Pyropia/Porphyra epibiont,Semibalanus cariosus epibiont,Ulva spp. epibiont,Unidentified red algae epibiont,Hedo > articulated coralline,Hedo > bare,Hedo > barnacle,Hedo > corralline crust,Hedo > fleshy algae,Hedo > hedophyllum holdfast,Hedo > sandy tube worm,Hedo > sponge,,,,,
FC_L_1_E_01_2023,FC_L_1_E_01,FC_2023,FC,7/2/23,2023,BR,LF,1,L,1,E,,ED,100,69,,3,2,,,,,,,,,15,,,,,,9,2,,,,,,,,1,,,,,,,,,19,,,,,,,,,,,,,,,,,,,,,,,,,,,,,,,,,,,,,,,,,1,,,18,,,,,,,,8,6,,,1,,,,,,,,,,,,,,,,,,,,,,,,2,,,,,,,,,,,,,,,,,,,,,,,,,,,,,,,,,,,,,,,,,,,,,,,,,,
FC_L_1_E_02_2023,FC_L_1_E_02,FC_2023,FC,7/2/23,2023,BR,LF,2,L,1,E,,ED,100,3,,,,9,,,,,,,,1,,10,,1,,74,2,,,,,,,,2,,,,,3,,,,9,,,,,,,,,,,,,,,,,,,,,,,,,,,,,,,,,6,,,,12,2,,,,,16,19,,,,,,,,11,,,,,,,,,,1,,,,,,,,,,,,,,,,,,2,,,,,,,,,,,,,,,,,,,,,,,,,,,,,,,,,,,,,,,,,,,,,,,,,,
FC_L_1_E_03_2023,FC_L_1_E_03,FC_2023,FC,7/2/23,2023,BR,LF,3,L,1,E,,ED,100,15,,,2,9,1,,,,,,,,,71,,,,2,,,,,,,,,,,,,,,,,,,,,,,,,,,,,,,,,,,,,,,,,,,,,,,,,,,,,,,100,,,,,,5,,,,,,,,,1,,,,,,,,,,,,,,,,,,,,,,,,,,,,,,,,,,,,,,,,,,,,,,,,,,,,,,,,,,,,,,,,,,,,,,,,,,,,,,
FC_L_1_E_04_2023,FC_L_1_E_04,FC_2023,FC,7/2/23,2023,SG,BR,4,L,1,E,,ED,100,40,,,,,,,,,2,,,,11,,,,,47,,,,,,,,,,,,,,,,,,17,,,,,,,,,,1,,,,,1,,,,,,,,,,,,,,,,,,2,,,,,,,,,,,47,,,,,,,,,3,,,,,,,,,,2,,,,,,,,,,,,,,,,,,,,,,,,,,,,,,,,,,,,,,,,,,,,,,,,,,,,,,,,,,,,,,,,,,,
FC_L_1_E_05_2023,FC_L_1_E_05,FC_2023,FC,7/2/23,2023,BR,LF,5,L,1,E,,ED,100,4,,3,5,10,,,,,,,,,4,3,,1,,68,2,,,,,,,,1,,,,,,1,,,5,,,,,,,,,,,,,,,,,,,,,,,,,,,,,,,,,4,,,,10,3,,,,,6,16,,,,,,,,8,,,,,,,,,,,,,,,,,,,,,,,,,,,,6,,,,,,,,,,,,,,,,,,,,,,,,,,,,,,,,,,,,,,,,,,,,,,,,,,
FC_L_1_E_06_2023,FC_L_1_E_06,FC_2023,FC,7/2/23,2023,SG,BR,6,L,1,E,,ED,100,31,,,,,,,,,,,,,,60,,,,9,,,,,,,,3,,,,,,,,,,3,,,,,,,,,,,,,,,,,,,,,,,,,,,,,,,,,6,,,,,,,,,,10,,,,,,,,,,2,,,,,,,,,,,,,,,,,,,,,,,,,,,,,,,,,,,,,,,,,,,,,,,,,,,,,,,,,,,,,,,,,,,,,,,,,,,,,
FC_L_1_E_07_2023,FC_L_1_E_07,FC_2023,FC,7/2/23,2023,BR,LF,7,L,1,E,,ED,100.1,,,0.1,,2,,,,,,,,3,,2,,2,,90,1,,,,,,,,,,,,,,,,,4,,,,,,,,,,,,,,,,,,,,,,,,,,,,,5,,,,4,,,,12,3,,,,,3,34,,,,,,,,6,,,,,,,,,,,,,,,,,,,,,,,,,,,,3,,,,,,,,,,,,,,,,,,,,,,,,,,,,,,,,,,,,,,,,,,,,,,,,,,
FC_L_1_E_08_2023,FC_L_1_E_08,FC_2023,FC,7/2/23,2023,SG,BR,8,L,1,E,,ED,100,95,,,,3,,,,,,,,2,,,,,,,,,,,,,,1,,,,,,,,,,14,,,,,,,,,,1,,,,,,,,,,,,,,,,,,,,,,,2,,,,,,,,,,15,50,,,,,,,,1,,,,,,1,,2,,,1,,,,,,,,,,,,,,,,,4,,,,,,,,,,,,,,,,,,,,,,,,,,,,,,,,,,,,,,,,,,,,,,,,,,
FC_L_1_E_09_2023,FC_L_1_E_09,FC_2023,FC,7/2/23,2023,BR,LF,9,L,1,E,,ED,100,3,,,6,8,,,,,,,,10,,67,,1,,5,,,,,,,,3,6,1,,,,,1,,,,,,,,,,,,,,,,,,,,,,,,,,,,,,,,,,,,2,,,,100,3,2,,,,6,4,,,,,,,,2,,,,,,,,,,,,,,,,,,,,,,,,,,,,1,,,,,,,,,,,,,,,,,,,,,,,,,,,,,,,,,,,,,,,,,,,,,,,,,,
FC_L_1_E_10_2023,FC_L_1_E_10,FC_2023,FC,7/2/23,2023,BR,LF,10,L,1,E,,ED,100.1,,,5,6,0.1,,,,,,,,12,,,,,,73,4,,,,,,,,1,,,,,,4,,,24,,,,,,,,,,,,,,,,,,,,,,,,,,,,,,,,,,,,,,2,5,,,,1,14,,2,,,,,,6,16,,,,,,,,,1,,,,,,,,,,,,,,,,,,4,,,,,,,,,,,,,,,,,,,,,,,,,,,,,,,,,,,,,,,,,,,,,,,,,,
FC_L_2_E_01_2023,FC_L_2_E_01,FC_2023,FC,7/2/23,2023,BR,LF,1,L,2,E,,ED,100.1,1,0.1,3,4,,,,,,,,,1,,4,,1,,84,2,,,,,,,,,,,,,,1,,,13,,,,,,,,,,,,,,,,,,,,,,,,,,,,,,,,,4,,,,22,,0.1,,,,3,24,,,,,,,,6,,,,,,,,,,,,,,,,,,,,,,,,,,,,4,,,,,,,,,,,,,,,,,,,,,,,,,,,,,,,,,,,,,,,,,,,,,,,,,,
FC_L_2_E_02_2023,FC_L_2_E_02,FC_2023,FC,7/2/23,2023,SG,BR,2,L,2,E,,ED,100,25,,,,,,,,,,,,,,75,,,,,,,,,,,,,,,,,,,,,,,,,,,,,,,,,,,,,,,,,,,,,,,,,,,,,,,,,,,75,,2,,,,3,4,,,,,,,,1,,,,,,,,,,,,,,,,,,,,,,,,,,,,,,,,,,,,,,,,,,,,,,,,,,,,,,,,,,,,,,,,,,,,,,,,,,,,,,
FC_L_2_E_03_2023,FC_L_2_E_03,FC_2023,FC,7/2/23,2023,BR,LF,3,L,2,E,,ED,100.1,2,,,7,,0.1,,,,,,,,,10,8,,,72,1,,,,,,,,,,,,,,1,,,,,,,,,,,,,,,,,,,,,,,,,,,,,,,,,,,4,3,,,,11,1,,,,,,3,,4,,,,,,18,,,,,,,,,,,,,,,,,,,,,,,,,,,,2,,,,,,,,,,,,,,,,,,,,,,,,,,,,,,,,,,,,,,,,,,,,,,,,,,
FC_L_2_E_04_2023,FC_L_2_E_04,FC_2023,FC,7/2/23,2023,SG,BR,4,L,2,E,,ED,100,95,,,5,,,,,,,,,,,,,,,,,,,,,,,,2,,,,,,3,,,34,1,,,,,,,,,,,,,,,,,,,,,,,,,,,,,,,,1,,,,,,2,,,,,16,,,,,,,,,3,,,,,,,,,,,,,,,,,,,,,,,,,,,19,,,,,,,,,,,,,,,,,,,,,,,,,,,,,,,,,,,,,,,,,,,,,,,,,,
FC_L_2_E_05_2023,FC_L_2_E_05,FC_2023,FC,7/2/23,2023,BR,LF,5,L,2,E,,ED,100,1,,,,2,,,,,1,8,,,,,7,,,80,1,,,,,,,,2,,,,,,1,,1,10,,,,7,,,,,,,,,,,,,,,,,,,,,,,,,,,,,,,,,,2,,,,,2,15,,4,,,,,,2,3,,,1,,,,,,,,,,,,,,,,,,,,,,,,6,,,,,,,,,,,,,,,,,,,,,,,,,,,,,,,,,,,,,,,,,,,,,,,,,,
FC_L_2_E_07_2023,FC_L_2_E_07,FC_2023,FC,7/15/23,2023,SG,KV,7,L,2,E,,ED,97.4,16,,,5,0.1,,,,,,6,,,,,,0.1,0.1,65,5,,,,,,0.1,1,,,,,,,2,,,25,,,,3,,,,,,,,,,,,,,,,,,,,,,,,,,,,1,,,14,,,5,,,,,3,16,,12,,,,,,,4,,,,,,3,,,,0.1,,,,,,,,,,,,,,,,,18,,,,,,,,,,,,,,,,,,,,,,,,,,,,,,,,,,,,,,,,,,1,,,,,,,,
FC_L_2_E_08_2023,FC_L_2_E_08,FC_2023,FC,7/15/23,2023,SG,KV,8,L,2,E,,ED,99,17,,,5,,,,,,,5,,,,,,,,64,8,,,,,,,,,,,,,,1,,,20,,,,2,,,,,,,,,,,,,,,,,,,,,,,,,,,,,,,,,,8,,,,15,,25,,13,,,,2,,,16,,,,,,,,,,,,,,,,,,,,,,,,,,,11,,,,,,,,,,,,,,,,,,,,,,,,,,,,,,,,,,,,,,,,,,,,,,,,,,
FC_L_2_E_09_2023,FC_L_2_E_09,FC_2023,FC,7/15/23,2023,SG,KV,9,L,2,E,,ED,100.1,12,,,9,,,,,,,1,,,,7,,0.1,,68,3,,,,,,,,,,,,,,1,,,23,,,,1,,,,,,,,,,,,,,,,,,,,,,,,,,,,,,,,,22,3,,,,,3,22,,,,,,5,,,15,,,7,,,,,,2,,,,,,,,,,,,,,,3,,,8,,,,,,,,,,,,,,,,,,,,,,,,,,,,,,,,,,,,,,,,,,,,,,,,,,
FC_L_2_E_10_2023,FC_L_2_E_10,FC_2023,FC,7/15/23,2023,SG,KV,10,L,2,E,,ED,100,7,,5,3,3,,,1,,,,,2,,,1,1,,75,2,,,,,,,,,,,,,,,,,12,,,,,,,,,,,,,,,,,,,,,,,,,,,,,,,,6,,,,,,2,,,,,2,10,,,,,,3,,12,28,,,,,,2,,,,,,,,,,,,,,,,,,11,,,,,,,,,,,,,,,,,,,,,,,,,,,,,,,,,,,,,,,,,,,,,,,,,,,,,
FC_L_3_E_01_2023,FC_L_3_E_01,FC_2023,FC,7/2/23,2023,SG,JMD,1,L,3,E,,ED,100,8,,,18,,,,,,,,,,,,27,,,17,30,,,,,,,,,,,,,5,7,,,7,1,,,,,,,,,,,,,,,,,,,,,,,,,,,,,,,90,,,,,,,26,,,,,,,,,,7,14,,,,,,,,,,,,,,,,,,,,,,,,,,,,,,,,,,,,,,,,,,,,,,,,,,,,,,,,,,,,,,,,,,,,,,,,,,,,,,,,
FC_L_3_E_02_2023,FC_L_3_E_02,FC_2023,FC,7/2/23,2023,SG,BR,2,L,3,E,,ED,100,96,,,4,,,,,,,,,,,,,,,,,,,,,,,,1,,,,,,,,,37,1,,,,,,,,,,,,,,,,,,,,,,,,,,,,,,,,0.1,,,,,,,,,,,7,,,,1,0.1,,,0.1,27,,,3,,,,,,,0.1,,,,,,,,,,,,,,3,,,,,,,,,,,,,,,,,,,,,,,,,,,,,,,,,,,,,,,,,,,,,,,,,,,,,
FC_L_3_E_03_2023,FC_L_3_E_03,FC_2023,FC,7/2/23,2023,BR,LF,3,L,3,E,,ED,100,2,,2,6,,,,,,1,,,,,,,,,86,3,,,,,,,,1,1,,,,1,,,,14,,,,,,,,,,,,,,,,,,,,,,,,,,,,,,,,64,,,,,,9,,,,,,5,,6,,,,,,7,9,,,2,,,,,,,,,,,,,,,,,,,,,,,,,,,,,,,,,,,,,,,,,,,,,,,,,,,,,,,,,,,,,,,,,,,,,,,,,,
FC_L_3_E_04_2023,FC_L_3_E_04,FC_2023,FC,7/2/23,2023,SG,JMD,4,L,3,E,,ED,100,5,,5,,19,,,,,,,,,,,,16,,45,10,,,,,,,,,,,,,,,,,29,,,,,,,,,,,,,,,,,,,,,,,,,,,,,,,,,,,,,,5,,,,3,,,,,,,,25,,,23,,,8,,,,,,,1,,,,,,,,,,,,,,17,,,,,,,,,,,,,,,,,,,,,,,,,,,,,,,,,,,,,,,,,,,,,,,,,,,,,
FC_L_3_E_05_2023,FC_L_3_E_05,FC_2023,FC,7/2/23,2023,SG,BR,5,L,3,E,,ED,100,10,,,8,2,,,,,,,,,,,,1,,79,,,,,,,,,,,,,,,,,,12,,,,,,,,,,,,,,,,,,,,,,,,,,,,,,,,9,,,,,,,0.1,,,,,,9,,,,,,,10,,,,2,,,,,,,,,,,,,,,,,,,,,,,,2,,,,,,,,,,,,,,,,,,,,,,,,,,,,,,,,,,,,,,,,,,,,,,,,,,
FC_L_3_E_06_2023,FC_L_3_E_06,FC_2023,FC,7/2/23,2023,BR,LF,6,L,3,E,,ED,100,5,,,2,,,,,,,,,3,,,3,,,87,,,,,,,,,,,,,,,1,,,14,,,,,,,,,,,,,,,,,,,,,,,,,,,,,,,,29,,,,,,1,,,,,,2,,1,,,,,,8,12,,,,,,,,,,,,,,,,,,,,,,,,,,,,,,,,,,,,,,,,,,,,,,,,,,,,,,,,,,,,,,,,,,,,,,,,,,,,,
FC_L_3_E_07_2023,FC_L_3_E_07,FC_2023,FC,7/2/23,2023,SG,JMD,7,L,3,E,,ED,100,8,,,,,,,,,,4,,,,,20,,,65,3,,,,,,,,,1,,,,,,,,,,,,1,,,,,,,,,,,,,,,,,,,,,,,,,,,,34,,,,,,,,,,,,,,,,,,,,82,24,,,,,,,,,,,,,,,,,,,,,,,,,,,,,,,,,,,,,,,,,,,,,,,,,,,,,,,,,,,,,,,,,,,,,,,,,,,,,
FC_L_3_E_08_2023,FC_L_3_E_08,FC_2023,FC,7/15/23,2023,SG,KV,8,L,3,E,,ED,100.2,7,,,12,,,,2,,0.1,,,6,0.1,,5,,,56,12,,,,,,,,1,,,,,1,3,,,13,1,,,1,,,,,,,,,,,,,,,,,,,,,,,,,,,,44,,,,,,6,6,,,,,,,23,,,,3,,2,19,,,,,,,,,7,,,,,,,,,,,,,,,,,,1,,,,,,,,,,,,,,,,,,,,,,,,,,,,,,,,,,,,,,,,,,,,,,,,,,
FC_L_3_E_09_2023,FC_L_3_E_09,FC_2023,FC,7/15/23,2023,SG,KV,9,L,3,E,,ED,100.1,22,,,9,,,,8,,7,15,,,0.1,,15,,,6,17,,,,,1,,2,1,3,,5,,2,,,,,,,2,18,,,,,,,,,,,,,,,,,,,,,,,,,,,,95,,,,,,,17,,,,,1,,7,,,,,,,2,,,,,,,,,,,,,,,,,,,,,,,,,,,,,,,,,,,,,,,,,,,,,,,,,,5,,,,,,,,,,,,4,,,,,,,,,,,,,,,
FC_L_3_E_10_2023,FC_L_3_E_10,FC_2023,FC,7/15/23,2023,SG,KV,10,L,3,E,,ED,100,21,,,,,1,,17,1,,,,,2,,2,,,33,23,,,,,,,4,4,,,,,2,,,,,,,,,,,,,,,,,,,,,,,,,,,,,,,,,,,,62,,,,,,23,,,,,,,,21,,,,2,,,7,,,,,,,,,,,,,,,,,,,,,,,,,,,,,,,,,,,,,,,,,,,,,,,,,,,,,,,,,,,,,,,,,,,,,,,,,,,,,
FC_M_1_E_01_2023,FC_M_1_E_01,FC_2023,FC,7/2/23,2023,SG,JMD,1,M,1,E,Meter Marking 0,ED,100.1,9,,3,,,2,,1,6,72,6,,1,,,,0.1,,,,,,,,,,,,2,7,17,,,,,,,,,,,,,,,,,,,,,,,,,,,,,,,,,,,,,,,,,,,,,,,,,,,,,,,,,,,2,,,,,,,,,,,,,,,,,,,,,,,,,,,,,,,,,,,,,,,,,,,,,,,,,,,,,,,,,,,,,,,,,,,,,,,,,,,,,
FC_M_1_E_02_2023,FC_M_1_E_02,FC_2023,FC,7/2/23,2023,SG,BR,2,M,1,E,Meter Marking 2,ED,100,,,,,,8,,,10,19,63,,,,,,,,,,,,,,,,,,2,18,131,,,,,,,,,,,,,,,,,,,,,,,,,,,,,,,,,,,,,,,,,,,,,,,,,,,,,,,,,,,,,,,,,,,,,,,,,,,,,,,,,,,,,,,,,,,,,,,,,,,,,,,,,,,,,,,,,,,,,,,,,,,,,,,,,,,,,,,,
FC_M_1_E_04_2023,FC_M_1_E_04,FC_2023,FC,7/2/23,2023,SG,BR,4,M,1,E,Meter Marking 8,ED,100,,,,,,20,,4,10,2,64,,,,,,,,,,,,,,,,,,13,9,3,,,,,,,,,,,,,,,,,,,,,,,,,,,,,,,,,,,,,,,,,,,,,,,,,,,,,,,,,,,,,,,,,,,,,,,,,,,,,,,,,,,,,,,,,,,,,,,,,,,,,,,,,,,,,,,,,,,,,,,,,,,,,,,,,,,,,,,,
FC_M_1_E_06_2023,FC_M_1_E_06,FC_2023,FC,7/2/23,2023,SG,BR,6,M,1,E,Meter Marking 14,ED,100,,,,,,10,7,4,9,20,50,,,,,,,,,,,,,,,,,,20,2,3,,,,,,,,,,,,,,,,,,,,,,,,,,,,,,,,,,,,,,,,,,,,1,,,1,,,,,,,,,,,,,,,,,,,,,,,,,,,,,,,,,,,,,,,,,,,,,,,,,,,,,,,,,,,,,,,,,,,,,,,,,,,,,,,,,,,,,,,,,
FC_M_1_E_07_2023,FC_M_1_E_07,FC_2023,FC,7/2/23,2023,SG,JMD,7,M,1,E,Meter Marking 17,ED,98,21,,,,,5,,2,3,4,55,,,,,,,,,8,,,,,,,,1,4,5,22,,,,,,,,,,,,,,,,,,,,,,,,,,,,,,,,,,,,,,,,,,,,8,,,,,,,,,,,,,,,6,,,,,,,,,,,,,,,,,,,,,,,,,,,,,,,,,,,,,,,,,,,,,,,,,,,,,,,,,,,,,,,,,,,,,,,,,,,,,
FC_M_1_E_08_2023,FC_M_1_E_08,FC_2023,FC,7/2/23,2023,SG,BR,8,M,1,E,Meter Marking 20,ED,100,,,,,,,,,15,6,79,,,,,,,,,,,,,,,,2,,2,,,,,,,,,,,,,,,,,,,,,,,,,,,,,,,,,,,,,,,,,,,,,,,,,,,,,,,,,,,,,,,,,,,,,,,,,,,,,,,,,,,,,,,,,,,,,,,,,,,,,,,,,,,,,,,,,,,,,,,,,,,,,,,,,,,,,,,,,,
FC_M_1_E_10_2023,FC_M_1_E_10,FC_2023,FC,7/2/23,2023,SG,BR,10,M,1,E,Meter Marking 26,ED,100,,,,,,27,,,27,,44,,,2,,,,,,,,,,,,,,,,,,,,,,,,,,,,,,,,,,,,,,,,,,,,,,,,,,,,,,,,,,,,,1,,,,,,,,,,,,0.1,,,,,,,,,,,,,0.1,,,,,,,,,,,,,,,,,,,,,,,,,,,,,,,,,,,,,,,,,,,,,,,,,,,,,,,,,,,,,,,,,,,
FC_M_1_E_11_2023,FC_M_1_E_11,FC_2023,FC,7/2/23,2023,BR,LF,11,M,1,E,Meter Marking 27,ED,100.2,1,,,0.1,,1,,,15,37,43,,,2,,,,,0.1,1,,,,,,,,1,11,1,,,,,,,,,1,,,,,,,,,,,,,,,,,,,,,,,,,,,,,,,,,,,,2,3,,,,,,,,,,,,,,,,,,,,,,,,,,,,,,,,,,,,,,,,,,,,,,,,,,,,,,,,,,,,,,,1,,,,,,,,,,,,,,,,,,,,,,,,,,,,
FC_M_1_E_12_2023,FC_M_1_E_12,FC_2023,FC,7/2/23,2023,BR,LF,12,M,1,E,Meter Marking 29,ED,100.4,1,,,0.1,,,,,20,35,43,,1,0.1,,,0.1,,,0.1,,,,,,,1,2,10,,4,,,,,,,,,,,,,,,,,,,,,,,,,,,,,,,,,,,,,,,,,,,,1,,,6,,,,,,,,,,,,,,,,,,,,,,,,,,,,,,,,,,,,,,,,,,,,,,,,,,,,,,,,,,,,,3,,,,,,,,,,,,,,,,,,,,,,,,,,,,
FC_M_1_E_09_2023,FC_M_1_E_09,FC_2023,FC,7/2/23,2023,BR,LF,9,M,1,E,Meter Marking 23,ED,100,,,,,,,,,18,26,55,,,1,,,,,,,,,,,,,,,8,,,,,,,,,,,,,,,,,,,,,,,,,,,,,,,,,,,,,,,,,,,,,,6,,,2,,,,,,,,,,,,,,,,,,,,,,,,,,,,,,,,,,,,,,,,,,,,,,,,,,,,,,,,,,,,,6,2,,,,,,,,,,,,,,,,,,,,,,,,,,,
FC_M_1_E_05_2023,FC_M_1_E_05,FC_2023,FC,7/2/23,2023,BR,LF,5,M,1,E,Meter Marking 11,ED,100,6,,,,,2,,1,1,,84,,,2,,,,,4,,,,,,,,,,3,,,,,,,,,,,,,,,,,,,,,,,,,,,,,,,,,,,,,,,,,,,,,,,,,6,,,,,,,,,,,,,,,,,,,,,,,,,,,,,,,,,,,,,,,,,,,,,,,,,,,,,,,,,,,,,5,3,,,,,,,,,,,,3,,,,,,,,,,,,,,,
FC_M_1_E_03_2023,FC_M_1_E_03,FC_2023,FC,7/2/23,2023,BR,LF,3,M,1,E,Meter Marking 5,ED,100,,,,,,,,,,,100,,,,,,,,,,,,,,,,,1,4,22,,,,,,,,,,,,,,,,,,,,,,,,,,,,,,,,,,,,,,,,,,,,,,,,,,,,,,,,,,,,,,,,,,,,,,,,,,,,,,,,,,,,,,,,,,,,,,,,,,,,,,,,,,,,,3,2,,,,,,,,,,,,3,,,,,,,,,,,,,,,
RP_L_1_E_01_2023,RP_L_1_E_01,RP_2023,RP,7/8/23,2023,CR,ND,1,L,1,E,,ED,100.1,19,,,,,,,73,,0.1,,,,,,,,,8,,,,,,,,,,,,69,81,,,,,,,,,,,,,,,,,,,,,,,,,,,,,,,,,,,,,,,,,,,,,,,,,,,,2,,25,,,,,,,,,,,,24,,,,,,,,,,,,,,,,,,,,,,,,,,,,,,,,,,,,,,,,,,,,,,,,,,,,,,,,,,,,,,,,,,,,,
RP_L_1_E_02_2023,RP_L_1_E_02,RP_2023,RP,7/8/23,2023,CR,ND,2,L,1,E,,ED,100.1,65,,,3,1,,,9,,0.1,,,,1,,0.5,,,20,0.5,,,,,,,2,,,2,9,2,,,,,,5,,,,,,,,,,,,,,,,,,,,,24,,,,,,,,,,1,,,,,,1,,,,,,,,,6,11,8,,,,10,10,,,,,,,36,,,,,,,,,,,,,,,,,,,,,,,,,,,,,,,,,,,,,,,,,,,,,,,,,,,,,,,,,,,,,,,,,,,,,
RP_L_1_E_03_2023,RP_L_1_E_03,RP_2023,RP,7/8/23,2023,CR,ND,3,L,1,E,,ED,100,57.5,,8,16,,,,5,,,,,,1,,5,,0.5,7,,,,,,,,2,1,,,49,,2,,,,,,5,1,,,,,,,,,,,,,,,,,,,,,,,,,,,,,60,,,,,,6,1,,,,,,,,,0.5,,,,,1,24,,,,,,,,,0.1,3,,,,,,,,,,,,,,,,,,,,,,,,,,,,,,,,,,,,,,,,,,,,,,,,,,,,,,,1,,,,,,,,,,,
RP_L_1_E_04_2023,RP_L_1_E_04,RP_2023,RP,7/8/23,2023,CR,ND,4,L,1,E,,ED,100,61,2,6,1,,,,10,,,,,5,2,,,,6,7,,,,,,,,,2,,,3,,,,,,6,,1,,,,,,,,,,,,,,,,,,,,,,,,,,,,,,4,,,,,,,,,,,,,,,,6,2,,,,4,,,,,,,,9,,4,12,,,,,,,,,,,,,,,,,,,,,,,,,,,,,,,,,,,,,,,,,,,,,,,,,,,,,,,,,,,,,,,,,,
RP_L_1_E_05_2023,RP_L_1_E_05,RP_2023,RP,7/8/23,2023,CR,ND,5,L,1,E,,ED,100,72,,3,8,,,,1,,,,,,,,8,,,4,4,,,,,,,1,,,,1,,,,3,,,,1,,,,,,,,,,,,,,,,,,,,,,,,,,,3,,,97,,,,,0.5,,27,,,,,2,,,,0.1,,,,4,,5,3,1,,,,,,,,,,,,,,,,,,,,,,,,,,,,,,,,,,,,,,,,,,,,,,,,,,,,,,,,,,,,,,,,,,,,,,,,,,
RP_L_3_E_01_2023,RP_L_3_E_01,RP_2023,RP,7/8/23,2023,CR,ND,1,L,3,E,,ED,100,55,,5,9,,,,,,,,,,,,3,,,23,5,,,,,,,,,,,,,,,1,,,,1,,,,,,,,,,,,,,,,,,,,,,,,,,,,,,21,,,,,,,11,,,,,0.5,,,,,0.5,,,7,0.1,57,,,,,,,,,,,,,,,,,,,,,,,,,,,,,,,,,,,,,,,,,,,,,,,,,,,,,,,,,,,,,,,,,,,,,,,,,,,,
RP_L_3_E_02_2023,RP_L_3_E_02,RP_2023,RP,7/8/23,2023,CR,ND,2,L,3,E,,ED,100,65,12,5,,,,,,,,,,,,8,,,,2,8,,,,,,,,,,1,,,1,,1,2,13,,2,,,,,,,,,,,,,,,,,,,,,,,,,,,,,,2,,,,,39,2,,,,,,,,,,,,,,,,,,5,,,,,,,,,,,,,,,,,,,,,,,,,,,,,,,,,,,,,,,,,,,,,,,,,,,,,,,,,,,,,,,,,,,,,,,,,,
RP_L_3_E_03_2023,RP_L_3_E_03,RP_2023,RP,7/8/23,2023,CR,ND,3,L,3,E,,ED,100,18,61,,1,,,,,,,,,,,3,,,,15,2,,,,,,,,,,,,,,,,2,,,,,,,,,,,,,,,,,,,,,,,,,,,,,,,,,,,,,,11,,2,,,,,0.1,4,,,,,,,42,0.5,8,7,,,,,,,,,,,,,,,,,,,,,,,,,,,,,,,,,,,,,,,,,,,,,,,,,,,,,,,,,,,,,,,,,,,,,,,,,,,
RP_L_3_E_04_2023,RP_L_3_E_04,RP_2023,RP,7/8/23,2023,CR,ND,4,L,3,E,,ED,100,41,19,,4,,,,,,,,,,,30,1,,,4,1,,,,,,,2,,,,1,,,,,,13,,,,,,,,,,,,,,,,,,,,,,2,,,,,,,,,,13,,,,,89,,10,,,,,5,13,,,,,,,3,,,,,,,,,,,,,,,,,,,,,,,,,,,,,,,,,,,,,,,,,,,,,,,,,,,,,,,,,,,,,,,,,,,,,,,,,,,,,,
RP_L_3_E_05_2023,RP_L_3_E_05,RP_2023,RP,7/8/23,2023,CR,ND,5,L,3,E,,ED,100,74.5,14,3,1,,,,,,,,,,,0.5,,7,,,,,,,,,,,,,,,,,,,,,,,,,,,,,,,,,,,,,,,,,,1,,,,,,1,13,,,,,,,,2,,,,,,,,,,,0.5,1,,,,,,,,,,,,,,0.5,,,,,,,,,,,,,,,51,,,,,,,,,,,,,,,,,,,,,,,,,,,,,,,,,,,,,,,,,,,,,,,,,,,,
RP_L_1_E_06_2023,RP_L_1_E_06,RP_2023,RP,7/7/23,2023,JMD,JMD,6,L,1,E,,ED,100.1,36,,6,0.1,,3,,7,,,,,3,1,1,,,2,39,2,,,,,,,,,6,,,,,,2,,,,,,,,,,,,,,,,,,,,,,,,,,,,,,,,,,,,,,,6,2,1,,,,,,,,,1,,,,,,,,,,,,,89,,5,,,,,,,,,,,,,,,,,,,,,,,,,,,,,,,,,,,,,,,,,,,,,,,,,,,,,,,,,,,,,,,,,,,
RP_L_1_E_07_2023,RP_L_1_E_07,RP_2023,RP,7/7/23,2023,JMD,JMD,7,L,1,E,,ED,100.1,48,,16,23,,,,3,,0.1,,,,,,2,1,1,2,4,,,,,,,,,,,4,,1,,,1,,,,,,,,,,,,,,,,,,,,,,,,,,,,,,2,,,82,,,,,,,,,,,,,,,,0.1,,,,7,2,,,,,,,,,,2,,,,,,,,,,,,,,,,,,,,,,,,,,,,,,,,,,,,,,,,,,,,,,,,,,,,,,,,,,,,,,,,,,,
RP_L_1_E_08_2023,RP_L_1_E_08,RP_2023,RP,7/7/23,2023,JMD,JMD,8,L,1,E,,ED,100.1,58,,3,,,,,8,,0.1,,,,11,,,,1,17,2,,,,,,,,,,,56,1,,,,,,1,,,,,,,,,,,,,,,,,,,,,,,,,,,,,,,,,,,,,1,1,,,,,,,,2,0.1,9,,,1,1,,,,,,,,24,,7,,,,,,,,,,,,,,,,,,,,,,,,,,,,,,,,,,,,,,,,,,,,,,,,,,,,,,,,,,,,,,,,,,,
RP_L_1_E_09_2023,RP_L_1_E_09,RP_2023,RP,7/7/23,2023,JMD,JMD,9,L,1,E,,ED,100.1,64,,4,,,,,0.1,,,,,,3,,1,,,28,,,,,,,,,,,,,,,,,,,,,,,,,,,,,,,,,,,,,,,,,,,,,,,,,,,,,,,,,,,,,,,,,1,3,5,,,,,24,,,,,,,15,,,,,,,,,,,,,,,,,,,,,,,,,,,,,,,,,,,,,,,,,,,,,,,,,,,,,,,,,,,,,,,,,,,,,
RP_L_1_E_10_2023,RP_L_1_E_10,RP_2023,RP,7/7/23,2023,JMD,JMD,10,L,1,E,,ED,100.1,60,,3,,1,,,2,,,,,,0.1,,1,,1,31,1,,,,,,,1,,,,4,,2,,,,,1,,,,,,,,,,,,,,,,,,,,,,,,,,,,,,,2,,,,,,1,,,,,,,,,,11,1,,,4,,4,6,,,,,,26,,2,,,,,,,,,,,,,,,,,,,,,,,,,,,,,,,,,,,,,,,,,,,,,,,,,,,,,,,,,,,,,,,,,,,
RP_H_1_E_01_2023,RP_H_1_E_01,RP_2023,RP,7/7/23,2023,SB,TS,1,H,1,E,,ED,100.1,39,,,,,58,,3,,,0.1,,,,,,,,,,,,,,,,,,,1,13,28,,,,,,,,,,,,,,,,,,,,,,,,,,,,,,,,,,,,,,,,,18,,,,,,,,,,,,,1,,,,,,,,,,,,,,,,,,,,,,,,,,,,,,,,,,,,,,,,,,,,,,,,,,,,,,,13,,,,,,,,,,,,,,,,,,,,,,,,,,
RP_H_1_E_03_2023,RP_H_1_E_03,RP_2023,RP,7/7/23,2023,SB,TS,3,H,1,E,,ED,100,54,,,,,34,,4,,,8,,,,,,,,,,,,,,,,,,2,2,16,7,,,,,,,,1,,,,,,,,,,,,,,,,,,,,,,,,,,,,,,,,,6,,,,,,,,,,,,,3,,,,,,,,,,,,1,,,,,,,,,,,,,,,,,,,,,,,,,,,,,,,,,,,,,,,,,,,34,,,,,,,,,,,,,,,,,,,,,,,,,,
RP_H_1_E_05_2023,RP_H_1_E_05,RP_2023,RP,7/7/23,2023,SB,TS,5,H,1,E,,ED,100,35,,,,,60,,2,,,3,,,,,,,,,,,,,,,,,,,,13,5,,,,,,,,,,,,,,,,,,,,,,,,,,,,,,,,,,,,,,,,,3,,,,,,,,,,,,,4,,1,,,,,,,,,,,,,,,,,,,,,,,,,,,,,,,,,,,,,,,,,,,,,,,,,,,,,26,,,,,,,,,,,,,,,,,,,,,,,,,,
RP_H_1_E_07_2023,RP_H_1_E_07,RP_2023,RP,7/7/23,2023,SB,TS,7,H,1,E,,ED,100,64,,,,,33,,2,,,1,,,,,,,,,,,,,,,,,,,3,9,17,,,,,,,,,,,,,,,,,,,,,,,,,,,,,,,,,,,,,,,,,4,,,,,,,,,,,,,0.1,,,,,,,,,,,,,,,,,,,,,,,,,,,,,,,,,,,,,,,,,,,,,,,,,,,,,,,5,,,,,,,,,,,,,,,,,,,,,,,,,,
RP_H_1_E_08_2023,RP_H_1_E_08,RP_2023,RP,7/7/23,2023,SB,TS,8,H,1,E,,ED,100,68,,,,,25,,2,,1,4,,,,,,,,,,,,,,,,,,,4,13,,,,,,,,,,,,,,,,,,,,,,,,,,,,,,,,,,,,,,,,,,13,,,,,,,,,,,,,,,,,,,,,,,,,,,,,,,,,,,,,,,,,,,,,,,,,,,,,,,,,,,,,,,,,,,,6,,,,,,,,,,,,,,,,,,,,,,,,,,
RP_H_1_E_10_2023,RP_H_1_E_10,RP_2023,RP,7/7/23,2023,SB,TS,10,H,1,E,,ED,100,58,,,,,34,,3,,,3,2,,,,,,,,,,,,,,,,,,,15,22,,,,,,,,,,,,,,,,,,,,,,,,,,,,,,,,,,,,,,,,,8,,,,,,,,,,,,,,,,,,,,,,,,,,,,,,,,,,,,,,,,,,,,,,,,,,,,,,,,,,,,,,,,,,,,16,,,,,,,,,,,,,,,,,,,,,,,,,,
RP_M_1_E_02_2023,RP_M_1_E_02,RP_2023,RP,7/7/23,2023,SB,TS,2,M,1,E,,ED,100,3,,,,,,,,,,95,,2,,,,,,,,,,,,,,,,7,7,6,,,,,,,,,,,,,,,,,,,,,,,,,,,,,,,,,,,,,,,,,,,,,,,,,,,,,,,,,,,,,,,,,,,1,,16,,,,,,,,,,,,,,,,,,,,,,,,,,,,,,,,,,,,,,,1,0.1,2,,,,,,,,1,,,2,,,,,,,,,,,,,,,
RP_M_1_E_04_2023,RP_M_1_E_04,RP_2023,RP,7/7/23,2023,SB,TS,4,M,1,E,,ED,100.1,,,,,,,,,,,100,,,,0.1,,,,,,,,,,,,,,3,6,10,,,,,,,,,,,,,,,,,,,,,,,,,,,,,,,,,,,,,,,,,,,0.1,,,,,,,,,,,,,,,,,,,,,,,,,,,,,,,,,,,,,,,,,,,,,,,,,,,,,,,,,,,,,,,,,5,1,5,,,,,,,,,,0.1,1,,,,,,,,,,,,,,,
RP_M_1_E_06_2023,RP_M_1_E_06,RP_2023,RP,7/7/23,2023,SB,TS,6,M,1,E,,ED,100,,,,,,,,,,,100,,,,,,,,,,,,,,,,,,1,5,15,,,,,,,,,,,,,,,,,,,,,,,,,,,,,,,,,,,,,,,,,,,,,,,,,,,,,,,,,,,,,,,,,,,,,,,,,,,,,,,,,,,,,,,,,,,,,,,,,,,,,,,,,,,,2,1,4,,,,,,,,0.1,,,2,2,,,,,,,,,,,,,,
RP_M_1_E_07_2023,RP_M_1_E_07,RP_2023,RP,7/7/23,2023,SB,TS,7,M,1,E,,ED,100,4,,,,,,,,3,,84,,9,,,,,,,,,,,,,,,,4,6,3,,,,,,,,,,,,,,,,,,,,,,,,,,,,,,,,,,,,,,,,,,,,,,,,,,,,,1,,,,,,,,,,,,,,,,,,,,,,,,,,,,,,,,,,,,,,,,,,,,,,,,,,,,,,,0.1,0.1,,,,,,,,,,,,,,,,,,,,,,,,,,,
RP_M_1_E_08_2023,RP_M_1_E_08,RP_2023,RP,7/7/23,2023,SB,TS,8,M,1,E,,ED,100,,,,,,,,,,,100,,,,,,,,,,,,,,,,,,2,1,2,,,,,,,,,,,,,,,,,,,,,,,,,,,,,,,,,,,,,,,,,,,,,,,,,,,,,,,,,,,,,,,,,,,,,,,,,,,,,,,,,,,,,,,,,,,,,,,,,,,,,,,,,,,,4,2,1,,,,,,,,1,,,1,,,,,,,,,,,,,,,
RP_L_2_E_02_2023,RP_L_2_E_02,RP_2023,RP,7/7/23,2023,SB,TS,2,L,2,E,,ED,100,3,67,3,4,,,,,,,,,,,,2,1,12,,8,,,,,,,,,,,1,,,,,,,,,1,,,,,,,,,,,,,,,,,,,,,,,,,,,,,3,,,,,,15,,,,,,,,,,2,,,,7,2,3,,4,,,2,,,,1,,,,,,,,,,,,,,,,,,,,,,,,,,,,,,,,,,,,,,,,,,,,,,,,,,,,,,,,,,,,,,,,,,,
RP_L_2_E_04_2023,RP_L_2_E_04,RP_2023,RP,7/7/23,2023,SB,TS,4,L,2,E,,ED,100.2,6,,,71,0.1,,,,,,,,0.1,,,8,,,7,8,,,,,,,1,,,,1,,6,2,,,,,,,,,,,,,,,,,,,,,,,,,,,,,,,,,,,84,,,,,,5,4,,,7,,,,,,,,,,,1,,,,,,,,,,,,,,,,,,,,,,,,,,,,,,,,,,,,,,,,,,,,,,,,,,,,,,1,,,,,,,,,,,,,,2,,,,,,,,,
RP_L_2_E_06_2023,RP_L_2_E_06,RP_2023,RP,7/7/23,2023,SB,TS,6,L,2,E,,ED,100.3,3,9,9,,3,0.1,,0.1,,,,,13,,,,,0.1,62,1,,,,,,,,1,,,,,,,,,7,,,,,,,,,,,,,,,,,,,,,,,,,,,,,,,,,,,,,,0.1,1,,,,,,,12,,0.1,1,,,16,9,,,,,,,,,,0.1,,,,,,,,,,,,,,,,,,,,,,,,,,,,,,,,,,,,,,,,,,,,,,,,,,,,,,,,,,,,,,,,,,,
RP_L_2_E_08_2023,RP_L_2_E_08,RP_2023,RP,7/7/23,2023,SB,TS,8,L,2,E,,ED,100,12,6,4,5,,,,1,,,,,2,,,5,,8,48,9,,,,,,,,1,,,6,,,2,,,5,,,1,,,,,,,,,,,,,,,,,,,,,,,,,,2,,,72,,,,,,6,8,,,2,,,,,,6,,,,6,6,,,,,,,,,,2,1,,,,,,,,,,,,,,,,,,,,,,,,,,,,,,,,,,,,,,,,,,,,,,,,,,,,,,,,,,,,,,,,,,
RP_L_2_E_10_2023,RP_L_2_E_10,RP_2023,RP,7/7/23,2023,SB,TS,10,L,2,E,,ED,100,2,10,5,,1,,,,,,,,1,,,,4,3,72,2,,,,,,,,,,,,9,,,,,,,,1,,,,,,,,,,,,,,,,,,,,,,,,,,,,1,,,,,,,,0.1,,,,,,,,,3,,,,39,,9,,,,,7,,,,11,0.1,,,,,,,,,,,,,,,,,,,,,,,,,,,,,,,,,,,,,,,,,,,,,,,,,,,,,,,,,,,,,,,,,,
RP_L_3_E_06_2023,RP_L_3_E_06,RP_2023,RP,7/7/23,2023,SB,TS,6,L,3,E,,ED,100.1,,14,3,2,2,0.1,,,,,,,,,,,1,,77,1,,,,,,,,1,,,,,,,,,,,,2,,,,,,,,,,,,,,,,,,,,,,,,,,7,77,,,,,,,,,1,,,1,,,,,,,,,,9,5,14,,1,,,,2,,,,,,,,,,,,,,,,,,,,,,,,,,,,,,,,,,,,,,,,,,,,,,,,,,,,,,,,,,,,,,,,,,,,,,
RP_L_3_E_07_2023,RP_L_3_E_07,RP_2023,RP,7/7/23,2023,SB,TS,7,L,3,E,,ED,100.1,4,6,8,4,,,,,,,,,,,3,2,,0.1,17,56,,,,,,,,,,,,,,,,,,,,,,,,,,,,,,,,,,,,,,,,,,,,,,,,,57,,,,,6,2,14,,,1,,,,,,,2,,,8,4,12,,,,,,,,,0.1,,,,,,,,,,,,,,,,,,,,,,,,,,,,,,,,,,,,,,,,,,,,,,,,,,,,,,,,,,,,,,,,,,,
RP_H_1_E_02_2023,RP_H_1_E_02,RP_2023,RP,7/7/23,2023,BR,TS,2,H,1,E,,ED,100,55,,3,,,40,,2,,,,,,,,,,,,,,,,,,,,,,,20,20,,,,,,,,,,,,,,,,,,,,,,,,,,,,,,,,,,,,,,,,,18,,,,,,,,,,,,,,,,,,,,,,,,,,,,,,,,,,,,,,,,,,,,,,,,,,,,,,,,,,,,,,,,,,,,18,,2,,,,,,,,,,,,,,,,,,,,,,,,
RP_H_1_E_04_2023,RP_H_1_E_04,RP_2023,RP,7/7/23,2023,BR,TS,4,H,1,E,,ED,100,51,,1,,,33,,,,2,13,,,,,,,,,,,,,,,,,,,1,12,4,,,,,,,,,,,,,,,,,,,,,,,,,,,,,,,,,,,,,,,,,,,,,,,,,,,,,,,,,,,,,,,,,,,,,,,,,,,,,,,,,,,,,,,,,,,,,,,,,,,,,,,,,,,,,16,,2,,,,,1,,,,,,,,,,,,,,,,,,,
RP_H_1_E_06_2023,RP_H_1_E_06,RP_2023,RP,7/7/23,2023,BR,TS,6,H,1,E,,ED,100,79,,,,,12,,4,,,5,,,,,,,,,,,,,,,,,,,13,6,,,,,,,,,,,,,,,,,,,,,,,,,,,,,,,,,,,,,,,,,,,,,,,,,,,,,,,,,,,,,,,,,,,,,,,,,,,,,,,,,,,,,,,,,,,,,,,,,,,,,,,,,,,,,,0.1,,,,,,,1,,,,,,,,,,,,,,,,,,,
RP_H_1_E_09_2023,RP_H_1_E_09,RP_2023,RP,7/7/23,2023,BR,TS,9,H,1,E,,ED,100.1,24,,0.1,,,70,,2,,,4,,,,,,,,,,,,,,,,,,,,54,7,,,,,,,1,,,,,,,,,,,,,,,,,,,,,,,,,,,,,,,,,,,,,,,,,,,,,,,,,,,,,,,,,,,,,,,,,,,,,,,,,,,,,,,,,,,,,,,,,,,,,,,,,,,,,,12,,1,,,,,4,,,,,,,,,,,,,,,,,,,
RP_M_1_E_01_2023,RP_M_1_E_01,RP_2023,RP,7/7/23,2023,BR,TS,1,M,1,E,,ED,100,,,,,,,,,,,100,,,,,,,,,,,,,,,,,,,6,1,,,,,,,,,,,,,,,,,,,,,,,,,,,,,,,,,,,,,,,,,,,,,,,,,,,,,,,,,,,,,,,,,,,,,,,,,,,,,,,,,,,,,,,,,,,,,,,,,,,,,,,,,,,,1,1,0.1,,,,,,,,1,,,3,,,,,,,,,,,,,,,
RP_M_1_E_03_2023,RP_M_1_E_03,RP_2023,RP,7/7/23,2023,BR,TS,3,M,1,E,,ED,100,14,2,,,,1,,,,,80,,,1,,,,2,,,,,,,,,,,,18,6,,,,,,,,,,,,,,,,,,,,,,,,,,,,,,,,,,,,,,,,,,,,,,,,,,,,,,,,,,,,,,,,,,,,,3,,,,,,,,,,,,,,,,,,,,,,,,,,,,,,,,,,,,,,,,,1,,,,,,,,,,2,,,,,,,,,,,,,,,,
RP_M_1_E_05_2023,RP_M_1_E_05,RP_2023,RP,7/7/23,2023,BR,TS,5,M,1,E,,ED,100,,,,,,,,,,,100,,,,,,,,,,,,,,,,,,,7,6,,,,,,,,,,,,,,,,,,,,,,,,,,,,,,,,,,,,,,,,,,,,,,,,,,,,,,,,,,,,,,,,,,,,,,,,,,,,,,,,,,,,,,,,,,,,,,,,,,,,,,,,,,,2,,1,3,,,,,,,,1,,,3,,,,,,,,,,,,,,,
RP_M_1_E_09_2023,RP_M_1_E_09,RP_2023,RP,7/7/23,2023,BR,TS,9,M,1,E,,ED,100,,,,,,,,,,,100,,,,,,,,,,,,,,,,,,,,10,,,,,,,,,,,,,,,,,,,,,,,,,,,,,,,,,,,,,,,,,,,,,,,,,,,,,,,,,,,,,,,,,,,,,,,,,,,,,,,,,,,,,,,,,,,,,,,,,,,,,,,,,,,,5,3,2,,,,,,,,,,1,2,,,,,,,,,,,,,,,
RP_M_1_E_10_2023,RP_M_1_E_10,RP_2023,RP,7/7/23,2023,BR,TS,10,M,1,E,,ED,100,18,,,,,5,,,7,1,69,,,,,,,,,,,,,,,,,,,4,8,,,,,,,,,,,,,,,,,,,,,,,,,,,,,,,,,,,,,,,,,,,,,,,,,,,,,,,,,,,,,,,,,,,,,,,,,,,,,,,,,,,,,,,,,,,,,,,,,,,,,,,,,,,,1,2,1,,,,,,,,,,,,,,,,,,,,,,,,,,
RP_L_2_E_01_2023,RP_L_2_E_01,RP_2023,RP,7/7/23,2023,BR,TS,1,L,2,E,,ED,100,42,4,17,11,,,,4,,,,,3,,,9,1,2,6,1,,,,,,,,,,,,,,,,,,,,,,,,,,,,,,,,,,,,,,,,,,,,,,,,,75,,,,,,3,1,,,,,,12,,,1,1,,,,,,,,,,,,,,1,2,,,,,,,,,,,,,,,,,,,,,,,,,,,,,,,,,,,,,,,,,,,,,,,,,,,,,,,,,,,,,,,,,,
RP_L_2_E_03_2023,RP_L_2_E_03,RP_2023,RP,7/7/23,2023,BR,TS,3,L,2,E,,ED,100,8,5,62,2,,,,5,,,,,2,2,,6,,1,7,,,,,,,,1,1,,,,,,,,,,,,,,,,,,,,,,,,,,,,,,,,,,,,,,,,,45,,,,,,,,,,,,,,,,0.1,9,,,3,,6,2,,,,,,,,2,0.1,,,,,,,,,,,,,,,,,,,,,,,,,,,,,,,,,,,,,,,,,,,,,,,,,,,,,,,,,,,,,,,,,,
RP_L_2_E_05_2023,RP_L_2_E_05,RP_2023,RP,7/7/23,2023,BR,TS,5,L,2,E,,ED,100.1,58,9,6,1,,,,,,,,,11,2,,0.1,,2,11,,,,,,,,,,,,,,,,,,,1,,,,,,,,,,,,,,,,,,,,,,,,,,,,,,,6,,,,,,,,,,,,,,,,4,18,,,,,14,,,,,,,3,,3,7,,,,,,,,,,,,,,,,,,,,,,,,,,,,,,,,,,,,,,,,,,,,,,,,,,,,,,,,,,,,,,,,,,
RP_L_2_E_07_2023,RP_L_2_E_07,RP_2023,RP,7/7/23,2023,BR,TS,7,L,2,E,,ED,100.1,2,75,3,2,,,,0.1,,,,,,,,7,,2,9,,,,,,,,,,,,,,,,,,,,1,1,,,,,,,,,,,,,,,,,,,,,,,,,,3,,,62,,,,,1,,,,,,,,90,,,1,,,,4,,,,,,,,,92,,,5,,,,,,,,,,,,,,,,,,,,,,,,,,,,,,,,,,,,,,,,,,,,,,,,,,,,,,,,,,,,,,,,,,
RP_L_2_E_09_2023,RP_L_2_E_09,RP_2023,RP,7/7/23,2023,BR,TS,9,L,2,E,,ED,100.1,,84,2,,,,,,,,,,,,,,0.1,1,13,,,,,,,,,,,,,,,,,,,,,,,,,,,,,,,,,,,,,,,,,,,,,,,,,,,,,,,,,,,,,,,,,2,2,,,,1,,10,,,,,,,,,2,,,,,,,,,,,,,,,,,,,,,,,,,,,,,,,,,,,,,,,,,,,,,,,,,,,,,,,,,,,,,,,,,,,
RP_L_3_E_08_2023,RP_L_3_E_08,RP_2023,RP,7/7/23,2023,BR,TS,8,L,3,E,,ED,100,4,9,3,7,,,,,,,,,,,,8,,,68,1,,,,,,,,,,,,,,,,,,,,,,,,,,,,,,,,,,,,,,,,,,,,,,,,,14,,,,,0.1,1,2,,,,,,,,,,,,,18,3,42,1,,,,,,,,,,,,,,,,,,,,,,,,,,,,,,,,,,,,,,,,,,,,,,,,,,,,,,,,,,,,,,,,,,,,,,,,,,,
RP_L_3_E_09_2023,RP_L_3_E_09,RP_2023,RP,7/7/23,2023,BR,TS,9,L,3,E,,ED,100,,,91,,,,,,,,,,,,9,,,,,,,,,,,,,,,,,,,,,,,,,,,,,,,,,,,,,,,,,,,,,,,,,,,,,,,,,,,100,,,,,,,,,,,,,,,,,,,,,,,,,,,,,,,,,,,,,,,,,,,,,,,,,,,,,,,,,,,,,,,,,,,,,,,,,,,,,,,,,,,,,,,,,,,,,
RP_L_3_E_10_2023,RP_L_3_E_10,RP_2023,RP,7/7/23,2023,BR,TS,10,L,3,E,,ED,100,1,28,,2,,,,,,,,,,,,,3,1,65,,,,,,,,,,,,,,,,,,2,,,,,,,,,,,,,,,,,,,,,,,,,,,,,,31,,44,,,,,0.1,,3,,,,,3,,,,,,,,7,,,14,3,,,,7,,,1,1,,,,,,,,,,,,,,,,,,,,,,,,,,,,,,,,,,,,,,,,,,,,,,,,,,,,,,,,,,,,,,,,,,
SH_L_2_E_01_2023,SH_L_2_E_01,SH_2023,SH,7/5/23,2023,JMD,JMD,1,L,2,E,,ED,100,12,62,1,,,,,4,,,,,,,21,,,,,,,,,,,,,2,,,17,,,,,,,4,1,1,,,,,,,,,,,,,,,,,,,,,,,,,,,,,,,,,,93,1,,,,,,,,,,,,,,,,,,,,,,,,,,,,,,,,,,,,,,,,,,,,,,,,,,,,,,,,,,,,,,,,,,,,,,,,,,,,,,,,,,,,,,,,,,,,
SH_L_2_E_03_2023,SH_L_2_E_03,SH_2023,SH,7/5/23,2023,JMD,JMD,3,L,2,E,,ED,100,,79,,,,,,,,,,,3,,,1,,,17,,,,,,,,,,,,,,,,,,,1,,,,,,,,,,,,,,,,,,,,,,,,,,,,,,,11,,,,,,,,,3,,,,,,,,,,,49,4,,,,,,2,24,,3,,,,,,,,,,,,,,,,,,,,,,,,,,,,,,,,,,,,,,,,,,,,,,,,,,,,,,,,,,,,,,,,,,,,
SH_L_2_E_09_2023,SH_L_2_E_09,SH_2023,SH,7/5/23,2023,JMD,JMD,9,L,2,E,,ED,100.1,,71,,,,,,,,,,,,,,,,,29,0.1,,,,,,,,1,,,,,,,,,,3,,,,,,,,,,,,,,,,,,,,,,,,,,,,,14,,,,,,,4,,0.1,,,,,,,,,,1,,,51,,,,,,,,70,,,,,,,,,,,,,,,,,,,,,,,,,,,,,,,,,,,,,,,,,,,,,,,,,,,,,,,,,,,,,,,,,,,,,,
SH_L_2_E_08_2023,SH_L_2_E_08,SH_2023,SH,7/5/23,2023,JMD,JMD,8,L,2,E,,ED,100.1,3,38,1,,,,,0.1,,,,,,,,4,,,45,9,,,,,,,,,,,,,,,1,,,1,,,,,,,,,,,,,,,,,,,,,,,,,,,,,,,38,,,,,,5,2,,,,,,,,,,0.1,,,48,10,,,,,,,12,,,,,,,,,,,,,,,,,,,,,,,,,,,,,,,,,,,,,,,,,,,,,,,,,,,,,,,,,,,,,,,,,,,,,,
SH_L_3_E_06_2023,SH_L_3_E_06,SH_2023,SH,7/5/23,2023,JMD,JMD,6,L,3,E,,ED,100.2,9,77,,,,0.1,,0.1,,,,,,,10,1,,,3,,,,,,,,,,,,,,,1,,,,,,1,,,,,,,,,,,,,,,,,,,,,,,,,,,,,21,,,,,76,2,,,,,,,,,,,,,,1,5,,,,,,,1,,,,,,,,,,,,,,,,,,,,,,,,,,,,,,,,,,,,,,,,,,,,,,,,,,,,,,,,,,,,,,,,,,,,,,
SH_L_3_E_08_2023,SH_L_3_E_08,SH_2023,SH,7/5/23,2023,JMD,JMD,8,L,3,E,,ED,100,,79,,,,,,,,,,,,,,,,,20,1,,,,,,,,,,,,,,,,,,,,,,,,,,,,,,,,,,,,,,,,,,,,,,,,,,,,,,,,1,,,,,,,,,,,,,,,78,,,21,,,,,,,,,,,,,,,,,,,,,,,,,,,,,,,,,,,,,,,,,,,,,,,,,,,,,,,,,,,,,,,,,,,,,,,,,
SH_L_3_E_10_2023,SH_L_3_E_10,SH_2023,SH,7/5/23,2023,JMD,JMD,10,L,3,E,,ED,100,,91,,,,,,,,,,,,,,,6,,3,,,,,,,,,,,,,,,,,,,,,,,,,,,,,,,,,,,,,,,,,,,,,,,,,,,95,,,,,,,,,,,,,,,,,,,2,,,,,,,,23,,,,,,,,,,,,,,,,,,5,,,,,,,,,,,,,,,,,,,,,,,,,,,,,,,,,,,,,,,,,,,,,,,,,,,,
SH_L_1_E_02_2023,SH_L_1_E_02,SH_2023,SH,7/5/23,2023,R,B&P,2,L,1,E,,ED,100.1,71,2,,7,,0.1,,,,,,,3,,,,11,,2,,4,,,,,,,3,,,,,1,1,,,,,,,,,,,,,,,,,,,,,,,,,,,,,,,,,,,,62,,,,,1,,,,,,0.1,,,,,,,,3,,,,,,,,0.1,,,,,,,,,,,,,,,,,,,,,,,,,,,,,,,,,,,,,,,,,,,,,,,,,,,,,,,,,,,,,,,,,,,,,,
SH_L_1_E_04_2023,SH_L_1_E_04,SH_2023,SH,7/5/23,2023,R,B&P,4,L,1,E,,ED,100.1,6,7,2,4,,,,,,,,,3,3,,,64,,1,0.1,10,,,,,,,4,,,,,,1,,,,5,,1,,,,,,,,,,,,,,,,,,,,,,,,,,,,,,98,,,,,,,,,,,,,,,,,,,5,,,,,,,,0.1,,,,,,,,,,,,,,,,,,,,,,,,,,,,,,,,,,,,,,,,,,,,,,,,,,,,,,,,,,,,,,,,,,,,,,
SH_L_1_E_06_2023,SH_L_1_E_06,SH_2023,SH,7/5/23,2023,R,B&P,6,L,1,E,,ED,100.2,58,,3,4,,,,1,,2,,,2,1,11,7,0.1,,1,10,0.1,,,,,,1,2,2,,1,,2,,,,,3,,,,,,,,,,,,,,,,,,,,,,,,,,,,,,,35,,,,,44,10,8,,,,,,,,,,,,,2,3,,,,,,,,,4,,,,,,,,,,,,,,,,,,,,,,,,,,,,,,,,,,,,,,,,,,,,,,,,,,,,,,,,,,,,,,,,,,,,
SH_L_1_E_08_2023,SH_L_1_E_08,SH_2023,SH,7/5/23,2023,R,B&P,8,L,1,E,,ED,100.2,10,3,1,4,1,,,0.1,,1,,,7,2,,5,,,8,58,0.1,,,,,,,5,,,1,,1,4,,,,,,,,,,,,,,,,,,,,,,,,,,,,,,,,,,,51,,,,,,6,23,,,,,,,,,,2,,,19,11,,,,,,,,,,,,,,,,,,,,,,,,,,,,,,,,,,,,,,,,,,,,,,,,,,,,,,,,,,,,,,,,,,,,,,,,,,,,,
SH_L_1_E_10_2023,SH_L_1_E_10,SH_2023,SH,7/5/23,2023,R,B&P,10,L,1,E,,ED,100,3,12,,2,10,,,1,,,,,,4,,3,,,60,1,4,,,,,,,,,,,,,,,,,2,1,1,,,,,,,,,,,,,,,,,,,,,,,,,,4,18,,28,,,,,,2,,,,,,,,,,,,,,88,,,,,,,,,,,,,,,,,,,,,,,,,,,,,,,,,,,,,,,,,,,,,,,,,,,,,,,,,,,,,,,,,,,,,,,,,,,,,,
SH_L_2_E_05_2023,SH_L_2_E_05,SH_2023,SH,7/5/23,2023,R,B&P,5,L,2,E,,ED,100.1,2,16,,0.1,,,,1,,,,,,,81,,,,,,,,,,,,,,,,,,,,,,,2,,,,,,,,,,,,,,,,,,,,,,,,,,,,,,,,,,,,100,1,1,,,,,,,,,,,,,,,,,,,,,,,,,,,,,,,,,,,,,,,,,,,,,,,,,,,,,,,,,,,,,,,,,,,,,,,,,,,,,,,,,,,,,,,,,,,
SH_L_2_E_07_2023,SH_L_2_E_07,SH_2023,SH,7/5/23,2023,R,B&P,7,L,2,E,,ED,100.1,14,62,,,,,,1,,,,,0.1,1,,3,,,18,1,,,,,,,,,1,,,,,,,,,,,,,,,,,,,,,,,,,,,,,,,,,,,,,,60,,17,,,,,,,,,,,,,,,,,,,,2,6,51,,,,,,,,8,,,,,,,,,,,,,,,,,,,,,,,,,,,,,,,,,,,,,,,,,,,,,,,,,,,,,,,,,,,,,,,,,,,,
SH_L_3_E_01_2023,SH_L_3_E_01,SH_2023,SH,7/5/23,2023,R,B&P,1,L,3,E,,ED,100,,87,,,,,,,,,,,,1,7,,,,5,,,,,,,,,,,,,,,,,,,,,1,,,,,,,,,,,,,,,,,,,,,,,,,,,98,,,,,,,36,,,,,,,,,,,,,,,,,23,,,,,,,,,,,,,,,,,,,,,,,,,,,,,,,,,,,,,,,,,,,,,,,,,,,,,,,,,,,,,,,,,,,,,,,,,,,,
SH_L_3_E_02_2023,SH_L_3_E_02,SH_2023,SH,7/5/23,2023,R,B&P,2,L,3,E,,ED,100.2,3,7,,2,,0.1,,1,,,,,1,,1,5,,,76,4,0.1,,,,,,,,,,,,,,,,,,,,,,,,,,,,,,,,,,,,,,,,,,,,,,,,88,,,,,3,2,4,,,,,,,,,,,,22,,12,,,,,,,3,,,,,,,,,,,,,,,,,,,,,,,,,,,,,,,,,,,,,,,,,,,,,,,,,,,,,,,,,,,,,,,,,,,,,,
SH_L_3_E_03_2023,SH_L_3_E_03,SH_2023,SH,7/5/23,2023,R,B&P,3,L,3,E,,ED,100,,80,,,,,,,,,,,1,,,,,,19,,,,,,,,,,,,,,,,,,,,,1,,,,,,,,,,,,,,,,,,,,,,,,,,,,,,,,,,,,,,,,,,,,,,,,,,,92,,,,,,,,,,,,,,,,,,,,,,,,,,,,,,,,,,,,,,,,,,,,,,,,,,,,,,,,,,,,,,,,,,,,,,,,,,,,
SH_L_3_E_04_2023,SH_L_3_E_04,SH_2023,SH,7/5/23,2023,R,B&P,4,L,3,E,,ED,100,,86,,,,,,,,,,,,,,,,,10,4,,,,,,,,,,,,,,,,,,,,,,,,,,,,,,,,,,,,,,,,,,,,,,,,,,,,,,,8,,,,,,,,,,,,,,,,53,,,,,,,,,,,,,,,,,,,,,,,,,,,,,,,,,,,,,,,,,,,,,,,,,,,,,,,,,,,,,,,,,,,,,,,,,,,,
SH_L_3_E_05_2023,SH_L_3_E_05,SH_2023,SH,7/5/23,2023,R,B&P,5,L,3,E,,ED,100,,79,,,,,,,,,,,,,,,,,20,1,,,,,,,,,,,,,,,,,,,,,,,,,,,,,,,,,,,,,,,,,,,,,,,37,,,,,,,,1,,,,,,0.1,,,,,,,,,,,,,4,,,,,,,,,,,,,,,,,,,,,,,,,,,,,,,,,,,,,,,,,,,,,,,,,,,,,,,,,,,,,,,,,,,,,,,,,
SH_M_1_E_11_2023,SH_M_1_E_11,SH_2023,SH,7/5/23,2023,R,B&P,11,M,1,E,Meter Marking 30,ED,100,8,1,,,,3,,1,,3,80,,4,,,,,,,,,,,,,,,,1,11,15,,,,,,,,,,,,,,,,,,,,,,,,,,,,,,,,,,,,,,,,,,,,,,,,,,,,,,,,,,,,,,,,,,,,,,,,,,,,,,,,,,,,,,,,,,,,,,,,,,,,,,,,,,,,3,3,,,,,,,,,2,,,5,,,,,,,,,,,,,,,
SH_M_1_E_09_2023,SH_M_1_E_09,SH_2023,SH,7/5/23,2023,R,B&P,9,M,1,E,Meter Marking 24,ED,100,,,,,,,,,,,100,,,,,,,,,,,,,,,,,,,31,9,7,,,,,,,,,,,,,,,,,,,,,,,,,,,,,,,,,,,,,,,,,,,,,,,,,,,,,,,,,,,,,,,,,,,,,,,,,,,,,,,,,,,,,,,,,,,,,,,,,,,,,,,,,,,14,1,,,,,,,,,2,,,6,,,,,,,,,,,,,,,
SH_M_1_E_07_2023,SH_M_1_E_07,SH_2023,SH,7/5/23,2023,R,B&P,7,M,1,E,Meter Marking 18,ED,100,41,,,,,3,,2,,1,38,,1,1,,,,1,12,,,,,,,,,,,64,9,21,,,,,,,,,,,,,,,,,,,,,,,,,,,,,,,,,,,,,,,,,,,,,,18,,,,,,1,,4,,,,,,,,,,,,,,0.1,4,,,,,,,,,,,,,,,,,,,,,,,,,,,,,,,,,,,,,,4,0.1,,,,,,,,,,,,2,,,,,,,,,,,,,,,
SH_M_1_E_05_2023,SH_M_1_E_05,SH_2023,SH,7/5/23,2023,R,B&P,5,M,1,E,Meter Marking 12,ED,100,51,,,,,5,,2,,5,37,,,,,,,,,,,,,,,,,,,74,16,8,,,,,,,,1,,,,,,,,,,,,,,,,,,,,,,,,,,,,,,,,,,,,,,,,,,,,,,,,,,,,,,,,,,,,,,,,,,,,,,,,,,,,,,,,,,,,,,,,,,,,,,,,,,,5,2,,,,,,,,,,,,3,,,,,,,,,,,,,,,
SH_M_1_E_03_2023,SH_M_1_E_03,SH_2023,SH,7/5/23,2023,R,B&P,3,M,1,E,Meter Marking 6,ED,100,1,,,,,,,,,,99,,,,,,,,,,,,,,,,,,,59,3,2,,,,,,,,,,,,,,,,,,,,,,,,,,,,,,,,,,,,,,,,,,,,,,,,,,,,,,,,,,,,,,,,,,,,,,,,,,,,,,,,,,,,,,,,,,,,,,,,,,,,,,,,,,,16,3,,,,,,,,,,,,2,,,,,,,,,,,,,,,
SH_M_1_E_02_2023,SH_M_1_E_02,SH_2023,SH,7/5/23,2023,R,B&P,2,M,1,E,Meter Marking 3,ED,100,,,,,,,,,,,100,,,,,,,,,,,,,,,,,,1,3,2,,,,,,,,,,,,,,,,,,,,,,,,,,,,,,,,,,,,,,,,,,,,,,,,,,,,,,,,,,,,,,,,,,,,,,,,,,,,,,,,,,,,,,,,,,,,,,,,,,,,,,,,,,,1,1,,,,,,,,,,,,,2,,,,,,,,,,,,,,,
SH_H_1_E_02_2023,SH_H_1_E_02,SH_2023,SH,7/5/23,2023,R,B&P,2,H,1,E,Meter Marking 3,ED,100,12,,,,,59,,,,1,22,,,6,,,,,,,,,,,,,,,,36,,,,,,,,,,,,,,,,,,,,,,,,,,,,,,,,,,,,,,,,,,,12,,,,,,,,,,,,,1,,,,,,,,,,,,,,,,,,,,,,,,,,,,,,,,,,,,,,,,,,,,,,,,,,,,,,,,,,,,,,,,,,,,,,,,,,,,,,,,,
SH_H_1_E_03_2023,SH_H_1_E_03,SH_2023,SH,7/5/23,2023,R,B&P,3,H,1,E,Meter Marking 6,ED,100,43,,,,,5,,16,,3,24,,,9,,,,,,,,,,,,,,,,59,,39,,,,,,,,,,,,,,,,,,,,,,,,,,,,,,,,,,,,,,,,,,,,,,,,,,,,1,,0.1,,,,,,,,,,,,,,,,,,,,,,,,,,,,,,,,,,,,,,,,,,,,,,,,,,,,,8,,,,,,,,,,,,,,,,,,,,,,,,,,,,
SH_H_1_E_05_2023,SH_H_1_E_05,SH_2023,SH,7/5/23,2023,R,B&P,5,H,1,E,Meter Marking 12,ED,100,,,,,,,,,,,100,,,,,,,,,,,,,,,,,,1,7,,,,,,,,,,,,,,,,,,,,,,,,,,,,,,,,,,,,,,,,,,,,,,,,,,,,,,2,,,,,,,,,,,,,,,,,,,,,,,,,,,,,,,,,,,,,,,,,,,,,,,,,,,,,,,5,2,,,,,,,,,,,,2,,,,,,,,,,,,,,,
SH_H_1_E_06_2023,SH_H_1_E_06,SH_2023,SH,7/5/23,2023,R,B&P,6,H,1,E,Meter Marking 15,ED,100,54,,,,,17,,6,,9,12,,,2,,,,,,,,,,,,,,,,8,5,,,,,,,,,,,,,,,,,,,,,,,,,,,,,,,,,,,,,,,,,,,,,,,,,,,,,,,,,,,,,,,,,,,,,,,,,,,,,,,,,,,,,,,,,,,,,,,,,,,,,,,,,,,,2,,,,,,,,,,,,,,,,,,,,,,,,,,,,
SH_H_1_E_08_2023,SH_H_1_E_08,SH_2023,SH,7/5/23,2023,R,B&P,8,H,1,E,Meter Marking 21,ED,100,17,,,,,71,,2,,,1,,,,,,9,,,,,,,,,,,,,,,,,,,,,,,,,,,,,,,,,,,,,,,,,,,,,,,,,,,,,,,,31,,,,,,,,,,,,,1,,,,,,,,,,,,,,,,,,,,,,,,,,,,,,,,,,,,,,,,,,,,,,,,,,,,,,,,,,,,,,,,,,,,,,,,,,,,,,,,,
SH_H_1_E_10_2023,SH_H_1_E_10,SH_2023,SH,7/5/23,2023,R,B&P,10,H,1,E,Meter Marking 27,ED,100.1,18,,,,,73,,3,,,1,,,,,,5,,0.1,,,,,,,,,,,,86,,,,,,,,,,,,,,,,,,,,,,,,,,,,,,,,,,,,,,,,,,15,,,,,,,,,,,0.1,,0.1,,,,,,,,,,,,,,,,,,,,,,,,,,,,,,,,,,,,,,,,,,,,,,,,,,,,,,,,,,,,,,,,,,,,,,,,,,,,,,,,,
SH_H_1_E_11_2023,SH_H_1_E_11,SH_2023,SH,7/5/23,2023,R,B&P,11,H,1,E,Meter Marking 30,ED,100,79,,,,,10,,,1,,1,,,,,,8,1,,,,,,,,,,,,,,,,,,,,,,,,,,,,,,,,,,,,,,,,,,,,,,,,,,,,,,,33,,,,,,3,,,,,2,,1,,0.1,,,,,,,,,,,,,,,,,,,,,,,,,,,,,,,,,,,,,,,,,,,,,,,,,,,,,,,,,,,,,,,,,,,,,,,,,,,,,,,
SH_L_1_E_01_2023,SH_L_1_E_01,SH_2023,SH,7/5/23,2023,SB&JD,SB,1,L,1,E,,ED,100.2,40,38,2,4,,,0.1,0.1,,,,,1,,,3,7,,2,3,,,,,,,,5,,,,,,2,1,,,,,,,,,,,,,,,,,,,,,,,,,,,,,,,,,,29,34,,,,,0.1,3,,,,,1,,,,,,,,11,,,,,,,,,,1,,,,,,1,,,,,,,,,,,,,,,,,,,,,,,,,,,,,,,,,,,,,,,,,,,,,,,,,,,,,,,,,,,,,,
SH_L_1_E_03_2023,SH_L_1_E_03,SH_2023,SH,7/5/23,2023,SB&JD,SB,3,L,1,E,,ED,100,,65,2,9,5,,,,,,,,8,,,,5,,2,4,,,,,,,,1,,,,,,1,,,,,,,,,,,,,,,,,,,,,,,,,,,,,,,,,,,9,87,,,,,3,1,,,,,,,,,,1,,,9,1,,,,,,,,,,0.1,,,,,,,,,,,,,,,,,,,,,,,,,,,,,,,,,,,,,,,,,,,,,,,,,,,,,,,,,,,,,,,,,,,
SH_L_1_E_05_2023,SH_L_1_E_05,SH_2023,SH,7/5/23,2023,SB&JD,SB,5,L,1,E,,ED,100,46,10,1,4,,,,1,,,,,1,,,11,,,14,12,,,,,,,,,,,,,,,,,,2,,,,,,,,,,,,,,,,,,,,,,,,,,,,,,,80,,,,,,12,10,,,,,,,12,,,,,,2,2,,,,,,,,,0.1,,,,,,2,,,,,,,,,,,,,,,,,,,,,,,,,,,,,,,,,,,,,,,,,,,,,,,,,,,,,,,,,,,,,,
SH_L_1_E_07_2023,SH_L_1_E_07,SH_2023,SH,7/5/23,2023,SB&JD,SB,7,L,1,E,,ED,100,34,21,2,9,,,,,,,1,,2,,,,25,,1,5,,,,,,,,1,,,,,,,,,,,,,,,,,,,,,,,,,,,,,,,,,,,,,,,,,,85,,,,,,,,,,,,,,,,,,,2,27,,,,,,,,,1,,,,,,7,,,,,,,,,,,,,,,,,,,,,,,,,,,,,,,,,,,,,,,,,,,,,,,,,,,,,,,,,,,,,,
SH_L_1_E_09_2023,SH_L_1_E_09,SH_2023,SH,7/5/23,2023,SB&JD,SB,9,L,1,E,,ED,100,59,2,1,,,1,,1,4,,,,2,5,,2,,,9,14,,,,,,,,,1,,29,,2,,,,,1,,,,,,,,,,,,,,,,,,,,,,,,,,,,,,,10,,,,,,17,2,,,,,,,13,,,,,,,,,,,,,,,,,,,,,,,,,,,,,,,,,,,,,,,,,,,,,,,,,,,,,,,,,,,,,,,,,,,,,,,,,,,,,,,,,,,,
SH_L_2_E_02_2023,SH_L_2_E_02,SH_2023,SH,7/5/23,2023,SB&JD,SB,2,L,2,E,,ED,100.1,57,11,8,2,,1,,1,0.1,,,,2,4,,,12,,1,1,,,,,,,1,5,,,4,,,1,,,,,,,,,,,,,,,,,,,,,,,,,,,,,,,,,2,,,98,,,,,1,,,,,,,,,,,,,,,,,,,,,,1,,,,,,,,,,,,,,,,,,,,,,,,,,,,,,,,,,,,,,,,,,,,,,,,,,,,,,,,,,,,,,,,,,,,,,
SH_L_2_E_04_2023,SH_L_2_E_04,SH_2023,SH,7/5/23,2023,SB&JD,SB,4,L,2,E,,ED,100,64,2,,,,1,,4,,,,,3,1,19,,,,3,3,,,,,,,,4,,,,,,,,,,2,,,,,,,,,,,,,,,,,,,,,,,,,,,,,,,,,,,,6,2,1,,,,,,,,,,,,,,5,,,,,,,,,,,,,,,,,,,,,,,,,,,,,,,,,,,,,,,,,,,,,,,,,,,,,,,,,,,,,,,,,,,,,,,,,,,,,
SH_L_2_E_06_2023,SH_L_2_E_06,SH_2023,SH,7/5/23,2023,SB&JD,SB,6,L,2,E,,ED,100.1,,76,0.1,1,,,,,,,,,1,,,,2,,12,8,,,,,,,,,,,,,,,,,,1,,,,,,,,,,,,,,,,,,,,,,,,,,,,,15,,2,28,,,,,5,12,,,,,,,,,,,,,6,,,,,,,6,1,,,,,,,,,,,,,,,,,,,,,,,,,,,,,,,,,,,,,,,,,,,,,,,,,,,,,,,,,,,,,,1,,,,,,,,
SH_L_2_E_10_2023,SH_L_2_E_10,SH_2023,SH,7/5/23,2023,SB&JD,SB,10,L,2,E,,ED,100.1,4,8,1,0.1,,,,,,,,,1,,,,,,80,6,,,,,,,,,,,,,,,,,,,,1,,,,,,,,,,,,,,,,,,,,,,,,,,,,,,,,,,0.1,2,12,,,,,2,,,,,,,,62,30,,,,,,0.1,8,,,,,,,,,,,,,,,,,,,,,,,,,,,,,,,,,,,,,,,,,,,,,,,,,,,,,,,,,,,,,,,,,,,,,,
SH_L_3_E_07_2023,SH_L_3_E_07,SH_2023,SH,7/5/23,2023,SB&JD,SB,7,L,3,E,,ED,100.1,,72,,,,,,,,,,,,,3,,0.1,,13,12,,,,,,,,,,,,,,,,,,,,,,,,,,,,,,,,,,,,,,,,,,,,,,,36,,5,,,,,4,7,6,,,,,,,,,,,,,20,5,17,,,,,,,,,,,,,,,,,,,,,,,,,,,,,,,,,,,,,,,,,,,,,,,,,,,,,,,,,,,,,,,,,,,,,,,,,,,,
SH_L_3_E_09_2023,SH_L_3_E_09,SH_2023,SH,7/5/23,2023,SB&JD,SB,9,L,3,E,,ED,100.2,4,55,2,3,,0.1,,0.1,,,,,,,,,17,,9,10,,,,,,,,,,,,,,,,,,2,,1,,,,,,,,,,,,,,,,,,,,,,,,,,,15,,,39,,,,,2,7,,,,,5,,,,,,,,3,,,,,,,,,,,,,,,,,,,,,,,,,,,,,,,,,,,,,,,,,,,,,,,,,,,,,,,,,,,,,,,,,,,,,,,,,,,,,,
SH_M_1_E_10_2023,SH_M_1_E_10,SH_2023,SH,7/5/23,2023,SB&JD,SB,10,M,1,E,Meter Marking 27,ED,100.2,2,,,,,0.1,,0.1,1,,96,,1,,,,,,,,,,,,,,,,7,37,15,,,,,,,,,,,,,,,,,,,,,,,,,,,,,,,,,,,,,,,,,,,,,,,,,,,,,,,,,,,,,,,,,,,,,,,,,,,,,,,,,,,,,,,,,,,,,,,,,,,,,,,,,,,,3,1,,,,,,,,,,,,6,,,,,,,,,,,,,,,
SH_M_1_E_08_2023,SH_M_1_E_08,SH_2023,SH,7/5/23,2023,SB&JD,SB,8,M,1,E,Meter Marking 21,ED,100.2,3,18,6,,,0.1,,0.1,,,40,,33,,,,,,,,,,,,,,,,3,12,10,,1,,,,,,,2,,,,,,,,,,,,,,,,,,,,,,,,,,,,,,,,,,,,,,8,,,,,,,,,,,,,,,,,,8,,,,,,,,,,,,,,,,,,,,,,,,,,,,,,,,,,,,,,,,,,,3,1,,,,,,,,,,,,4,,,,,,,,,,,,,,,
SH_M_1_E_06_2023,SH_M_1_E_06,SH_2023,SH,7/5/23,2023,SB&JD,SB,6,M,1,E,Meter Marking 15,ED,100.3,4,,,,,0.1,,0.1,6,2,88,,0.1,,,,,,,,,,,,,,,,,43,5,27,,,,,,,,,,,,,,,,,,,,,,,,,,,,,,,,,,,,,,,,,,1,,,,,,,,,,,,,,,,,,,,,,,,,,,,,,,,,,,,,,,,,,,,,,,,,,,,,,,,,,,,,,,,,6,2,,,,,,,,,3,,,3,,,,,,,,,,,,,,,
SH_M_1_E_04_2023,SH_M_1_E_04,SH_2023,SH,7/5/23,2023,SB&JD,SB,4,M,1,E,Meter Marking 9,ED,100.2,20,,,,,1,,0.1,1,5,72,0.1,1,,,,,,,,,,,,,,,,,45,15,21,,,,,,,,,,,,,,,,,,,,,,,,,,,,,,,,,,,,,,,,,,,,,,2,,,,,,,,,,,,,,,,,,,,,,,,,,,,,,,,,,,,,,,,,,,,,,,,,,,,,,,,,,,,,4,1,,,,,,,,,1,,,3,,,,,,,,,,,,,,,
SH_M_1_E_01_2023,SH_M_1_E_01,SH_2023,SH,7/5/23,2023,SB&JD,SB,1,M,1,E,Meter Marking 0,ED,100.2,2,,,,,0.1,,0.1,,1,97,,,,,,,,,,,,,,,,,,,60,3,18,,,,,,,,,,,,,,,,,,,,,,,,,,,,,,,,,,,,,,,,,,,,,,,,,,,,,,,,,,,,,,,,,,,,,,,,,,,,,,,,,,,,,,,,,,,,,,,,,,,,,,,,,,,5,3,,,,,,,,,,,,1,,,,,,,,,,,,,,,
SH_H_1_E_01_2023,SH_H_1_E_01,SH_2023,SH,7/5/23,2023,SB&JD,SB,1,H,1,E,Meter Marking 0,ED,100.1,69,,,,,25,,4,,1,0.1,1,,,,,,,,,,,,,,,,,1,1,3,22,,,,,,,,,,,,,,,,,,,,,,,,,,,,,,,,,,,,,,,,,15,,,,,,,,,,1,,,,,,,,,,,,,,,,,,,,,,,,,,,,,,,,,,,,,,,,,,,,,,,,,,,,,,,,,,,,,,,,,,,,,,,,,,,,,,,,,,,,
SH_H_1_E_04_2023,SH_H_1_E_04,SH_2023,SH,7/5/23,2023,SB&JD,SB,4,H,1,E,Meter Marking 9,ED,100,52,,,,,30,,6,,2,3,4,,3,,,,,,,,,,,,,,,,17,5,39,,,,,,,,,,,,,,,,,,,,,,,,,,,,,,,,,,,,,,,,,,,,,,,,,,,,,,,,,,,,,,,,,,,,,,,,,,,,,,,,,,,,,,,,,,,,,,,,,,,,,,,,,,,1,0.1,,,,,,,,,,,,,,,,,,,,,,,,,,,
SH_H_1_E_07_2023,SH_H_1_E_07,SH_2023,SH,7/5/23,2023,SB&JD,SB,7,H,1,E,Meter Marking 18,ED,100,80,,,,,8,,2,,1,1,6,,2,,,,,,,,,,,,,,,,7,7,76,,,,,,,,,,,,,,,,,,,,,,,,,,,,,,,,,,,,,,,,,,,,,,25,0.1,,,,1,,,,,,,,,,,,,,,,,,,,,,,,,,,,,,,,,,,,,,,,,,,,,,,,,,,,,,,,,,,,,,,,,,,,,,,,,,,,,,,,,,,,
SH_H_1_E_09_2023,SH_H_1_E_09,SH_2023,SH,7/5/23,2023,SB&JD,SB,9,H,1,E,Meter Marking 24,ED,100.1,14,,,,,83,,3,,,,,,0.1,,,,,,,,,,,,,,,,2,5,95,,,,,,,,,,,,,,,,,,,,,,,,,,,,,,,,,,,,,,,,,33,,,,,10,,,,,,,,,,,,,,,,,,,,,,,,,,,,,,,,,,,,,,,,,,,,,,,,,,,,,,,,,,,,,,,0.1,,,,,,,,,,,,,,,,,,,,,,,,,,
YB_L_2_E_01_2023,YB_L_2_E_01,YB_2023,YB,7/4/23,2023,BM,NP,1,L,2,E,,ED,100,29,,,,,,,15,,,,,,,,,,,56,,,,,,,,,,,,1,,,,,,,,,,,,,,,,,,,,,,,,,,,,,,,,,,,,,,,,,,,,,,,,,,,,,,,0.1,,,,0.1,56,,,,,,,,,,,,,,,,,,,,,,,,,,,,,,,,,,,,,,,,,,,,,,,,,,,,,,,,,,,,,,,,,,,,,,,,,,,,
YB_L_2_E_02_2023,YB_L_2_E_02,YB_2023,YB,7/4/23,2023,BM,NP,2,L,2,E,,ED,100.1,,13,,,,,,7,0.1,,,,,1,,,,,79,,,,,,,,,1,3,,26,1,,,,,,,,,,,,,,,,,,,,,,,,,,,,,,,,,,,,,,,,,,,,,,,,,,,,,,,,,,,79,,,,,,,,,,,,,,,,,,,,,,,,,,,,,,,,,,,,,,,,,,,,,,,,,,,,,,,,,,,,,,,,,,,,,,,,,,,,
YB_L_2_E_03_2023,YB_L_2_E_03,YB_2023,YB,7/4/23,2023,BM,NP,3,L,2,E,,ED,100,,33,,,,,,,,,,,,1,,,,,65,1,,,,,,,,,,,,,,,,,,,,,,,,,,,,,,,,,,,,,,,,,,,,,,,,,2,,,,,,,,,,,,,,,,,,,,,,77,,,,,,,,8,,,,,,,,,,,,,,,,,,,,,,,,,,,,,,,,,,,,,,,,,,,,,,,,,,,,,,,,,,,,,,,,,,,,
YB_L_2_E_04_2023,YB_L_2_E_04,YB_2023,YB,7/4/23,2023,BM,NP,4,L,2,E,,ED,100.2,23,,,,,0.1,,20,3,0.1,,,,2,,,,,51,1,,,,,,,,5,3,2,67,6,,,1,,,,,,,,,,,,,,,,,,,,,,,,,,,,,,,,12,,12,,,,,,,1,,,,,,,,,,0.1,,,12,5,16,,,,,,,,0.1,,,,,,,,,,,,,,,,,,,,,,,,,,,,,,,,,,,,,,,,,,,,,,,,,,,,,,,,,,,,,,,,,,,,
YB_L_2_E_05_2023,YB_L_2_E_05,YB_2023,YB,7/4/23,2023,BM,NP,5,L,2,E,,ED,100,36,4,,,,1,,11,1,,,,,6,,,,,26,15,,,,,,,,1,,,22,1,,,,,,,,,,,,,,,,,,,,,,,,,,,,,,,,,,,8,,2,,,,,,,9,,,,,,,6,,,,,,,13,,,,,,,,,10,,,,,,,,,,,,,,,,,,,,,,,,,,,,,,,,,,,,,,,,,,,,,,,,,,,,,,,,,,,,,,,,,,,,
YB_L_3_E_01_2023,YB_L_3_E_01,YB_2023,YB,7/4/23,2023,BM,NP,1,L,3,E,,ED,100,58,,2,,,,,,,,,,,,24,4,,,,11,1,,,,,,,,,,1,,1,3,,,,2,,,,,,,,,,,,3,,,,,,,,,,,,,,,,,,,73,,,,,35,4,7,,,,,,,,,,,,,,,,,,,,,,,1,,,,,,,,,,,,,,,,,,,,,,,,,,,,,,,,,,,,,,,,,,,,,,,,,,,,,,,,,,,,,,,,,,,,
YB_L_3_E_03_2023,YB_L_3_E_03,YB_2023,YB,7/4/23,2023,BM,NP,3,L,3,E,,ED,100,68,,,4,,,,6,1,,,,,1,,4,,,12,4,,,,,,,,5,,,24,,2,3,,,,,,,,,,,,,,,,,,,,,,,,,,,,,,,,,,,92,,,,,,1,1,,,,,,,11,,,,,,,,,,,,,,,,1,,,,,,,,,,,,,,,,,,,,,,,,,,,,,,,,,,,,,,,,,,,,,,,,,,,,,,,,,,,,,,,,,,,,
YB_L_3_E_05_2023,YB_L_3_E_05,YB_2023,YB,7/4/23,2023,BM,NP,5,L,3,E,,ED,100,29,,9,9,,,,,,,,,5,1,,4,,,17,26,,,,,,,,1,,,,,4,1,,,,,,,,,,,,,,,,,,,,,,,,,,,,,,,,,,,71,,,,,,6,21,,,,,0.1,,21,,,,,,10,,,,,,,,,,2,,,,,,,,,,,,,,,,,,,,,,,,,,,,,,,,,,,,,,,,,,,,,,,,,,,,,,,,,,,,,,,,,,,,
YB_L_3_E_07_2023,YB_L_3_E_07,YB_2023,YB,7/4/23,2023,BM,NP,7,L,3,E,,ED,100,46,,,,8,,,2,11,,,,,3,,1,,,29,,,,,,,,3,3,,,26,,,,,,,,,,,,,,,,,,,,,,,,,,,,,,,,,,,,,,14,,,,,,,,,,,,,,10,,,,,,5,,,,,,,,,,16,,,,,,,,,,,,,,,,,,,,,,,,,,,,,,,,,,,,,,,,,,,,,,,,,,,,,,,,,,,,,,,,,,,,
YB_L_3_E_09_2023,YB_L_3_E_09,YB_2023,YB,7/4/23,2023,BM,NP,9,L,3,E,,ED,100,24,,,1,,,,1,14,,,,,2,,3,,,38,17,,,,,,,6,2,,,,,1,1,,,,,,,,,,,,,,,,,,,,,,,,,,,,,,,,,,,31,,,,,,1,5,,,,,,,15,,,,,,2,4,,,,,,,,,6,,,,,,,,,,,,,,,,,,,,,,,,,,,,,,,,,,,,,,,,,,,,,,,,,,,,,,,,,,,,,,,,,,,,
YB_L_1_E_02_2023,YB_L_1_E_02,YB_2023,YB,7/4/23,2023,JMD,JMD,2,L,1,E,,ED,100.1,28,30,,,,,,,,,,,1,3,,,22,,3,13,0.1,,,,,,,,,,,,,,,,,4,,,,,,,,,,,,,,,,,,,,,,,,,,,,,3,,,44,,,,,3,16,,,,,,,,,,,,,16,,,,,,,1,1,,2,,,,,,,,,,,,,,,,,,,,,,,,,,,,,,,,,,,,,,,,,,,,,,,,,,,,,,,,,,,,,,,,,,,,
YB_L_1_E_04_2023,YB_L_1_E_04,YB_2023,YB,7/4/23,2023,JMD,JMD,4,L,1,E,,ED,100.1,64,,5,3,,1,,2,,,,,,,,,18,,4,3,0.1,,,,,,,1,1,,,,1,,,,,,,1,,,,,,,,,,,,,,,,,,,,,,,,,,,5,,,72,,,,,,3,,,,,,,,,,,,,,,,,,,,,,,,,,,,,,,,,,,,,,,,,,,,,,,,,,,,,,,,,,,,,,,,,,,,,,0.1,,,,,,,,,,,,,,,,,,,,,
YB_L_1_E_06_2023,YB_L_1_E_06,YB_2023,YB,7/4/23,2023,JMD,JMD,6,L,1,E,,ED,100,68,,,4,,,,,,,,,,1,,4,,,5,18,,,,,,,,1,,,,,,1,,,,3,,1,,,,,,,,,,,,,,,,,,,,,,,,,,,,,12,64,,,,,6,15,,,,,3,,,,,,,,10,,1,,,,,1,0.1,,,,,,,,,,,,,,,,,,,,,,,,,,,,,,,,,,,,,,,,,,,,,,,,,0.1,,,,,,,,,,,,,,,,,,,,,
YB_L_1_E_08_2023,YB_L_1_E_08,YB_2023,YB,7/4/23,2023,JMD,JMD,8,L,1,E,,ED,100.1,3,66,2,,,,,1,,,,,,1,7,2,,,10,8,0.1,,,,,,,2,,,,,,,,,,,,,,,,,,,,,,,,,,,,,,,,,,,,,,,3,,62,,,,,2,2,4,,,,,4,,,,,,,,6,3,,,,,,1,,,1,,,,,,,,,,,,,,,,,,,,,,,,,,,,,,,,,,,,,,,,,,,,,,,,,,0.1,,,,,,,,,,,,,,,,,,
YB_L_1_E_10_2023,YB_L_1_E_10,YB_2023,YB,7/4/23,2023,JMD,JMD,10,L,1,E,,ED,100.1,59,,,,,,,,,,,,0.1,1,,4,,,9,27,,,,,,,,2,,,13,,,2,,,,3,,,,,,,,,,,,,,,,,,,,,,,,,,,,,,,74,,,,,,4,22,,,,,,,,,,,,,1,2,,,,,,,,,5,,,,,,,,,,,,,,,,,,,,,,,,,,,,,,,,,,,,,,,,,,,,,,,,,,,,,,,,,,,,,,,,,,,,
YB_L_3_E_02_2023,YB_L_3_E_02,YB_2023,YB,7/4/23,2023,JMD,JMD,2,L,3,E,,ED,100,75,,,9,,,,4,1,,,,1,1,,8,,,,1,,,,,,,,5,,,,,3,2,,,,,,1,,,,,,,,,,,,,,,,,,,,,,,,,,,,,100,,,,,,1,1,,,,,,,,,,,,,,,,,,,,,,,,,,,,,,,,,,,,,,,,,,,,,,,,,,,,,,,,,,,,,,,,,,,,,,,,,,,,,,,,,,,,,,,,,,,
YB_L_3_E_04_2023,YB_L_3_E_04,YB_2023,YB,7/4/23,2023,JMD,JMD,4,L,3,E,,ED,100.1,63,,1,9,,,,0.1,,,,,2,5,16,2,,,,2,,,,,,,2,1,,,,,1,,,,,,,,,,,,,,,,,,,,,,,,,,,,,,,,,,,,20,,,,,60,,5,,,,,,,,,,,,,,,,,,,,,,,,,,,,,,,,,,,,,,,,,,,,,,,,,,,,,,,,,,,,,,,,,,,,,,,,,0.1,,,,,,,,,,,,,,,,,,
YB_L_3_E_06_2023,YB_L_3_E_06,YB_2023,YB,7/4/23,2023,JMD,JMD,6,L,3,E,,ED,100.1,54,,,4,,,,0.1,5,,,,2,,,5,,,22,8,,,,,,,,7,,,,,1,,,,,,,,,,,,,,,,,,,,,,,,,,,,,,,,,,,,23,,,,,,7,11,,,,,,,12,,,,,,,6,,,,,,,,,15,,,,,,,,,,,,,,,,,,,,,,,,,,,,,,,,,,,,,,,,,,,,,,,,,,,,,,,,,,,,,,,,,,,,
YB_L_3_E_08_2023,YB_L_3_E_08,YB_2023,YB,7/4/23,2023,JMD,JMD,8,L,3,E,,ED,100,75,,,4,,,,2,1,,,,,,6,5,,,3,4,,,,,,,,5,,,,,1,1,,,,1,,1,,,,,,,,,,,,,,,,,,,,,,,,,,,,,68,,,,,9,2,0.1,,,,,,,,,,,,,,4,,,,,,,,,,,,,,,,,,,,,,,,,,,,,,,,,,,,,,,,,,,,,,,,,,,,,,,,,,,,,,,,,,,,,,,,,,,,,
YB_L_3_E_10_2023,YB_L_3_E_10,YB_2023,YB,7/4/23,2023,JMD,JMD,10,L,3,E,,ED,109.1,47,4,,33,,0.1,,,,,,,1,2,,,,,6,7,9,,,,,,,,2,,,,,4,,,,2,,,,,,,,,,,,,,,,,,,,,,,,,,,,,,,,70,,,,,1,7,,,,,3,,,,,,,,1,,,,,,,1,,,4,,,,,,,,,,,,,,,,,,,,,,,,,,,,,,,,,,,,,,,,,,,,,,,,,,,,,,,,,,,,,,,,,,,,
YB_M_1_E_08_2023,YB_M_1_E_08,YB_2023,YB,7/4/23,2023,JMD,JMD,8,M,1,E,Meter Marking 21,ED,100,40,,,,,1,,4,28,6,19,,1,1,,,,,,,,,,,,,,,1,43,16,21,,,,,,,,,,,,,,,,,,,,,,,,,,,,,,,,,,,,,,,,,,,,,,2,,,1,,,,,,,1,2,,,,,,,,,,,,,,,,,,,,,,,,,,,,,,,,,,,,,,,,,,,,,,,,,,,,,,,,,,,,,,,,,,,,,,,,,,,,,,
YB_M_1_E_04_2023,YB_M_1_E_04,YB_2023,YB,7/4/23,2023,JMD,JMD,4,M,1,E,Meter Marking 9,ED,100,5,,,,,,,,,,91,,3,1,,,,,,,,,,,,,,,5,6,35,,,,,,,,,,,,,,,,,,,,,,,,,,,,,,,,,,,,,,,,,,,,,,,,,,,,,,,,,,,,,,,,,,,,,,,,,,,,,,,,,,,,,,,,,,,,,,,,,,,,,,,,,,,,,,,,,,,,,,,,,,,,,,,,,,,,,,,,
YB_M_1_E_02_2023,YB_M_1_E_02,YB_2023,YB,7/4/23,2023,JMD,JMD,2,M,1,E,Meter Marking 3,ED,96,,,,,,3,,1,,2,88,,2,,,,,,,,,,,,,,,,,31,16,60,,,,,,,,,88,,,,,,,,,,,,,,,,,,,,,,,,,,,,,,,,,,,,,,,,,,,,,,,,,,,,,,,,,,,,,,,,,,,,,,,,,,,,,,,,,,,,,,,,,,,,,,,,,,,,,,,,,,,,,,,,,,,,,,,,,,,,,,
YB_H_1__02_2023,YB_H_1__02,YB_2023,YB,7/4/23,2023,JMD,JMD,2,H,1,,,ALV,100.1,58,,,,,38,,1,,,,0.1,,3,,,,,,,,,,,,,,,,1,,59,,,,,,,,,,,,,,,,,,,,,,,,,,,,,,,,,,,,,,,,,,0.1,,,,,,,,,,2,,0.1,,,,,,,,,,,,,,,,,,,,,,,,,,,,,,,,,,,,,,,,,,,,,,,,,,,,,,,,,,,,,,,,,,,,,,,,,,,,,,,,,
YB_H_1__03_2023,YB_H_1__03,YB_2023,YB,7/4/23,2023,JMD,JMD,3,H,1,,,ALV,100.2,,18,,,,82,,0.1,,,,0.1,,,,,,,,,,,,,,,,,,,,24,,,,,,,,,,,,,,,,,,,,,,,,,,,,,,,,,,,,,,,,,0.1,,,,,,,,,,,2,,1,,,,,,,,,,,,,,,,,,,,,,,,,,,,,,,,,,,,,,,,,,,,,,,,,,,,,,,2,,,,,,,,,,,,,,,,,,,,,,,,,,
YB_H_1__05_2023,YB_H_1__05,YB_2023,YB,7/4/23,2023,JMD,JMD,5,H,1,,,ALV,100,19,50,23,,,6,,,,,,,,2,,,,,,,,,,,,,,,,,,53,,,,,,,,,,,,,,,,,,,,,,,,,,,,,,,,,,,,,,,,,1,,,,,,,,,,,1,,25,,,,,,,,,,,,,,,,,,,,,,,,,,,,,,,,,,,,,,,,,,,,,,,,,,,,,,,1,,,,,,,,,,,,,,,,,,,,,,,,,,
YB_H_1__07_2023,YB_H_1__07,YB_2023,YB,7/4/23,2023,JMD,JMD,7,H,1,,,ALV,100.1,2,53,4,,,23,,,,,,,,0.1,,,,,18,,,,,,,,,,,,,71,,,,,,,,,,,,,,,,,,,,,,,,,,,,,,,,,,,,,,,,,,,,,,,,,,,,,,21,,,,,,,,,,,,,,,,,,,,,,,,,,,,,,,,,,,,,,,,,,,,,,,,,,,,,,,,,,,,,,,,,,,,,,,,,,,,,,,,,
YB_H_1__09_2023,YB_H_1__09,YB_2023,YB,7/4/23,2023,JMD,JMD,9,H,1,,,ALV,100,3,72,,,,,,,,,,,,5,,,,2,18,,,,,,,,,3,,,,120,,,,,,,,,,,,,,,,,,,,,,,,,,,,,,,,,,,,3,,,,,,,0.1,,,,,,,,,,,,,,,,,34,,,,,,,,1,,,,,,,,,,,,,,,,,,,,,,,,,,,,,,,,,,,,,,,,,,,,,,,,,,,,,,,,,,,,,,,,,,,
YB_H_1__10_2023,YB_H_1__10,YB_2023,YB,7/4/23,2023,JMD,JMD,10,H,1,,,ALV,100.1,59,11,,,,12,,0.1,,,,,2,15,,,,,1,,,,,,,,,,,,29,122,,,,,,,,,,,,,,,,,,,,,,,,,,,,,,,,,,,0.1,,,,,,,,,,,,,,,,,0.1,,,,,,,,,,,,,,,,,,,,,,,,,,,,,,,,,,,,,,,,,,,,,,,,,,,,,,,,,0.1,,,,,,,,,,,,,,,,,,,,,,,,,,
CB_L_2__07_2023,CB_L_2__07,CB_2023,CB,7/6/23,2023,"BJR, SB","BJR, SB",7,L,2,,,ALV,100.2,6,5,,,,0.1,,0.1,,,,,,,,5,2,1,81,,,,,,,,,,,,,,,,,,,,,,,,,,,,,,,,,,,,,,,,,,,,,,,,4,3,30,,,,,,,,,,,,,,,1,2,4,,,3,14,11,,,,,,,,,5,,,,,,,,,,,,,,,,,,,,,,,,,,,,,,,,,,,,,,,,,,,,,,,,,,,,,,,,,,,,,,,,,,,
CB_L_2__08_2023,CB_L_2__08,CB_2023,CB,7/6/23,2023,"BJR, SB","BJR, SB",8,L,2,,,ALV,100.1,41,5,,0.1,,,,23,,,,,,,,4,2,3,22,,,,,,,,,,,,,,,,,,,,,,,,,,,,,,,,,,,,,,,,,,,,,,,,,3,8,,,,,,,,,,,,,,,17,2,5,,,,7,2,,,,,,,,,9,,,,,,,,,,,,,,,,,,,,,,,,,,,,,,,,,,,,,,,,,,,,,,,,,,,,,,,,,,,,,,,,,,,
CB_L_2__09_2023,CB_L_2__09,CB_2023,CB,7/6/23,2023,"BJR, SB","BJR, SB",9,L,2,,,ALV,100,51,,4,2,,2,,19,,,,,2,,,,2,1,17,,,,,,,,,,,,4,,1,,,1,,,,1,,,,,,,,,,,,,,,,,,,,,,,,,,,,5,,,,,,1,,,,,,,,,2,4,2,3,,,3,3,13,,,,,,,22,,1,,,,,,,,,,,,,,,,,,,,,,,,,,,,,,,,,,,,,,,,,,,,,,,,,,,,,,,,,,,,,,,,,,,
CB_L_2__10_2023,CB_L_2__10,CB_2023,CB,7/6/23,2023,"BJR, SB","BJR, SB",10,L,2,,,ALV,100,6,12,11,,,,,1,,,,,,2,,,8,1,59,,,,,,,,,,,,,,,,,,,,,,,,,,,,,,,,,,,,,,,,,,,,,,,,,63,,,,,,,,,,,,,,,,4,,13,,,12,1,1,,,,,,,,,2,,,,,,,,,,,,,,,,,,,,,,,,,,,,,,,,,,,,,,,,,,,,,,,,,,,,,,,,,,,,,,,,,,,
CB_M___01_2023,CB_M___01,CB_2023,CB,7/6/23,2023,"BJR, SB","BJR, SB",1,M,,,,ALV,100,3,,,,1,2,,2,,,21,,,,,,,,71,,,,,,,,,,2,8,21,,,,,,,,,,,,,,,,,,,,,,,,,,,,,,,,,,,,,,,,,,,,4,,,,,,18,,,,,,1,,,,38,,,,,,,,,,,,,,,,,,,,,,,,,,,,,,,,,,,,,,,,,,,,,,,,,,,,,,,,,,,,,,,,,,,,,,,,,,,,
CB_M___02_2023,CB_M___02,CB_2023,CB,7/6/23,2023,"BJR, SB","BJR, SB",2,M,,,,ALV,100,6,,3,,,1,,,1,,89,,,,,,,,,,,,,,,,,,,,,,,,,,,,,,,,,,,,,,,,,,,,,,,,,,,,,,,,,,,,,,,,,,,,,,,,,,,,,,,,,,,,,,,,,,,,,,,,,,,,,,,,,,,,,,,,,,,,,,,,,,,,,,,,,,2,,,,,,,,,,,,,,,,,,,,,,,,,,
CB_M___03_2023,CB_M___03,CB_2023,CB,7/6/23,2023,"BJR, SB","BJR, SB",3,M,,,,ALV,100,,,,,,,,,,,100,,,,,,,,,,,,,,,,,,,,9,,,,,,,,,,,,,,,,,,,,,,,,,,,,,,,,,,,,,,,,,,,,,,,,,,,,,,,,,,,,,,,,,,,,,,,,,,,,,,,,,,,,,,,,,,,,,,,,,,,,,,,,,,,,,,,,,,,,,,,,,,,,,,,,,,,,,,,,
CB_M___04_2023,CB_M___04,CB_2023,CB,7/6/23,2023,"BJR, SB","BJR, SB",4,M,,,,ALV,100,,,,,,,,,2,,98,,,,,,,,,,,,,,,,,,,1,35,,,,,,,,,,,,,,,,,,,,,,,,,,,,,,,,,,,,,,,,,,5,,,,,,,,,,,,,,,,,,,,,,,,,,,,,,,,,,,,,,,,,,,,,,,,,,,,,,,,,,,,,,,,,,,,,,,,,,,,,,,,,,,,,,,,,,,,,,
CB_H___01_2023,CB_H___01,CB_2023,CB,7/6/23,2023,"BJR, SB","BJR, SB",1,H,,,,ALV,100,93,,2,,,5,,,,,,,,,,,,,,,,,,,,,,,,,8,52,,,,,,,,,,,,,,,,,,,,,,,,,,,,,,,,,,,,,,,,,2,,,,,,,,,,,5,,2,,7,,,,,,,,,,,,,,,,,,,,,,,,,,,,,,,,,,,,,,,,,,,,,,,,,,,,,,,,,,,,,,,,,,,,,,,,,,,,,,,
CB_H___02_2023,CB_H___02,CB_2023,CB,7/6/23,2023,"BJR, SB","BJR, SB",2,H,,,,ALV,100.1,81,,,3,,,,,,,6,,,7,,,3,,,0.1,,,,,,,,,,,40,21,,,,,,,,,,,,,,,,,,,,,,,,,,,,,,,,,,,,,,,,,,,0.1,,,,,,,,,,,1,,,,,,,,,,1,,,,,,,,,,,,,,,,,,,,,,,,,,,,,,,,,,,,,,,,,,,,,,,,,,,,,,,,,,,,,,,,,,,,,,,
CB_H___03_2023,CB_H___03,CB_2023,CB,7/6/23,2023,"BJR, SB","BJR, SB",3,H,,,,ALV,100,87,,,,,2,,1,4,,6,,,,,,,,,,,,,,,,,,,2,12,6,,,,,,,,,,,,,,,,,,,,,,,,,,,,,,,,,,,,,,,,,,,,,,1,,,,,,0.1,,2,,,,,,,,,,,,,,,,,,,,,,,,,,,,,,,,,,,,,,,,,,,,,,,,,,,,,,,,,,,,,,,,,,,,,,,,,,,,,,,,,
CB_H___04_2023,CB_H___04,CB_2023,CB,7/6/23,2023,"BJR, SB","BJR, SB",4,H,,,,ALV,100.1,72,,15,,,3,,1,,,,,,,,,9,,0.1,,,,,,,,,,,8,8,,,,,,,,,,,,,,,,,,,,,,,,,,,,,,,,,,,,,,,,,,,,,,,,,,,,,0.1,,1,,,,,,,,,,,,,,,,,,,,,,,,,,,,,,,,,,,,,,,,,,,,,,,,,,,,,,,,,,,,,,,,,,,,,,,,,,,,,,,,,
CB_H___05_2023,CB_H___05,CB_2023,CB,7/6/23,2023,"BJR, SB","BJR, SB",5,H,,,,ALV,100,81,,2,,,5,,1,6,,5,,,,,,,,,,,,,,,,,,,3,9,47,,,,,,1,,,,,,,,,,,,,,,,,,,,,,,,,,,,,,,,,,,,,,,,,,,,,,,,3,,,,,,,,,,,,,,,,,,,,,,,,,,,,,,,,,,,,,,,,,,,,,,,,,,,,,,,,,,,,,,,,,,,,,,,,,,,,,,,,,
CB_L_1__02_2023,CB_L_1__02,CB_2023,CB,7/6/23,2023,"BJR, SB","BJR, SB",2,L,1,,,ALV,100,3,8,1,2,,,,,,,,,1,,,,,,85,,,,,,,,,,,,,,,,,1,,,,,,,,,,,,,,,,,,,,,,,,,,,,,,,,,,,,,,,,,,,,,6,,,,,,,,63,3,,,1,,,,1,,,,5,,,,,,,,,,,,,,,,,,,,,,,,,,,,,,,,,,,,,,,,,,,,,,,,,,,,,,,,,,,,,,,,,,
CB_L_1__04_2023,CB_L_1__04,CB_2023,CB,7/6/23,2023,"BJR, SB","BJR, SB",4,L,1,,,ALV,100.2,4,6,4,2,,0.1,0.1,,,,,,2,,,4,,1,74,3,,,,,,,,1,,,35,,,1,,,4,,,,,,,,,,,,,,,,,,,,,,,,,,,,,,,,48,,,,,,1,1,,,,,,12,,,0.1,,,,5,,,,,,,,,,,,3,,,,,,,,,,,,,,,,,,,,,,,,,,,,,,,,,,,,,,,,,,,,,,,,,,,,,,,,,,,,,,,,,,
CB_L_1__06_2023,CB_L_1__06,CB_2023,CB,7/6/23,2023,"BJR, SB","BJR, SB",6,L,1,,,ALV,19.2,,5,4,,,,0.1,1,,,,,5,,,,,1,3,0.1,,,,,,,,2,,1,25,,,1,,,3,,,1,,,,,,,,,,,,,,,,,,,,,,,,,,,,,51,,,,,,0.1,,,,,,1,,3,,,,,,,,,1,,,,,,,,,1,,,,,,,,,,,,,,,,,,,,,,,,,,,,,,,,,,,,,,,,,,,,,,,,,,,,,,,,,,,,,,,,,,
CB_L_1__08_2023,CB_L_1__08,CB_2023,CB,7/6/23,2023,"BJR, SB","BJR, SB",8,L,1,,,ALV,100.1,52,,2,33,,,,,,,,,2,,,4,,,7,0.1,,,,,,,3,,,,1,,,,,,43,,,,,,,,,,,,,,,,,,,,,,,,,,,,,,,,22,,,,,,0.1,,,,,0.1,6,8,,,,,,,2,,,,3,,,,,,,,,,,,,,,,,,,,,,,,,,,,,,,,,,,,,,,,,,,,,,,,,,,,,,,,,,,,,,,,,,1,,,,,,,,
CB_L_1__10_2023,CB_L_1__10,CB_2023,CB,7/6/23,2023,"BJR, SB","BJR, SB",10,L,1,,,ALV,100,6,4,5,13,,,,,,,,,2,,3,,,,66,1,,,,,,,,,,,3,,,,,,3,,,,,,,,,,,,,,,,,,,,,,,,,,,,,,,,,,,,,8,1,,,,,,48,3,,,0.1,,,,,,,,12,,1,,,,,,,,,,,,,,,,,,,,,,,,,,,,,,,,,,,,,,,,,,,,,,,,,,,,,,,,,,,,,,,,,,,,,,,,
CB_L_2__01_2023,CB_L_2__01,CB_2023,CB,7/6/23,2023,Caroline/Sof,Caroline/Sof,1,L,2,,,ALV,100,28.5,,,,,18,,36,,,,,,,,,,0.5,17,,,,,,,,,,,,47,5,,,,,,3,,,,,,,,,,,,,,,,,,,,,,,,,,,,,,,,,,,,,,,,,,,,1,0.5,0.5,1,0.1,,,,,6,,,,0.1,,,53,,1,,,,,,,,,,,,,,,,,,,,,,,,,,,,,,,,,,,,,,,,,,,,,,,,,,,,,,,,,,,,,,,,,,,
CB_L_2__02_2023,CB_L_2__02,CB_2023,CB,7/6/23,2023,Caroline/Sof,Caroline/Sof,2,L,2,,,ALV,100,57.5,,,,,,,6,,,,,,,,0.5,,1,35,,,,,,,,,,,,37,11,,,,,,,,,,,,,,,,,,,,,,,,,,,,,,,,,,,,,2,,,,,,,,,,,,,4,,,1,,,,,,65,,,,,,,9,,2,,,,,,,,,,,,,,,,,,,,,,,,,,,,,,,,,,,,,,,,,,,,,,,,,,,,,,,,,,,,,,,,,,,
CB_L_2__03_2023,CB_L_2__03,CB_2023,CB,7/6/23,2023,Caroline/Sof,Caroline/Sof,3,L,2,,,ALV,100,52,,,3,,,,20,,,,,3,3,,,,,18,1,,,,,,,,1,,,23,4,,,,,,,1,,,,,,,,,,,,,,,,,,,,,,,,,,,,,,,,,,,4,,3,,,,,,2,,1,,,,,,,27,9,,,,3,,25,,0.1,,,,,,,,,,,,,,,,,,,,,,,,,,,,,,,,,,,,,,,,,,,,,,,,,,,,,,,,,,,,,,,,,,,
CB_M___05_2023,CB_M___05,CB_2023,CB,7/6/23,2023,Caroline/Sof,Caroline/Sof,5,M,,,,ALV,100,,,,,,,,,1,,99,,,,,,,,,,,,,,,,,,,11,8,,,,,,,,,,,,,,,,,,,,,,,,,,,,,,,,,,,,,,,,,,,,,,,,,,,,,,,,,,,,,,,,,,,,,,,,,,,,,,,,,,,,,,,,,,,,,,,,,,,,,,,,,,,,29,3,,,,,,,,,,,,0.5,,,,,,,,,,,,,,,
CB_M___06_2023,CB_M___06,CB_2023,CB,7/6/23,2023,Caroline/Sof,Caroline/Sof,6,M,,,,ALV,100,62,,,,,7,,,,,16,,6,0.5,,0.5,,1,7,,,,,,,,,6,,,23,5,,,,,,,,,,,,,,,,,,,,,,,,,,,,,,,,,,,,,3,,,,,,1,,,,,,,,,0.5,,,,,,1,,3,,,,2,,6,,2,,,,,,,,,,,,,,,,,,,,,,,,,,,,,,,,,,,,,,,6,,,,,,,,,,,,,,,,,,,,,,,,,,,,
CB_M___07_2023,CB_M___07,CB_2023,CB,7/6/23,2023,Caroline/Sof,Caroline/Sof,7,M,,,,ALV,100.1,2,,,1,,,,,0.1,,97,,,,,,,,,,,,,,,,,,,1,18,,,,,,,,,,,,,,,,,,,,,,,,,,,,,,,,,,,,,,,,,,,,1,,,,,,,,,,,,,,,,,,,,,,,,,,,,,,,,,,,,,,,,,,,,,,,,,,,,,,,,,,,,,,,,3,,,,,,,,,,,,,,,,,,,,,,,,,,,,
CB_M___08_2023,CB_M___08,CB_2023,CB,7/6/23,2023,Caroline/Sof,Caroline/Sof,8,M,,,,ALV,100,,,,,,,,,,,100,,,,,,,,,,,,,,,,,,,3,17,,,,,,,,,,,,,,,,,,,,,,,,,,,,,,,,,,,,,,,,,,,,,,,,,,,,,,,,,,,,,,,,,,,,,,,,,,,,,,,,,,,,,,,,,,,,,,,,,,,,,,,,,,,,10,,,,,,,,,,,,,,,,,,,,,,,,,,,,
CB_H___06_2023,CB_H___06,CB_2023,CB,7/6/23,2023,Caroline/Sof,Caroline/Sof,6,H,,,,ALV,100,97.5,,,,,2,,0.5,,,,,,,,,,,,,,,,,,,,,,,,53,,,,,,,,,,,,,,,,,,,,,,,,,,,,,,,,,,,,,,,,,,,,,,,,,,,,,,,,,,,,,,,,,,,,,,,,,,,,,,,,,,,,,,,,,,,,,,,,,,,,,,,,,,,,,,,,,,,,,,,,,,,,,,,,,,,,,,,
CB_H___07_2023,CB_H___07,CB_2023,CB,7/6/23,2023,Caroline/Sof,Caroline/Sof,7,H,,,,ALV,100.1,99,,,,,0.1,,,,,,,,,,,,,1,,,,,,,,,,,,7,34,,,,,,,,,,,,,,,,,,,,,,,,,,,,,,,,,,,,,,,,,,,,,,,,,,,,,,3,,,,,,,,,,,,,,,,,,,,,,,,,,,,,,,,,,,,,,,,,,,,,,,,,,,,,,,,,,,,,,,,,,,,,,,,,,,,,,,,,
CB_H___08_2023,CB_H___08,CB_2023,CB,7/6/23,2023,Caroline/Sof,Caroline/Sof,8,H,,,,ALV,100,75.5,,,,,23,,1,,,,,,,,,,,0.5,,,,,,,,,,,,6,26,,,,,,,,,,,,,,,,,,,,,,,,,,,,,,,,,,,,,,,,,,,,,,,,,,,,,,1,,,,,,,,,,,,,,,,,,,,,,,,,,,,,,,,,,,,,,,,,,,,,,,,,,,,,,,,,,,,,,,,,,,,,,,,,,,,,,,,,
CB_H___09_2023,CB_H___09,CB_2023,CB,7/6/23,2023,Caroline/Sof,Caroline/Sof,9,H,,,,ALV,100,100,,,,,,,,,,,,,,,,,,,,,,,,,,,,,,,6,,,,,,,,,,,,,,,,,,,,,,,,,,,,,,,,,,,,,,,,,,,,,,,,,,,,,,,,,,,,,,,,,,,,,,,,,,,,,,,,,,,,,,,,,,,,,,,,,,,,,,,,,,,,,,,,,,,,,,,,,,,,,,,,,,,,,,,
CB_H___10_2023,CB_H___10,CB_2023,CB,7/6/23,2023,Caroline/Sof,Caroline/Sof,10,H,,,,ALV,100,100,,,,,,,,,,,,,,,,,,,,,,,,,,,,,,,58,,,,,,,,,,,,,,,,,,,,,,,,,,,,,,,,,,,,,,,,,,,,,,,,,,,,,,0.1,,,,,,,,,,,,,,,,,,,,,,,,,,,,,,,,,,,,,,,,,,,,,,,,,,,,,,,,,,,,,,,,,,,,,,,,,,,,,,,,,
CB_H___11_2023,CB_H___11,CB_2023,CB,7/6/23,2023,Caroline/Sof,Caroline/Sof,11,H,,,,ALV,100,79,,7,,,4,,,,,2,,,,,,8,,,,,,,,,,,,,4,3,,,,,,,,,,,,,,,,,,,,,,,,,,,,,,,,,,,,,,,,,,30,,,,,,,,,,,0.5,,,,,,,,,,,,,,,,,,,,,,,,,,,,,,,,,,,,,,,,,,,,,,,,,,,,,,,,,,,,,,,,,,,,,,,,,,,,,,,,,,,
CB_L_1__01_2023,CB_L_1__01,CB_2023,CB,7/6/23,2023,Caroline/Sof,Caroline/Sof,1,L,1,,,ALV,100.1,81,,0.1,,,,,,,,,,1,,,,3,,15,,,,,,,,,,,,,,,,,,,,,,,,,,,,,,,,,,,,,,,,,,,,,,,,,,52,,,,,,,,,,,6,,,,,,,,,58,,,,,,,,4,,,,,,,,,,,,,,,,,,,,,,,,,,,,,,,,,,,,,,,,,,,,,,,,,,,,,,,,,,,,,,,,,,,,,,
CB_L_1__03_2023,CB_L_1__03,CB_2023,CB,7/6/23,2023,Caroline/Sof,Caroline/Sof,3,L,1,,,ALV,100,69,,5,6,7,,,,,,,,,,,,2,,11,,,,,,,,,,,,,,,,,,3,,,,,,,,,,,,,,,,,,,,,,,,,,,,,,,,,,,,,,,,,,,,11,,,,,1,,,41,,,,,,,,0.1,,,,,,,,,,,,,,,,,,12,,,,,,,,,,,,,,,,,,,,,,,,,,,,,,,,,,,,,,,,,,,,,,,,,,,,
CB_L_1__05_2023,CB_L_1__05,CB_2023,CB,7/6/23,2023,Caroline/Sof,Caroline/Sof,5,L,1,,,ALV,100.1,67,,,0.1,,,,1,,,,,11,0.5,,0.5,,13,7,,,,,,,,,,,,3,,,,,,5,,,,,,,,,,,,,,,,,,,,,,,,,,,,,,,,9,,,,,,,,,,,,,,,,,4,,,,7,,,,,,,,,,1,18,,,,,,,,,,,,,,,,,,,,,,,,,,,,,,,,,,,,,,,,,,,,,,,,,,,,,,,,,,,,,,,,,,
CB_L_1__07_2023,CB_L_1__07,CB_2023,CB,7/6/23,2023,Caroline/Sof,Caroline/Sof,7,L,1,,,ALV,100,69,,5,17,,,,,,,,,,,,1,,,8,,,,,,,,,,,,,,,3,,,6,,,2,,,,,,,,,,,,,,,,,,,,,,,,,,,,,29,,,,,,1,,,,,1,,,,,,3,,,17,2,,,,,,,,,,,,,,,,,,,,,,,,,,,,,,,,,,,,,,,,,,,,,,,,,,,,,,,,,,,,,,,,,,,,,,,,,,,,,
CB_L_1__09_2023,CB_L_1__09,CB_2023,CB,7/6/23,2023,Caroline/Sof,Caroline/Sof,9,L,1,,,ALV,100,8,,,67,,,,,,,,,,,,5,,,20,,,,,,,,,,,,2,,2,,,,4,1,,,,,,,,,,,,,,,,,,,,,,,,,,,1,,,,58,,,,,,2,,,,,,3,,,,,,,,20,,,,,,,,,,,,,,,,,,,,,,,,,,,,,,,,,,,,,,,,,,,,,,,,,,,,,,,,,,,,,,,,,,,,,,,,,,,,,,
CB_L_2__04_2023,CB_L_2__04,CB_2023,CB,7/7/23,2023,SB,NP,4,L,2,,,ALV,100.1,48,8,1,,,5,,5,,,,,,3,,,,7,23,0.1,,,,,,,,,,,24,27,,,,,,,,1,,,,,,,,,,,,,,,,,,,,,,,,,,,,2,,,,,,,0.1,,,,,,,,,7,2,2,,,1,18,12,,,,,,,19,,5,,,,,,,,,,,,,,,,,,,,,,,,,,,,,,,,,,,,,,,,,,,,,,,,,,,,,,,,,,,,,,,,,,,
CB_L_2__05_2023,CB_L_2__05,CB_2023,CB,7/7/23,2023,SB,NP,5,L,2,,,ALV,100.1,36,,,,,12,,38,,,,,,,,1,0.1,1,12,,,,,,,,,2,,,17,,,,,,,1,,,,,,2,,,,,,,,,,,,,,,,,,,,,,,,1,13,,,,,,,,,,,,,,,4,1,3,,,2,,,,,,,,,34,,3,,,,,,,,,,,,,,,,,,,,,,,,,,,,,,,,,,,,,,,,,,,,,,,,,,,,,,,,,,,,,,,,,,,
CB_L_2__06_2023,CB_L_2__06,CB_2023,CB,7/7/23,2023,SB,NP,6,L,2,,,ALV,100.1,2,5,2,,,0.1,,1,,,,,,,,1,,2,87,,,,,,,,,,,,,,,,,,,,,,,,,,,,,,,,,,,,,,,,,,,,,,,,,,33,,,,,,,,,,,,2,,,,,2,,,,8,28,16,,,,,,34,,5,,,,,,,,,,,,,,,,,,,,,,,,,,,,,,,,,,,,,,,,,,,,,,,,,,,,,,,,,,,,,,,,,,,
CB_M___09_2023,CB_M___09,CB_2023,CB,7/7/23,2023,SB,NP,9,M,,,,ALV,100,,,,,,,,,1,1,97,,1,,,,,,,,,,,,,,,,2,11,11,,,,,,,,,,,,,,,,,,,,,,,,,,,,,,,,,,,,,,,,,,,,,,,,,,,,,,,,,,,,,,,,,,,,,,,,,,,,,,,,,,,,,,,,,,,,,,,,,,,,,,,,,,,,1,0.1,,,,,,,,,,,,0.1,,,,,,,,,,,,,,,
CB_M___10_2023,CB_M___10,CB_2023,CB,7/7/23,2023,SB,NP,10,M,,,,ALV,100,,,,,,,,,,,100,,,,,,,,,,,,,,,,,,5,2,21,,,,,,,,,,,,,,,,,,,,,,,,,,,,,,,,,,,,,,,,,,,,,,,,,,,,,,,,,,,,,,,,,,,,,,,,,,,,,,,,,,,,,,,,,,,,,,,,,,,,,,,,,,,,6,3,0.1,,,,,,,,,,,,,,,,,,,,,,,,,,
CB_L_3__01_2023,CB_L_3__01,CB_2023,CB,7/7/23,2023,SB,NP,1,L,3,,,ALV,100,11,,1,1,,,,,,,,,,,,1,,,86,,,,,,,,,,,,,,,,,,,,,,,,,,,,,,,,,,,,,,,,,,,,,,,,16,,61,,,,,,,,,,,,0.1,,,,,,,,36,,,9,,,,,2,,18,,,,,,,,,,,,,,,,,,,,,,,,,,,,,,,,,,,,,,,,,,,,,,,,,,,,,,,,,,,,,,,,,,,,
CB_L_3__02_2023,CB_L_3__02,CB_2023,CB,7/7/23,2023,SB,NP,2,L,3,,,ALV,100.2,,14,,1,,0.1,,0.1,,,,,,,,,,,85,,,,,,,,,,,,,,,,,,,,,,,,,,,,,,,,,,,,,,,,,,,,,,,,,,,,,,,,,,,,,,1,,,,,,,,58,,5,18,,,,,1,,1,,,,,,,,,,,,,,,,,,,,,,,,,,,,,,,,,,,,,,,,,,,,,,,,,,,,,,,,,,,,,,,,,,,,
CB_L_3__03_2023,CB_L_3__03,CB_2023,CB,7/7/23,2023,SB,NP,3,L,3,,,ALV,100.1,3,3,16,2,6,0.1,,,,,,,,,,,1,,69,,,,,,,,,,,,,,,,,,,,,,,,,,,,,,,,,,,,,,,,,,,,,,,,,,,,,,,,,,,,,,,,,,,,,,48,,,,2,,,,,,,,,,,,,,,,,,,,,,37,,19,,,,,,,,,,,,,,,,,,,,,,,,,,,,,,,,,,,,,,,,,,,,,,,,,,
CB_L_3__04_2023,CB_L_3__04,CB_2023,CB,7/7/23,2023,SB,NP,4,L,3,,,ALV,100,11,16,,,,,,,,,,,,,,,,,73,,,,,,,,,,,,,,,,,,,,,,,,,1,,,,,,,,,,,,,,,,,,,,,,,,,,,,,,,,,,,,,,,,,,,,,98,1,,5,,,,,5,,1,,,,,,,,,,,,,,,,,,,,,,,,,,,,,,,,,,,,,,,,,,,,,,,,,,,,,,,,,,,,,,,,,,,,
CB_L_3__05_2023,CB_L_3__05,CB_2023,CB,7/7/23,2023,SB,NP,5,L,3,,,ALV,100,,5,,,,,,,,,,,,,,,,,95,,,,,,,,,,,,,,,,,,,,,,,,,,,,,,,,,,,,,,,,,,,,,,,,,,,,,,,,,,,,,,,,,,,4,,,54,,,,28,,,,30,,,,,,,,,,,,,,,,,,,,,,,,,,,,,,,,,,,,,,,,,,,,,,,,,,,,,,,,,,,,,,,,,,,,,,
CB_L_3__06_2023,CB_L_3__06,CB_2023,CB,7/7/23,2023,SB,NP,6,L,3,,,ALV,100.1,3,27,,1,1,,,,,,,,,,,,0.1,,68,,,,,,,,,,,,,,,,,,,,,,,,,,,,,,,,,,,,,,,,,,,,,,,,,,6,,,,,,,0.1,,,,12,40,,,6,,,,,38,1,21,,3,,,,,,,,,,,,,,,,,,,,,,5,,4,,,,,,,,,,,,,,,,,,,,,,,,,,,,,,,,,,,,,,,,,,,,,,,,,,
CB_L_3__07_2023,CB_L_3__07,CB_2023,CB,7/7/23,2023,SB,NP,7,L,3,,,ALV,100.2,2,,,9,,1,,0.1,,,,,,,,0.1,1,1,86,,,,,,,,,,,,4,,,2,,,,,,,,,,1,,,,,,,,,,,,,,,,,,,,,,,2,,12,,,,,,,,,,,,,,,,,9,,,27,,3,5,,,,,2,,1,5,,,,,,,,,,,,,,,,,,,,,,,,,,,,,,,,,,,,,,,,,,,,,,,,,,,,,,,,,,,,,,,,,,,
CB_L_3__08_2023,CB_L_3__08,CB_2023,CB,7/7/23,2023,SB,NP,8,L,3,,,ALV,100.2,1,17,7,,,0.1,,0.1,,,,,,,,1,,,74,,,,,,,,,,,,,,,,,,,,,,,,,,,,,,,,,,,,,,,,,,,,,,,,,,52,,,,,,,,,,,,,,,1,,18,,,42,3,7,10,,,,,,,,,,,,,,,,,,,,,,,,,,,,,,,,,,,,,,,,,,,,,,,,,,,,,,,,,,,,,,,,,,,,,,,,,,,
CB_L_3__09_2023,CB_L_3__09,CB_2023,CB,7/7/23,2023,SB,NP,9,L,3,,,ALV,100.2,1,4,5,1,,0.1,,1,,,,,,,,5,,0.1,83,,,,,,,,,1,,,,,,,,,,,,1,,,,,,,,,,,,,,,,,,,,,,,,,,,7,,51,,,,,,2,,,,,,,,,,,2,,,,2,20,6,,,,1,,10,,2,,,,,,,,,,,,,,,,,,,,,,,,,,,,,,,,,,,,,,,,,,,,,,,,,,,,,,,,,,,,,,,,,,,
CB_L_3__10_2023,CB_L_3__10,CB_2023,CB,7/7/23,2023,SB,NP,10,L,3,,,ALV,100.1,,13,9,1,,,,,,,,,,,,8,,0.1,69,,,,,,,,,,,,,,,,,,,,,,,,,,,,,,,,,,,,,,,,,,,,,,,,50,,58,,,,,,,,,,,,,,,,,2,,,12,,16,39,,,,,2,,,0.1,,,,,,,,,,,,,,,,,,,,,,,,,,,,,,,,,,,,,,,,,,,,,,,,,,,,,,,,,,,,,,,,,,,
BB_H_1__09_2023,BB_H_1__09,BB_2023,BB,7/3/23,2023,WH,SB,9,H,1,,,ALV,100,93,,,,,4,,1,,,,,,,,,,1,1,,,,,,,,,,,,,48,,,,,,,,,,,,,,,,,,,,,,,,,,,,,,,,,,,,,,,,,1,,,,,,,,,,,,,1,,,,,,,,,,,,,,,,,,,,,,,,,,,,,,,,,,,,,,,,,,,,,,,,,,,,,,,,,,,,,,,,,,,,,,,,,,,,,,,,,
BB_H_1__06_2023,BB_H_1__06,BB_2023,BB,7/3/23,2023,WH,SB,6,H,1,,,ALV,100,78,,,,,,,2,,,6,,,7,,,1,2,4,,,,,,,,,,,,,24,,,,,,,,,,,,,,,,,,,,,,,,,,,,,,,,,,,,,,,,,3,,,,,,4,,,22,,,,,,0.1,,,,,,,,,,,,,,,,,,,,,,,,,,,,,,,,,,,,,,,,,,,,,,,,,,,,,,,,,,,,,,,,,,,,,,,,,,,,,,,
BB_H_1__07_2023,BB_H_1__07,BB_2023,BB,7/3/23,2023,WH,SB,7,H,1,,,ALV,100,79,,,,,18,,3,,,,,,,,,,,,,,,,,,,,,,,,16,,,,,,,,,,,,,,,,,,,,,,,,,,,,,,,,,,,,,,,,,0.1,,,,,,,,,,,,,,,,,,,,,,,,,,,,,,,,,,,,,,,,,,,,,,,,,,,,,,,,,,,,,,,,,,,,,,,,,,,,,,,,,,,,,,,,,,,,,,
BB_H_1__08_2023,BB_H_1__08,BB_2023,BB,7/3/23,2023,WH,SB,8,H,1,,,ALV,100.1,14,,,,,1,,2,,,1,,,,,,0.1,81,1,,,,,,,,,,,,,6,,,,,,,,,,,,,,,,,,,,,,,,,,,,,,,,,,,,,,,,,0.1,,,,,,82,,,,,,,3,,0.1,,,,,,,,,,,,,,,,,,,,,,,,,,,,,,,,,,,,,,,,,,,,,,,,,,,,,,,,,,,,,,,,,,,,,,,,,,,,,,,
BB_L_2__01_2023,BB_L_2__01,BB_2023,BB,7/3/23,2023,"BJR, SB","BJR, SB",1,L,2,,,ALV,100,15,2,5,6,,,,,,,,,,1,12,3,,,55,1,,,,,,,2,,,,,,,2,,1,,2,,,,,,,,,,,,,,,,,,,,,,,,,,,,,,,16,,,,,35,4,1,,,,4,6,3,5,,,,,,2,,,,7,2,,,,,,,,,,,,,,,,,,,,,,,,,,,,,,,,,,,,,,,,,,,,,,,,,,,,,,,,,,,,,2,,,,,,,,,,,,
BB_L_2__02_2023,BB_L_2__02,BB_2023,BB,7/3/23,2023,"BJR, SB","BJR, SB",2,L,2,,,ALV,100,2,,,2,,,,,,,,,4,,3,,11,,75,3,,,,,,,,1,,,,,,2,,,4,1,,,,,,,,,,,,,,,,,,,,,,,,,,,,,,,,,,52,,7,,5,,,,14,7,,,,,,,,8,,,,,5,,,,,3,,,,,,,,,,,,,,,,,,5,,,,,,,,,,,,,,,,,,,,,,,,,,,,,,,,,,,,,,,,,4,,,,,,,,,
BB_L_2__03_2023,BB_L_2__03,BB_2023,BB,7/3/23,2023,"BJR, SB","BJR, SB",3,L,2,,,ALV,100,53,,3,15,,,,,,,,,3,1,16,,1,,8,,,,,,,,2,,,,,,,4,,1,6,,,,,,,,,,,,,,,,,,,,,,,,,,,,,,,,,,,58,,65,,,,,,3,1,,,,,,,,2,,,,,14,,,,,,,,,,,,,,,,,,,,,,,,,,,,,,,,,,,,,,,,,,,,,,,,,,,,,,,,,,,,,,,,,,,,,,,,,
BB_L_2__04_2023,BB_L_2__04,BB_2023,BB,7/3/23,2023,"BJR, SB","BJR, SB",4,L,2,,,ALV,100,7,,2,64,,,,,,,,,,1,6,,10,,10,,,,,,,,,1,,,,,,2,,,,,,,,,,,,,,,,,,,,,,,,,,,,,,,,,,,,,,89,,17,,,,,,14,11,,,,,,,,3,,,,3,2,,,,,,,,,,,,,,,,,,,,,,,,,,,,,,,,,,,,,,,,,,,,,,,,,,,,,,,,,,,,6,,,,,,,,,,,,,
BB_L_2__05_2023,BB_L_2__05,BB_2023,BB,7/3/23,2023,"BJR, SB","BJR, SB",5,L,2,,,ALV,100,2,1,,16,,1,,,,,,,,1,70,,6,,3,,,,,,,,,,,,,,1,4,,,2,,,,,,,,,,,,,,,,,,,,,,,,,,,,,,,,24,,,,,54,,,,,,7,,,,,,,,,0.1,,,,,5,,,,,,,,,,,,,,,,,,,,,,,,,,,,,,,,,,,,,,,,,,,,,,,,,,,,,,,,,,,,,,,,,,,,,,,,,
BB_L_2__06_2023,BB_L_2__06,BB_2023,BB,7/3/23,2023,"BJR, SB","BJR, SB",6,L,2,,,ALV,100.1,15,,6,65,0.1,,,,,,,,,,,,7,,7,,,,,,,,1,,,,,,,3,,,39,,,,,,,,,,,,,,,,,,,,,,,,,,,,,,,,,,,98,,,,,,,,12,6,,7,,,,,,1,,,,1,8,,,,,,,,,,,,,,,,,,,,,,,,,,,,,,,,,,,,,,,,,,,,,,,,,,,,,,,,,,,,,,,,,,,,,,,,,
BB_L_2__07_2023,BB_L_2__07,BB_2023,BB,7/3/23,2023,"BJR, SB","BJR, SB",7,L,2,,,ALV,100,11,,,69,,,,,,,,,,,3,10,,,7,,,,,,,,,2,,,1,,4,3,1,,,5,1,,,,,,,,,,,,,,,,,,,,,,,,,,,,,,63,,,,,,9,1,,,,,4,,,,,,,,,1,,,4,,,,,,,,,,,,,,,,,,,,,,,,,,,,,,,,,,,,,,,,,,,,,,,,,,,,,,,,,,,,,,2,,,,,,,,,,,,
BB_L_2__08_2023,BB_L_2__08,BB_2023,BB,7/3/23,2023,"BJR, SB","BJR, SB",8,L,2,,,ALV,100,,,,56,,,,,,,,,,,18,14,,,7,5,,,,,,,,1,,,,,1,2,,,,1,,,,,,,,,,,,,,,,,,,,,,,,,,,,,16,,69,,,11,,22,1,3,,,,,9,2,4,,,,,,,,,,,,,1,,,0.1,,,,,,,,,,,,,,,,,,,,,,,,,,,,,,,,,,,,,,,,,,,,,,,,,,,,,,,,,,,,,,,,,,,,
BB_L_2__09_2023,BB_L_2__09,BB_2023,BB,7/3/23,2023,"BJR, SB","BJR, SB",9,L,2,,,ALV,100.2,3,,77,15,,,,,,,,,2,,,,0.1,0.1,3,,,,,,,,,,,,,,,,,,51,,,,,,,,,,,,,,,,,,,,,,,,,,,,,,,,,,,,,,,,,,,5,2,,,,,,,,,12,,,,,,,,,,,,,,,,,,,,,,,,,,,,,,,,,,,,,,,,,,,,,,,,,,,,,,,,,,,,,,,,,,,,2,,,,,,,,,
BB_L_2__10_2023,BB_L_2__10,BB_2023,BB,7/3/23,2023,"BJR, SB","BJR, SB",10,L,2,,,ALV,100,6,,8,58,,,,,,,,,3,,6,,11,,8,,,,,,,,,,,,,,,,,,11,,,,,,,,,,,,,,,,,,,,,,,,,,,,,,,,,,,26,,15,,,,,,9,10,,,,,,,,1,3,,,2,4,,2,,,,,,,,,,,,,,,,,,,,,,,,,,,,,,,,,,,,,,,,,,,,,,,,,,,,,,,,,,,,,,,,,,,,,,,
BB_M_1__01_2023,BB_M_1__01,BB_2023,BB,7/3/23,2023,"BJR, SB","BJR, SB",1,M,1,,,ALV,100,10,,,,,74,,,,,15,,,1,,,,,,,,,,,,,5,2,1,3,5,,,,,,,,,1,,,,,,,,,,,,,,,,,,,,,,,,,,,,,,,,,,,,,,,,,,,,,,,,,,,,,,,,,,12,,,,,,,,,,,,,,,,,,,,,,,,,,,,,,,,,,,,,,,,,16,,,,,,,,,,,,59,,,,,,,,,,,,,,,,
BB_M_1__02_2023,BB_M_1__02,BB_2023,BB,7/3/23,2023,"BJR, SB","BJR, SB",2,M,1,,,ALV,100,,,,,,,,,9,,91,,,,,,,,,,,,,,,,,,,,11,,,,,,,,,,,,,,,,,,,,,,,,,,,,,,,,,,,,,,,,,,,,,,,,,,,,,,,,,,,,,,,,,,,,,,,,,,,,,,,,,,,,,,,,,,,,,,,,,,,,,,,,,,,,3,1,,,,,,,,,6,,,12,,,,,,,,,,,,,,,
BB_M_1__03_2023,BB_M_1__03,BB_2023,BB,7/3/23,2023,"BJR, SB","BJR, SB",3,M,1,,,ALV,100,,,,,,,,,,,100,,,,,,,,,,,,,,,,,,1,3,33,,,,,,2,,,,,,,1,,,,,,,,,,,,,,,,,,,,,,,,,,,,,,,6,,,,,,,,,,,,,,,,,,,,,,,,,,,,,,,,,,,,,,,,,,,,,,,,,,,,,,,,,,,,,,,,3,2,,,,,,,,,4,,,5,,6,,,,,,,,,,,,,
BB_M_1__04_2023,BB_M_1__04,BB_2023,BB,7/3/23,2023,"BJR, SB","BJR, SB",4,M,1,,,ALV,100,,,,,,,,,,,100,,,,,,,,,,,,,,,,,3,,,18,,,,,,,,,,,,,,,,,,,,,,,,,,,,,,,,,,,,,,,,,,,,,,,,,,,,,,,,,,,,,,,,,,,,,,,,,,,,,,,,,,,,,,,,,,,,,,,,,,,,,,,,,,,,2,1,,,,,,,,,4,,,5,,,,,,,,,,,,,,,
BB_M_1__05_2023,BB_M_1__05,BB_2023,BB,7/3/23,2023,"BJR, SB","BJR, SB",5,M,1,,,ALV,100,2,,,,,,,,,19,79,,,,,,,,,,,,,,,,,,,,,,,,,,,,,,,,,,,,,,,,,,,,,,,,,,,,,,,,,,,,,,,,,,,,,,,,,,,,,,,,,,,,,,,,,,,,,,,,,,,,,,,,,,,,,,,,,,,,,,,,,,,,,,,,,,,,,,,,,,,,,3,,,,,,,,,,,,,,,
BB_M_1__06_2023,BB_M_1__06,BB_2023,BB,7/3/23,2023,"BJR, SB","BJR, SB",6,M,1,,,ALV,100,,,,,,,,,,4,96,,,,,,,,,,,,,,,,3,2,,,34,,,,,,,,,,,,,,,,,,,,,,,,,,,,,,,,,,,,,,,,,,,,0.1,,,,,,,,,,,,,,,,,,,,,,,,,,,,,,,,,,,,,,,,,,,,,,,,,,,,,,,,,,,,,,,,1,1,,,,,,,,,6,,,9,,,,,,,,,,,,,,,
BB_M_1__07_2023,BB_M_1__07,BB_2023,BB,7/3/23,2023,"BJR, SB","BJR, SB",7,M,1,,,ALV,100,,,,,,,,,,,99,,1,,,,,,,,,,,,,,2,,,,23,,,,,,,,,,,,,,,,,,,,,,,,,,,,,,,,,,,,,,,,,,,,,,,,,,,,,,,,,,,,,,,,,,,,,,,,,,,,,,,,,,,,,,,,,,,,,,,,,,,,,,,,,,,,1,1,,,,,,,,,3,,,5,,,,,,,,,,,,,,,
BB_M_1__08_2023,BB_M_1__08,BB_2023,BB,7/3/23,2023,"BJR, SB","BJR, SB",8,M,1,,,ALV,100,6,,,,,,,,,,92,,2,,,,,,,,,,,,,,1,,,,,,,,,,,,,,,,,,,,,,,,,,,,,,,,,,,,,,,,,,,,,,,,8,,,,,,,,,,,,,,,,,,,,,,,,,,,,,,,,,,,,,,,,,,,,,,,,,,,,,,,,,,,,,,,,,,,,,,,,,,4,,,8,,,,,,,,,,,,,,,
BB_M_1__09_2023,BB_M_1__09,BB_2023,BB,7/3/23,2023,"BJR, SB","BJR, SB",9,M,1,,,ALV,100,,,,,,,,,3,,97,,,,,,,,,,,,,,,,1,1,,,13,,,,,,,,,,,,,,,,,,,,,,,,,,,,,,,,,,,,,,,,,,,,,,,,,,,,,,,,,,,,,,,,,,,,,,,,,,,,,,,,,,,,,,,,,,,,,,,,,,,,,,,,,,,,1,0.1,,,,,,,,,5,,,7,,,,,,,,,,,,,,,
BB_M_1__10_2023,BB_M_1__10,BB_2023,BB,7/3/23,2023,"BJR, SB","BJR, SB",10,M,1,,,ALV,100,,,,,,,,,,,100,,,,,,,,,,,,,,,,,,,2,18,,,,,,,,,,,,,,,,,,,,,,,,,,,,,,,,,,,,,,,,,,,,,,,,,,,,,,,,,,,,,,,,,,,,,,,,,,,,,,,,,,,,,,,,,,,,,,,,,,,,,,,,,,,,,,,,,,,,,,4,,,8,,,,,,,,,,,,,,,
BB_M_1__11_2023,BB_M_1__11,BB_2023,BB,7/3/23,2023,"BJR, SB","BJR, SB",11,M,1,,,ALV,100.1,6,,,0.1,,,,,,,92,,2,,,,,,,,,,,,,,2,,,5,1,,,,,,,,,,,,,,,,,,,,,,,,,,,,,,,,,,,,,,,,,,,,,,,,,,,,,,,,,,,,,,,,,,,,,,,,,,,,,,,,,,,,,,,,,,,,,,,,,,,,,,,,,,,,1,1,,,,,,,,,0.1,,,2,,,,,,,,,,,,,,,
BB_H_1__01_2023,BB_H_1__01,BB_2023,BB,7/3/23,2023,"BJR, SB","BJR, SB",1,H,1,,,ALV,100,96,,,,,,,4,,,,,,,,,,,,,,,,,,,,,,,3,,,,,,,,,,,,,,,,,,,,,,,,,,,,,,,,,,,,,,,,,,,,,,,,,,,,,,,1,,,,,,,,,,,,,,,,,,,,,,,,,,,,,,,,,,,,,,,,,,,,,,,,,,,,,0.1,2,,,,,,,,,,,,,,,,,,,,,,,,,,,
BB_H_1__02_2023,BB_H_1__02,BB_2023,BB,7/3/23,2023,"BJR, SB","BJR, SB",2,H,1,,,ALV,100,81,,,,,1,1,,,,14,,,,,,3,,,,,,,,,,,,,4,4,,,,,,,,,,,,,,,,,,,,,,,,,,,,,,2,,,,,,,2,,,,,,,,,,,,,,,,0.1,,1,,1,,,,,,,,,,,,,,,,,,,,,,,,,,,,,,,,,,,,,,,,,,,,,,,,,,,1,,,,,,,,,,,,,,,,,,,,,,,,,,,,
BB_H_1__03_2023,BB_H_1__03,BB_2023,BB,7/3/23,2023,"BJR, SB","BJR, SB",3,H,1,,,ALV,100.1,69,,,,,,,2,,0.1,26,,,,,,2,,1,,,,,,,,,,,1,,20,,,,,,,,,,,,,,,,,,,,,,,,,,,,,,,,,,,,,,,,,2,,,,,,0.1,,,,,,,3,,2,,,,,,,,,,,,,,,,,,,,,,,,,,,,,,,,,,,,,,,,,,,,,,,,,,,,,,,,,,,,,,,,,,,,,,,,,,,,,,,
BB_H_1__04_2023,BB_H_1__04,BB_2023,BB,7/3/23,2023,"BJR, SB","BJR, SB",4,H,1,,,ALV,100,2,,,,,,,,,,89,,,,,,,,9,,,,,,,,,,,,15,,,,,,,,,,,,,,,,,,,,,,,,,,,,,,,,,,,,,,,,,,,,,,,,6,,,36,,,,,,0.1,,,,,,,,,,,,,,,,,,,,,,,,,,,,,,,,,,,,,,,,,,,,,,,,,,,0.1,,,,,,,,,,,,,,,,,,,,,,,,,,,,
BB_H_1__05_2023,BB_H_1__05,BB_2023,BB,7/3/23,2023,"BJR, SB","BJR, SB",5,H,1,,,ALV,100,4,,,,,,,,,,2,,,4,,,,80,10,,,,,,,,,,,1,6,45,,,,,,,,,,,,,,,,,,,,,,,,,,,,,4,,,,,,,18,,,,,1,,,,,,80,,,,,,,1,,20,,,5,,,,,,,,,,,,,,,,,,,,,,,,,,,,,,,,,,,,,,,,,,,,,,,,,,,,,,,,,,,,,,,,,,,,,,,,,,,,
BB_L_1__01_2023,BB_L_1__01,BB_2023,BB,7/3/23,2023,WH,NP,1,L,1,,,ALV,100,3,,,30,,,,,,,,,,,40,3,,10,4,10,,,,,,,1,,,,,,2,2,,,,,,,,,,,,,,,,,,,,,,,,,,,,,,,,,,,24,,,,,51,25,,,,,,,,,,,,,,,,,,,,,,,,,,,,,,,,,,,,,,,,,,,,,,,,,,,,,,,,,,,,,,,,,,,,,,,,,,,,,,,,1,1,,,,,,,,,,,
BB_L_1__02_2023,BB_L_1__02,BB_2023,BB,7/3/23,2023,WH,NP,2,L,1,,,ALV,100,16,,,,,,,,,,,,,,80,1,,,1,2,,,,,,,1,,,,,,,,,,,,,,,,,,,,,,,,,,,,,,,,,,,,,,,,,,9,,,,,82,9,,,,,,,,,,,,,,,,,,,,,,,,,,,,,,,,,,,,,,,,,,,,,,,,,,,,,,,,,,,,,,,,,,,,,,,,,,,,,,,,,2,,,,,,,,,,,
BB_L_1__03_2023,BB_L_1__03,BB_2023,BB,7/3/23,2023,WH,NP,3,L,1,,,ALV,100,7,,,,,,,,,,,,,,56,20,,,16,1,,,,,,,1,,,,,,,,,,,2,,,,,,,,,,,,,,,,,,,,,,,,,,,,,,,45,,,,,41,1,,,,,,,,13,,,,,,,,,,,,,,,,,,,,,,,,,,,,,,,,,,,,,,,,,,,,,,,,,,,,,,,,,,,,,,,,,,,,,,,,,,,,,,,,,,,,
BB_L_1__04_2023,BB_L_1__04,BB_2023,BB,7/3/23,2023,WH,NP,4,L,1,,,ALV,102,,,,58,,,,,,,,,,,24,,,,7,13,,,,,,,,2,,,,,2,,,,,,,,2,,,,,,,,,,,,,,,,,,,,,,,,,,,,,64,,,,32,3,,,,,,,,1,,,,,,,,,,,,,,,,,,,,,,,,,,,,,,,,,,,,,,,,,,,,,,,,,,,,,,,,,,,,,,,,,,,,,,,4,,,,,,,,,,,,,
BB_L_1__05_2023,BB_L_1__05,BB_2023,BB,7/3/23,2023,WH,NP,5,L,1,,,ALV,100,,,,20,,,,,,,,,,,43,,,,24,13,,,,,,,1,2,,1,,,,1,,,5,,,,,,,,,,,,,,,,,,,,,,,,,,,,,,,,,,,,,96,,,,,,,,,2,,,,,,,,,,2,,,,,,,,,,,,,,,,,,,,,,,,,,,,,,,,,,,,,,,,,,,,,,,,,,,,,,,,,,,,,,,,,,,,,,,,,,
BB_L_1__06_2023,BB_L_1__06,BB_2023,BB,7/3/23,2023,WH,NP,6,L,1,,,ALV,100,4,,,48,,,,,,,,,,,17,2,,,17,12,,,,,,,,2,,,,,1,5,,,7,,,,,,,,,,,,,,,,,,,,,,,,,,,,,,,,13,,,,,31,12,,,,,,1,,16,,,,,,,,,,,,,,,,,,,,,,,,,,,,,,,,,,,,,,,,,,,,,,,,,,,,,,,,,,,,,,,,,,,,,,,,,,,,,,,,,,,,
BB_L_1__07_2023,BB_L_1__07,BB_2023,BB,7/3/23,2023,WH,NP,7,L,1,,,ALV,100,,,,17,,,,,,,,,,,29,13,21,,18,2,,,,,,,1,,,,,,1,1,,,1,,,,,,,,,,,,,,,,,,,,,,,,,,,,,,,,10,84,,,,6,,,,,,,,,,,,,,,,,,,,,,,,,,,,,,,,,,,,,,,,,,,,,,,,,,,,,,,,,,,,,,,,,,,,,,,,,,,,,,,,,,,,,,,,,,,,,
BB_L_1__08_2023,BB_L_1__08,BB_2023,BB,7/3/23,2023,WH,NP,8,L,1,,,ALV,100,,,,,,,,,,,,,,,,11,36,,23,30,,,,,,,1,,,,,,2,,,,,,,,,,,,,,,,,,,,,,,,,,,,,,,,,,,,,93,,,,,3,,,,,,4,,,,,,,,,,,,,,,,,,,,,,,,,,,,,,,,,,,,,,,,,,,,,,,,,,,,,,,,,,,,,,,,,,,,,,,,,,,1,,,,,,,,,,,
BB_L_1__09_2023,BB_L_1__09,BB_2023,BB,7/3/23,2023,WH,NP,9,L,1,,,ALV,100,30,,,,,,,,,,,,,,24,,4,,22,20,,,,,,,,,,,,,,,,,,,,,,,,,,,,,,,,,,,,,,,,,,,,,,,,,,,,,,29,20,,,,,,,1,10,,,,11,,,,,,,,,,,,,,,,,,,,,,,,,,,,,,,,,,,,,,,,,,,,,,,,,,,,,,,,,,,,,,,,,,,,,,,,,,,,,,,,
BB_L_1__10_2023,BB_L_1__10,BB_2023,BB,7/3/23,2023,WH,NP,10,L,1,,,ALV,100,,,,25,,,,,,,2,,,,,,35,,38,,,,,,,,,,,,,,8,,,,,2,,,,,,,,,,,,,,,,,,,,,,,,,,,,,,,,70,,,,,,,,,,,,,,,,,,,,,,1,20,,,,,,,,,,,,,,,,,,,,,,,,,,,,,,,,,,,,,,,,,,,,,,,,,,,,,,,,,,,,,,,,,,,,,,,,,,
BB_L_3__01_2023,BB_L_3__01,BB_2023,BB,7/3/23,2023,JMD,EC,1,L,3,,,ALV,100,14,,,48,,,,,,,,,4,,,10,,,24,,,,,,,,,1,,,,,,5,,,3,1,,,,,,,,,,,,,,,,,,,,,,,,,,,,,,,86,,,,,7,,2,,,,,,,,,,,,,0.1,10,,,,,,,,,,,,,,,,,,,,,,,,,,,,,,,,,,,,,,,,,,,,,,,,,,,,,,,,,,,,,,,,,,,,,,,,,,,,,
BB_L_3__02_2023,BB_L_3__02,BB_2023,BB,7/3/23,2023,JMD,EC,2,L,3,,,ALV,100.2,13,,6,64,,,,,,,,,1,,,11,2,0.1,3,0.1,,,,,,,2,,,,,,,10,,,,,,,,,,,,,1,,,,2,,,,,,,,,,,,,,,7,1,,100,,,,,,,0.1,,,,,,,,,,,,,5,,,,,,,,6,,,,,,,,,,,,,,,,,,,,,,,,,,,,,,,,,,,,,,,,,,,,,,,,,,,,,,,,,,,,,,,,,,,,,,
BB_L_3__03_2023,BB_L_3__03,BB_2023,BB,7/3/23,2023,JMD,EC,3,L,3,,,ALV,100,16,,2,50,,,,,,,,,1,,,8,,,8,15,,,,,,,,,1,,,,,3,,,1,,,,,,,,,,,,,,,,,,,,,,,,,,,,,5,8,,91,,,,,4,,15,,,,,,,,,,,,,16,,,,,3,,,,,,,,,,,,,,,,,,,,4,,,,,,,,,,,,,,,,,,,,,,,,,,,,,,,,,,,,,,,,,,,,,,,,,,,,,
BB_L_3__04_2023,BB_L_3__04,BB_2023,BB,7/3/23,2023,JMD,EC,4,L,3,,,ALV,100,33,30,,3,,,,10,,,,,,,18,2,,,3,1,,,,,,,,2,,2,1,,,1,,,,,,,,,,,,,,,,,,,,,,,,,,,,,,,,35,,,,,,,,56,,5,,,,,,,,,,1,,,5,,,,,4,,,1,,,,,,,,,,,,,,,,,,,,,,,,,,,,,,,,,,,,,,,,,,,,,,,,,,,,,,,,,,,,,,,,,,,,,,
BB_L_3__05_2023,BB_L_3__05,BB_2023,BB,7/3/23,2023,JMD,EC,5,L,3,,,ALV,100,20,,,12,,,,,,,,,2,,,,,,45,21,,,,,,,,,,,,,,1,,,,,,1,,,,,,,,,,,,,,,,,,,,,,,,,,36,,,8,,,,,4,3,9,,,,,,,,,,,,,28,22,,1,,9,,2,,,,,,,,,,,,,,,,,,,,,,,,,,,,,,,,,,,,,,,,,,,,,,,,,,,,,,,,,,,,,,,,,,,,,,,
BB_L_3__06_2023,BB_L_3__06,BB_2023,BB,7/3/23,2023,JMD,EC,6,L,3,,,ALV,100.1,4,,1,60,,,,,,,,,,0.1,,9,4,,12,10,,,,,,,,1,,,,,,3,,,,,,,,,,,,,,,,,,,,,,,,,,,,,,,,,,,100,,,2,,,4,9,,,,,,,,,,,,,12,3,,,1,,,,1,,,,,,,,,,,,,,,,,,,,,,,,,,,,,,,,,,,,,,,,,,,,,,,,,,,,,,,,,,,,,,,,,,,,,,
BB_L_3__07_2023,BB_L_3__07,BB_2023,BB,7/3/23,2023,JMD,EC,7,L,3,,,ALV,100,48,,4,26,,,,3,,,,,1,,,12,,,6,,,,,,,,2,4,,3,,,1,2,,,1,,,,,,,,,,,,,,,,,,,,,,,,,,,,,,18,,62,,,,,,11,4,,,,,,,,,,2,,,7,,,,,,,,,,,,,,,,,,,,,,,,,,,,,,,,,,,,,,,,,,,,,,,,,,,,,,,,,,,,,,,,,,,,,,,,,,,,,,
BB_L_3__08_2023,BB_L_3__08,BB_2023,BB,7/3/23,2023,JMD,EC,8,L,3,,,ALV,100,56,,2,5,,,,,,,,,,,,4,,,17,16,,,,,,,4,,,,,,1,,,,,,,,,,,,,,,,,,,,,,,,,,,,,,,,,,30,,70,,,,,,,15,,,,,,,,,,,,,16,12,,,,1,,,,,,,,,,,,,,,,,,,,,,,,,,,,,,,,,,,,,,,,,,,,,,,,,,,,,,,,,,,,,,,,,,,,,,,,,
BB_L_3__09_2023,BB_L_3__09,BB_2023,BB,7/3/23,2023,JMD,EC,9,L,3,,,ALV,100,20,15,2,12,,5,,,,,,,,,42,4,,,,,,,,,,,,,,,,,,8,,,,,,,,,,,,,,,,,,,,,,,,,,,,,,,,,,,72,,,2,,26,,2,,,,,,,,,,,,,,1,,,,2,,,,,,,,,,,,,,,,,,,,,,,,,,,,,,,,,,,,,,,,,,,,,,,,,,,,,,,,,,,,,,,,,,,,,,,,,
BB_L_3__10_2023,BB_L_3__10,BB_2023,BB,7/3/23,2023,JMD,EC,10,L,3,,,ALV,98.1,24,,,42,,,,,,,,,0.1,,20,4,,,7,1,,,,,,,,,,,,,,3,,,,,,,,,,,,,,,1,,,,,,,,,,,,,,,,,,,,28,,,,,42,2,4,,,,,,,,,,,,,8,1,,,,,,,,,,,,,,,,,,,,,,,,,,,,,,,,,,,,,,,,,,,,,,,,,,,,,,,,,,,,,,,,,,,,,,,,,,,,,
MEN_L_1__02_2023,MEN_L_1__02,MEN_2023,MEN,8/2/23,2023,JMD,EC,2,L,1,,,ALV,100.1,0.1,,,80,,,,,,,1,,6,,,,,,11,2,,,,,,,,,,,4,,,2,2,,31,,,,,,,,,,,,,,,,,,,,,,,,,,,,,,,,,,,,,,2,4,,,,,8,,19,,,,10,,,4,,,,,,,,,,,,,,,,,,,,,,,,,,,,,,,,,,,,,,,,,,,,,,,,,,,,,,,,,,,,,,1,,,,,,,,,,,,,,,
MEN_L_1__04_2023,MEN_L_1__04,MEN_2023,MEN,8/2/23,2023,JMD,EC,4,L,1,,,ALV,100,2,,17,75,,,,,,,4,,1,,,,,,1,,,,,,,,1,1,,,6,,,,,,57,,,,,,,,,,,,,,,,,,,,,,,,,,,,,,,,,,,,,,,0.1,,,,,2,,,,,,2,,,1,,,,,,,,,,,,,,,,,,,,,,,,2,,,,,,,,,,,,,,,,,,,,,,,,,,,,,,,,,,,,,,,,,,,,,,,,,,,,,
MEN_L_1__06_2023,MEN_L_1__06,MEN_2023,MEN,8/2/23,2023,JMD,EC,6,L,1,,,ALV,100,10,25,1,24,,,,,,,,,4,,,,,,34,2,,,,,,,,,,,,,,,,,13,,1,,,,,,,,,,,,,,,,,,,,,,,,,,,,4,,,,,,,,,,,,,,6,,16,,,1,1,,4,8,,1,0.1,,,,,,,,,,,,,,,,,,,,,11,,,,,,,,,,,,,,,,,,,,,,,,,,,,,,,,,,,,,,,,,,,,,,,,,,,,,
MEN_L_1__08_2023,MEN_L_1__08,MEN_2023,MEN,8/2/23,2023,JMD,EC,8,L,1,,,ALV,100,45,30,2,12,,,,,,,,,5,,,,,,5,1,,,,,,,,,,,1,,,,,,22,,,,,,,,,,,,,,,,,,,,,,,,,,,,,,,,3,,,,,,,2,,,,,0.1,,,,,,3,,,0.1,7,,,,,,,,,0.1,,,,,,,,,,,,,,,,,,,,,,,,,,,,,,,,,,,,,,,,,,,,,,,,,,,,,,,,,,,,,,,,,,,
MEN_L_1__10_2023,MEN_L_1__10,MEN_2023,MEN,8/2/23,2023,JMD,EC,10,L,1,,,ALV,100.1,64,,,,,,,,,,,,1,,,0.1,1,,10,24,,,,,,,,,,,,,,1,,,24,,,,,,,,,,,,,,,,,,,,,,,,,,,,,,25,,20,,,0.1,,,,1,,,,,13,,,,,0.1,5,,,2,,,1,,,,,,,,,,,,,,,,,,,,,10,,,,,,,,,,,,,,,,,,,,,,,,,,,,,,,,,,,,,,,,,,,,,,,,,,,,,
MEN_L_2__02_2023,MEN_L_2__02,MEN_2023,MEN,8/2/23,2023,JMD,EC,2,L,2,,,ALV,100,20,43,3,10,,,,,,,,,,3,,5,2,,12,2,,,,,,,,,,,,,2,1,,,3,,,,,,,,,,,,,,,,,,,,,,,,,,,,,,4,,65,,,,,,2,2,,,,,4,,,,,,,,4,1,12,,,,,,,,,,,,,,,,,,,,,,,,,,,,,,,,,,,,,,,,,,,,,,,,,,,,,,,,,,,,,,,,,,,,,,,,,,,,
MEN_L_2__04_2023,MEN_L_2__04,MEN_2023,MEN,8/2/23,2023,JMD,EC,4,L,2,,,ALV,100,65,,,5,,,,1,,1,,,,,,5,1,,18,4,,,,,,,,,,,,,2,,,,,,,,,,,,,,,,,,,,,,,,,,,,,,,,,,4,,55,,,,,,1,1,,,,,2,,,,,,9,,,,48,,,,,,,,,,,,,,,,,,,,,,,,,,,,,,,,,,,,,,,,,,,,,,,,,,,,,,,,,,,,,,,,,,,,,,,,,,,,
MEN_L_2__06_2023,MEN_L_2__06,MEN_2023,MEN,8/2/23,2023,JMD,EC,6,L,2,,,ALV,100,65,,1,6,,,,1,,1,,,,,,5,,,19,2,,,,,,,,1,,,,,5,2,,,,2,,,,,,,,,,,,,,,,,,,,,,,,,,,,,,,16,,,,,,1,1,,,,,0.1,,,,,,,,,0.1,36,,,,,,,,,,,,,,,,,,,,,,,,,,,,,,,,,,,,,,,,,,,,,,,,,,,,,,,,,,,,,,,,,,,,,,,,,,,,
MEN_L_2__08_2023,MEN_L_2__08,MEN_2023,MEN,8/2/23,2023,JMD,EC,8,L,2,,,ALV,100,17,4,,,,,,,,1,,,,,,,,,75,3,,,,,,,,,,,,,,,,,,1,,,,,,,,,,,,,,,,,,,,,,,,,,,,,,,,,,,,,3,,,,,,1,,,,,1,4,,,,100,,1,,,,,,,,,,,,,,,,,,,,,,,,,,,,,,,,,,,,,,,,,,,,,,,,,,,,,,,,,,,,,,,,,,,,,,,,,,
MEN_L_2__10_2023,MEN_L_2__10,MEN_2023,MEN,8/2/23,2023,JMD,EC,10,L,2,,,ALV,100,49,,4,8,,,,1,,1,,,1,,,2,,,18,16,,,,,,,,,,,,,2,3,,,1,,,,,,,,,,,,,,,,,,,,,,,,,,,,,,,,30,,,,,,24,,,2,,,,,,,,,1,,,,52,,,,,,,,,,,,,,,,,,,,,,,,,,,,,,,,,,,,,,,,,,,,,,,,,,,,,,,,,,,,,,,,,,,,,,,,,,,,
MEN_L_3__02_2023,MEN_L_3__02,MEN_2023,MEN,8/2/23,2023,JMD,EC,2,L,3,,,ALV,100,30,33,,,,1,,1,,,,,,,,,,,35,,,,,,,,,,,,,,,,,,,,,,,,,,,,,,,,,,,,,,,,,,,,,,,,,,,,,,,,,,,,,,,,,,,12,24,,8,4,36,,,,,,,,,,,,,,,,,,,,,,,,,,,,,,,,,,,,,,,,,,,,,,,,,,,,,,,,,,,,,,,,,,,,,,,,,,,,
MEN_L_3__04_2023,MEN_L_3__04,MEN_2023,MEN,8/2/23,2023,JMD,EC,4,L,3,,,ALV,100.2,34,18,1,,,,,2,,0.1,,,,,,,,,45,0.1,,,,,,,,1,,,,,,1,,,,,,,,,,,,,,,,,,,,,,,,,,,,,,,,,,,,,,,,,,,,,,,,,,9,,0.1,50,,8,,16,,,,,,,,,,,,,,,,,,,,,,,,,,,,,,,,,,,,,,,,,,,,,,,,,,,,,,,,,,,,,,,,,,,,,,,,,,,,
MEN_L_3__06_2023,MEN_L_3__06,MEN_2023,MEN,8/2/23,2023,JMD,EC,6,L,3,,,ALV,100,,43,,,,1,,1,,,,,,,,,,,55,,,,,,,,,,,,,,,,,,,,,,,,,,,,,,,,,,,,,,,,,,,,,,,,32,,,,,,,,,,,,4,,,,,,,,20,,,4,,16,2,,,,,,,,,,,,,,,,,,,,,,,,,,,,,,,,,,,,,,,,,,,,,,,,,,,,,,,,,,,,,,,,,,,,,,,,,,
MEN_L_3__08_2023,MEN_L_3__08,MEN_2023,MEN,8/2/23,2023,JMD,EC,8,L,3,,,ALV,100,82,,,,,1,,1,,,,,,,,,,,16,,,,,,,,,,,,33,,,,,,,,,,,,,,,,,,,,,,,,,,,,,,,,,,,,,,,,,,,,,,,,,,,,,4,,20,22,,,,,0.1,,,,,,,,,,,,,,,,,,,,,,,,,,,,,,,,,,,,,,,,,,,,,,,,,,,,,,,,,,,,,,,,,,,,,,,,,,,
MEN_L_3__10_2023,MEN_L_3__10,MEN_2023,MEN,8/2/23,2023,JMD,EC,10,L,3,,,ALV,100.1,13,20,,1,,,,,,0.1,,,,,,,,,65,1,,,,,,,,,,,,,,,,,,,,,,,,,,,,,,,,,,,,,,,,,,,,,,,,,,,,,,,,,,,,,,,,,,,1,,25,,1,48,20,,,,,,,,,,,,,,,,,,,,,,,,,,,,,,,,,,,,,,,,,,,,,,,,,,,,,,,,,,,,,,,,,,,,,,,,,,
MEN_H_1__01_2023,MEN_H_1__01,MEN_2023,MEN,8/2/23,2023,JMD,EC,1,H,1,,,ALV,18,,,,,,3,,6,,,9,,,,,,,,,,,,,,,,,,,1,5,13,,,,,,,,,28,,,,,,,,,,,,,,,,,,,,,,,,,,,,,,,,8,,,,,,,,,,,,,8,,,,,,8,,,,,,,,,,,,,,,,,,,,,,,,,,,,,,,,,,,,,,,,,,,,,,,,,,,,,,,,,,,,,,,,,,,,,,,,,,,
MEN_H_1__02_2023,MEN_H_1__02,MEN_2023,MEN,8/2/23,2023,JMD,EC,2,H,1,,,ALV,100,79,,,,,2,,17,,,,,,,,,1,,1,,,,,,,,,,,,17,11,,,,,,,,,,,,,,,,,,,,,,,,,,,,,,,,,,,,,,,,,3,,,,,,,,,,,,,3,,,,,,,,,,,,,,,,,,,,,,,,,,,,,,,,,,,,,,,,,,,,,,,,,,,,,,,,,,,,,,,,,,,,,,,,,,,,,,,,,
MEN_H_1__03_2023,MEN_H_1__03,MEN_2023,MEN,8/2/23,2023,JMD,EC,3,H,1,,,ALV,100.1,79,,0.1,,,2,,12,,,,,,,,,6,,1,,,,,,,,,,,,7,7,,,,,,,,,,,,,,,,,,,,,,,,,,,,,,,,,,,,,,,,,4,,,,,,,,,,,0.1,,13,,,,,,,,,,,,,,,,,,,,,,,,,,,,,,,,,,,,,,,,,,,,,,,,,,,,,,,,,,,,,,,,,,,,,,,,,,,,,,,,,
MEN_H_1__04_2023,MEN_H_1__04,MEN_2023,MEN,8/2/23,2023,JMD,EC,4,H,1,,,ALV,100,70,,,,,4,,20,,,,,,,,,2,,4,,,,,,,,,,,,9,48,,,,,,,,,,,,,,,,,,,,,,,,,,,,,,,,,,,,,,,,,21,,,,,,,,,,,,,4,,,,,,,,,,,,,,,,,,,,,,,,,,,,,,,,,,,,,,,,,,,,,,,,,,,,,,,,,,,,,,,,,,,,,,,,,,,,,,,,,
MEN_H_1__05_2023,MEN_H_1__05,MEN_2023,MEN,8/2/23,2023,JMD,EC,5,H,1,,,ALV,100,82,,,,,1,,9,,,,,,,,,2,,6,,,,,,,,,,,,5,11,,,,,,,,,,,,,,,,,,,,,,,,,,,,,,,,,,,,,,,,,7,,,,,,,,,,,,,17,,,,,,,,,,,,,,,,,,,,,,,,,,,,,,,,,,,,,,,,,,,,,,,,,,,,,,,,,,,,,,,,,,,,,,,,,,,,,,,,,
MEN_H_1__06_2023,MEN_H_1__06,MEN_2023,MEN,8/2/23,2023,JMD,EC,6,H,1,,,ALV,100,80,,,,,3,,8,,,,,,,,,1,,8,,,,,,,,,,,,3,12,,,,,,,,,,,,,,,,,,,,,,,,,,,,,,,,,,,,,,,,,2,,,,,,,,,,,2,,25,,,,,,,,,,,,1,,,,,,,,,,,,,,,,,,,,,,,,,,,,,,,,,,,,,,,,,,,,,,,,,,,,,,,,,,,,,,,,,,,,,
MEN_H_1__07_2023,MEN_H_1__07,MEN_2023,MEN,8/2/23,2023,JMD,EC,7,H,1,,,ALV,100,73,,,,,1,,8,,,,,,,,,,,18,,,,,,,,,,,,,,,,,,,,,,,,,,,,,,,,,,,,,,,,,,,,,,,,,,,,,,,,,,,,,,,,,2,,57,,,,,,,,,,,,1,,,,,,,,,,,,,,,,,,,,,,,,,,,,,,,,,,,,,,,,,,,,,,,,,,,,,,,,,,,,,,,,,,,,,
MEN_H_1__08_2023,MEN_H_1__08,MEN_2023,MEN,8/2/23,2023,JMD,EC,8,H,1,,,ALV,100.1,89,,,,,8,,3,,0.1,,,,,,,,,,,,,,,,,,,,,,29,,,,,,,,,,,,,,,,,,,,,,,,,,,,,,,,,,,,,,,,,,,,,,,,,,,,,,3,,,,,,,,,,,,,,,,,,,,,,,,,,,,,,,,,,,,,,,,,,,,,,,,,,,,,,,,,,,,,,,,,,,,,,,,,,,,,,,,,
MEN_H_1__09_2023,MEN_H_1__09,MEN_2023,MEN,8/2/23,2023,JMD,EC,9,H,1,,,ALV,100,76,,,,,3,,21,,,,,,,,,,,,,,,,,,,,,,,3,14,,,,,,,,,,,,,,,,,,,,,,,,,,,,,,,,,,,,,,,,,,,,,,,,,,,,,,3,,,,,,,,,,,,,,,,,,,,,,,,,,,,,,,,,,,,,,,,,,,,,,,,,,,,,,,,,,,,,,,,,,,,,,,,,,,,,,,,,
MEN_H_1__10_2023,MEN_H_1__10,MEN_2023,MEN,8/2/23,2023,JMD,EC,10,H,1,,,ALV,100,92,,,,,3,,,4,,,,,,,,,,1,,,,,,,,,,,,2,1,,,,,,,,,,,,,,,,,,,,,,,,,,,,,,,,,,,,,,,,,,,,,,,,,,,,,,1,,,,,,,,,,,,,,,,,,,,,,,,,,,,,,,,,,,,,,,,,,,,,,,,,,,,,,,,,,,,,,,,,,,,,,,,,,,,,,,,,
MEN_L_1__01_2023,MEN_L_1__01,MEN_2023,MEN,8/2/23,2023,SB,"BJR, SB",1,L,1,,,ALV,100,12,8,1,67,,,,,,,,,,2,,,2,,7,1,,,,,,,1,,,,,,,,,,27,,,,,,,,,,,,,,,,,,,,,,,,,,,,,,,,,,,,,,,1,,,,,,,2,,,2,,,5,8,7,,,,,,,,,,,,,,,,,,,,,,,,,,,,,,,,,,,,,,,,,,,,,,,,,,,,,,,,,,,,,,,,,,,,,,,,,,,,
MEN_L_1__03_2023,MEN_L_1__03,MEN_2023,MEN,8/2/23,2023,SB,"BJR, SB",3,L,1,,,ALV,100,4,3,,8,,,,,,,4,,,2,,3,,,73,3,,,,,,,1,,,,,,,,,,9,,,,,,,,,,,,,,,,,,,,,,,,,,,,,,7,,35,,,,,,2,3,,,,,12,3,24,,,,,,3,3,,,2,,,,,,,,,,,,,,,,,,,,,,,,,,,,,,,,,,,,,,,,,,,,,,,,,,,,,,,,,,,,,,,,,,,,,,,,,,
MEN_L_1__05_2023,MEN_L_1__05,MEN_2023,MEN,8/2/23,2023,SB,"BJR, SB",5,L,1,,,ALV,100.1,11,,,77,,,,,,,,,,3,,,,,9,0.1,,,,,,,,,,,11,,,1,,,48,,,,,,,,,,,,,,,,,,,,,,,,,,,,,,,,,,,,,,,,,,,,2,,7,,,,4,,2,6,3,,,,,,,,,,,,,,,,,,,,,,,,,,,,,,,,,,,,,,,,,,,,,,,,,,,,,,,,,,,,,,,,,,,,,,,,,,,,
MEN_L_1__07_2023,MEN_L_1__07,MEN_2023,MEN,8/2/23,2023,SB,"BJR, SB",7,L,1,,,ALV,100.1,,,,15,,,,,,,0.1,,,3,,,4,,77,1,,,,,,,1,,,,,,2,1,,,12,,,,1,,,,,,,,,,,,,,,,,,,,,,,,,,51,,3,,,,,,1,2,,,,,6,10,8,,,,,,,4,,,3,,,4,,,,,,,,,,,,,,,,,,,,,,,,,,,,,,,,,,,,,,,,,,,,,,,,,,,,,,,,,,,,1,,,,,,,,,,,
MEN_L_1__09_2023,MEN_L_1__09,MEN_2023,MEN,8/2/23,2023,SB,"BJR, SB",9,L,1,,,ALV,100,5,3,2,8,,,,,,,,,3,2,,8,,,66,3,,,,,,,4,,,,5,,,3,,,15,,,1,,,,,,,,,,,,,,,,,,,,,,,,,,,,,20,,,,,,4,4,,,,,3,28,,,,,,,,,,,,,,,,,,15,,,,,,,,,,,,,,,,,,,,,,,,,,,,,,,,,,,,,,,,,,,,,,,,,,,,,,,,,,,,,,,,,,,
MEN_L_2__01_2023,MEN_L_2__01,MEN_2023,MEN,8/2/23,2023,SB,"BJR, SB",1,L,2,,,ALV,100.1,3,3,0.1,71,,,,,,,,,3,2,,3,1,,14,,,,,,,,,1,,,,,,,,,27,,,,,,,,,,,,,,,,,,,,,,,,,,,,,,37,,10,,,,,,,3,,,,,9,,1,,,,,,9,,10,,5,,,,,,,,,,,,,,,,,,,,,,,,,,,,,,,,,,,,,,,,,,,,,,,,,,,,,,,,,,,,,,,,,,,,,,,,,,
MEN_L_2__03_2023,MEN_L_2__03,MEN_2023,MEN,8/2/23,2023,SB,"BJR, SB",3,L,2,,,ALV,100.1,55,,2,16,,0.1,,,,,,,,1,,6,4,,12,4,,,,,,,,,,,4,,3,1,,,5,,,1,,,,,,,,,,,,,,,,,,,,,,,,,,,45,,26,,,,,,4,7,1,,,,12,,,,,,,,8,2,,,,2,,,,,,,,,,,,,,,,,,,,,,,,,,,,,,,,,,,,,,,,,,,,,,,,,,,,,,,,,,,,,,1,,,,,,,,,,,
MEN_L_2__05_2023,MEN_L_2__05,MEN_2023,MEN,8/2/23,2023,SB,"BJR, SB",5,L,2,,,ALV,100.1,,16,,1,,0.1,,,,,,,,,64,4,6,,8,1,,,,,,,1,,,,,,1,,,4,5,,,,,,,,,,,,,,,,,,,,,,,,,,,,,,33,,23,,,,,32,,2,,,,,11,,,,,0.1,,,6,,,,,,,,,,,,,,,,,,,,,,,,,,,,,,,,,,,,,,,,,,,,,,,,,,,,,,,,,,,,,,,,,,,,,,,,,,,,,,
MEN_L_2__07_2023,MEN_L_2__07,MEN_2023,MEN,8/2/23,2023,SB,"BJR, SB",7,L,2,,,ALV,100,,,3,11,,,,,,,,,,2,,6,4,,72,2,,,,,,,,,,,2,,3,1,,,8,,,,,,,,,,,,,,,,,,,,,,,,,,,,,,26,,33,,,,,,2,3,,,,,6,6,,,,,,,3,2,,,,,,,,,,,,,,,,,,,,,,,,,,,,,,,,,,,,,,,,,,,,,,,,,,,,,,,,,,,,,,,,,,,,,,,,,,,,,
MEN_L_2__09_2023,MEN_L_2__09,MEN_2023,MEN,8/2/23,2023,SB,"BJR, SB",9,L,2,,,ALV,100,51,,2,23,,,,,,,,,,,,6,,,7,11,,,,,,,,1,,,2,,3,,1,5,1,,1,,,,,,,,,,,,,,,,,,,,,,,,,,,,87,,34,,,,,,9,,,,,,1,,,,,,,,,1,10,,,,,,,,,,,,,,,,,,,,,,,,,,,,,,,,,,,,,,,,,,,,,,,,,,,,,,,,,,,,,,,,,1,,8,,,,,,,,,
MEN_L_3__01_2023,MEN_L_3__01,MEN_2023,MEN,8/2/23,2023,SB,"BJR, SB",1,L,3,,,ALV,100.1,71,,3,12,0.1,,,,,,,,,,,,10,,4,,,,,,,,,,,,,,,1,,1,14,,,,,,,,,,,,,,,,,,,,,,,,,,,,,,,21,,,,,,,,,,,,,,,,,,,,,1,6,,,,2,,,2,,,,,,,,,,,,,,,,,,,,,,,,,,,,,,,,,,,,,,,,,,,,,,,,,,,,,,,,,,,,,,,,,,,,,,
MEN_L_3__03_2023,MEN_L_3__03,MEN_2023,MEN,8/2/23,2023,SB,"BJR, SB",3,L,3,,,ALV,100.1,,,5,4,,,2,3,,,,,,,,,,,86,0.1,,,,,,,,,,,4,,,2,,,,,,,,,,,,,,,,,,,,,,,,,,,,,,,,,,,,,,,,,,0.1,2,,,,2,3,,,,18,,,43,,,,,,,,,,,,,,,,,,,,10,,,,,,,,,,,,,,,,,,,,,,,,,,,,,,,,,,,,,,,,,,,,,,,,,,,,,,,,,,
MEN_L_3__05_2023,MEN_L_3__05,MEN_2023,MEN,8/2/23,2023,SB,"BJR, SB",5,L,3,,,ALV,100,70,7,,6,2,,,,,,,,,,,,7,,8,,,,,,,,,1,,,,,,,1,,10,,,,,,,,,,,,,,,,,,,,,,,,,,,,,,,13,,5,,,,,,,,,,,,,,,,,,,2,15,,,,,,,3,,,,,,,,,,,,,,,,,,,,,,,,,,,,,,,,,,,,,,,,,,,,,,,,,,,,,,,,,,,,,,,,,,,,,,
MEN_L_3__07_2023,MEN_L_3__07,MEN_2023,MEN,8/2/23,2023,SB,"BJR, SB",7,L,3,,,ALV,100,20,,5,3,,,4,6,,,,,,,,,,,62,,,,,,,,,,,,6,,,,,,,1,,,,,,,,,,,,,,,,,,,,,,,,,,,,,4,,,,,,,,,,,,,,,,,,,,35,,6,,,,,,,,,,,,,,,,,,,,11,,,,,,,,,,,,,,,,,,,,,,,,,,,,,,,,,,,,,,,,,,,,,,,,,,,,,,,,,,
MEN_L_3__09_2023,MEN_L_3__09,MEN_2023,MEN,8/2/23,2023,SB,"BJR, SB",9,L,3,,,ALV,100.2,12,1,4,0.1,,0.1,,2,,,,,,,,,,,81,,,,,,,,,,,,,,,,,,2,,,1,,,,,,,,,,,,,,,,,,,,,,,,,,,,,,,,,,,,,4,,,,,,,,,5,12,,3,,,,,,,,,,,,,,,,,,,,2,,,,,,,,,,,,,,,,,,,,,,,,,,,,,,,,,,,,,,,,,,,,,,,,,,,,,,,,,,
MEN_M___01_2023,MEN_M___01,MEN_2023,MEN,8/2/23,2023,SB,"BJR, SB",1,M,,,,ALV,100,,,,,,,,,,,100,,,,,,,,,,,,,,,,,,,1,3,,,,,,,,,,,,,,,,,,,,,,,,,,,,,,,,,,,,,,,,,,,,,,,,,,,,,,,,,,,,28,,,,,,,1,,,,,,,,,,,,,,,,,,,,,,,,,,,,,,,,,,,,,,,,,1,5,2,,,,,,,,,,1,,,,,,,,,,,,,,,,
MEN_M___02_2023,MEN_M___02,MEN_2023,MEN,8/2/23,2023,SB,"BJR, SB",2,M,,,,ALV,100,,,,,,,,,2,,98,,,,,,,,,,,,,,,,,,1,1,15,,,,,,,,,,,,,,,,,,,,,,,,,,,,,,,,,,,,,,,,,,,,,,,,,,,,,,,,,,,,,,,,,,,3,,,,,,,,,,,,,,,,,,,,,,,,,,,,,,,,,,,,,,,,,2,4,2,,,,,,,,,,3,,,,,,,,,,,,,,,,
MEN_M___03_2023,MEN_M___03,MEN_2023,MEN,8/2/23,2023,SB,"BJR, SB",3,M,,,,ALV,100,2,,,,,1,,,,,97,,,,,,,,,,,,,,,,,,,3,7,,,,,,,,,,,,,,,,,,,,,,,,,,,,,,,,,,,,,,,,,,,,,,,,,,,,,,,,,,,,,,,,,,,,,,,,,,,,,,,,,,,,,,,,,,,,,,,,,,,,,,,,,,,,2,3,0.1,,,,,,,,1,,,1,,,,,,,,,,,,,,,
MEN_M___04_2023,MEN_M___04,MEN_2023,MEN,8/2/23,2023,SB,"BJR, SB",4,M,,,,ALV,100,,,,,,,,,1,,99,,,,,,,,,,,,,,,,1,,,,37,,,,,,,,,,,,,,,,,,,,,,,,,,,,,,,,,,,,,,,,,,,,,,,,,,,,,,,,,,,,,,,,,,,,,,,,,,,,,,,,,,,,,,,,,,,,,,,,,,,,,,,,,,,,4,1,1,,,,,,,,1,,,1,,,,,,,,,,,,,,,
MEN_M___05_2023,MEN_M___05,MEN_2023,MEN,8/2/23,2023,SB,"BJR, SB",5,M,,,,ALV,100,,,,,,,,,4,,96,,,,,,,,,,,,,,,,,,,2,14,,,,,,1,,,,,,,,,,,,,,,,,,,,,,,,,,,,,,,,,,,,,,,,,,,,,,,,,,,,,,,,,,,,,,,,,,,,,,,,,,,,,,,,,,,,,,,,,,,,,,,,,,,,,,1,2,,,,1,,,,,,,,,,,,,,,,,,,,,,,
MEN_M___06_2023,MEN_M___06,MEN_2023,MEN,8/2/23,2023,SB,"BJR, SB",6,M,,,,ALV,100.1,9,,1,,,2,,0.1,3,2,83,,,,,,,,,,,,,,,,,,1,1,25,,,,,,,,,,,,,,,,,,,,,,,,,,,,,,,,,,,,,,,,,,,,,,,,,,,,,,,,,,,,,,,,,,,,,,,,,,,,,,,,,,,,,,,,,,,,,,,,,,,,,,,,,,,,1,,,,,,,,,,,,,,,,,,,,,,,,,,,,
MEN_M___07_2023,MEN_M___07,MEN_2023,MEN,8/2/23,2023,SB,"BJR, SB",7,M,,,,ALV,100,9,,3,3,,1,,2,2,,78,,,2,,,,,,,,,,,,,,,,2,29,,,,2,,,,,1,,,,,,,,,,,,,,,,,,,,,,,,,,,,,,,,,,,,,,,,,,,,,,,,,,,,,,,,,,,,,,,,,,,,,,,,,,,,,,,,,,,,,,,,,,,,,,,,,,,1,1,0.1,,,,,,,,,,,,,,,,,,,,,,,,,,
MEN_M___08_2023,MEN_M___08,MEN_2023,MEN,8/2/23,2023,SB,"BJR, SB",8,M,,,,ALV,100,3,,,,,,,,,2,92,,1,2,,,,,,,,,,,,,,,,14,8,,,,,,,,,,,,,,,,,,,,,,,,,,,,,,,,,,,,,7,,,,,,,,,,,,,,,,3,,,,,4,,,,,,,,,18,,,,,,,,,,,2,,,,,,,,,,,,,,,,,,,,,,,,,,,,,,5,3,2,,,,,,,,,,16,,,,,,,,,,,,,,,,
MEN_M___09_2023,MEN_M___09,MEN_2023,MEN,8/2/23,2023,SB,"BJR, SB",9,M,,,,ALV,100,47,,2,,,2,,4,,4,36,,2,3,,,,,,,,,,,,,,,3,1,9,,,,,,,,,,,,,,,,,,,,,,,,,,,,,,,,,,,,,,,,,,,,,,,,,,,,,,,,,,,,,,,,,,,,,,,,,,,,,,,,,,,,,,,,,,,,,,,,,,,,,,,,,,,,2,4,,,,,,,,,,,,,,,,,,,,,,,,,,,
MEN_M___10_2023,MEN_M___10,MEN_2023,MEN,8/2/23,2023,SB,"BJR, SB",10,M,,,,ALV,100,44,,,,,,,5,,3,37,,2,,,,2,,7,,,,,,,,,,,4,9,,,,,,,,,,,,,,,,,,,,,,,,,,,,,,,,,,,,,5,,,,,,,,,,,,,,,,3,,1,,,2,,,,,,,,,6,,,,,,,,,,,7,,,,,,,,,,,,,,,,,,,,,,,,,,,,,,1,1,1,,,,,,,,,,3,,,,,,,,,,,,,,,,
YB_L_1__01_2023,YB_L_1__01,YB_2023,YB,7/4/23,2023,BJR,Tolbert,1,L,1,,,ALV,100.2,2,19,4,50,,,,1,0.1,,,,,3,,,12,,0.1,,9,,,,,,,5,,,,,,,1,,,,,,,,,,,,,,,,,,,,,,,,,,,,,,,,,,,57,,,,,1,,,,,,,,,,,,,,0.1,,,,,,,,,0.1,,,,,,,,,,,,,,,,,,,,,,,,,,,,,,,,,,,,,,,,,,,,,,,,,,,,,,,,,,,,,,,,,,,,,
YB_L_1__03_2023,YB_L_1__03,YB_2023,YB,7/4/23,2023,BJR,Tolbert,3,L,1,,,ALV,100.4,1,12,1,,,,,,0.1,,,,0.1,0.1,,14,,,,72,0.1,,,,,,,1,,,,,,,,,,,,,,,,,,,,,,,,,,,,,,,,,,,,,,,,,99,,,,,,77,,,,,,,,,,,,,,,,,,,,,,,2,,,,,,,,,,,,,,,,,,,,,,,,,,,,,,,,,,,,,,,,,,,,,,,,,,,,,,,,,,,,,,,,,,,,,
YB_L_1__05_2023,YB_L_1__05,YB_2023,YB,7/4/23,2023,BJR,Tolbert,5,L,1,,,ALV,100.2,3,9,,5,,,,,,0.1,,,1,0.1,,1,17,,60,2,2,,,,,,,,,,,,1,,,,,1,,,,,,,,,,,,,,,,,,,,,,,,,,,,,56,,32,,,,,,7,,,,,,,,,,,,,,42,,,,,,,,5,,,,,,,,,,,,,,,,,,,,,,,,,,,,,,,,,,,,,,,,,,,,,,,,,,,,,,,,,,,,,,,,,,,,,,
YB_L_1__07_2023,YB_L_1__07,YB_2023,YB,7/4/23,2023,BJR,Tolbert,7,L,1,,,ALV,100.1,6,66,,,,,,,0.1,,,,8,1,8,,,,10,1,,,,,,,,,,,,,,,,,,,,,,,,,,,,,,,,,,,,,,,,,,,,,,,,,11,,,,,13,3,,,,,,,,,,,,,,14,3,18,,,4,,,8,4,,,,,,,,,,,,,,,,,,,,,,,,,,,,,,,,,,,,,,,,,,,,,,,,,,,,,,,,,,,,,,,,,,,,,
YB_L_1__09_2023,YB_L_1__09,YB_2023,YB,7/4/23,2023,BJR,Tolbert,9,L,1,,,ALV,100.2,,80,,,,,,,0.1,,,,,,,,,,20,0.1,,,,,,,,,,,,,,,,,,1,,,,,,,,,,,,,,,,,,,,,,,,,,,,,,,,,,,,,2,,,,,,,,,,,,,,12,,65,,,,,1,,,,,,,,,,,,,,,,,,,,,,,,,,,,,,,,,,,,,,,,,,,,,,,,,,,,,,,,,,,,,,,,,,,,,,,
YB_L_2_E_06_2023,YB_L_2_E_06,YB_2023,YB,7/4/23,2023,BJR,Tolbert,6,L,2,E,,ALV,100,,75,,,,,,,,,,,,3,,,,,22,,,,,,,,,,,,,,,,,,,,,,,,,,,,,,,,,,,,,,,,,,,,,,,,,,,,,,,,,,,,,,,,,,,,,,1,,74,,,,,,,,,,,,,,,,,,,,,,,,,,,,,,,,,,,,,,,,,,,,,,,,,,,,,,,,,,,,,,,,,,,,,,,,,,,,
YB_L_2_E_07_2023,YB_L_2_E_07,YB_2023,YB,7/4/23,2023,BJR,Tolbert,7,L,2,E,,ALV,100.1,12,38,,,,,,3,0.1,,,,4,1,,,,,42,,,,,,,,,,1,1,,,,,,,,1,,,,,,,,,,,,,,,,,,,,,,,,,,,,,,,,,,,,,,,,,,,,,,,,,,,1,2,58,,,,,,,18,,,,,,,,,,,,,,,,,,,,,,,,,,,,,,,,,,,,,,,,,,,,,,,,,,,,,,,,,,,,,,,,,,,,,
YB_L_2_E_08_2023,YB_L_2_E_08,YB_2023,YB,7/4/23,2023,BJR,Tolbert,8,L,2,E,,ALV,100,,80,,,,,,,,,,,,,7,1,4,,8,,,,,,,,,,,,,,,,,,,1,,1,,,,,,,,,,,,,,,,,,,,,,,,,,,10,,,,,,,5,,,,,,,6,,1,,,,,,,,,,,,,2,3,,,,,,,,,,,,,,,,,,,,,,,,,,,,,,,,,,,,,,,,,,,,,,,,,,,,,,,,,,,,,,,,,,,,,,
YB_L_2_E_09_2023,YB_L_2_E_09,YB_2023,YB,7/4/23,2023,BJR,Tolbert,9,L,2,E,,ALV,100.1,,74,,,,,,,0.1,,,,,,,,,,26,,,,,,,,,,1,,,,,,,,,,,,,,,,,,,,,,,,,,,,,,,,,,,,,,,,,,,,,,,,,,,,,,,,,,,,1,,83,,,,,,,,,,,,,,,,,,,,,,,,,,,,,,,,,,,,,,,,,,,,,,,,,,,,,,,,,,,,,,,,,,,,,,,,,,,,
YB_L_2_E_10_2023,YB_L_2_E_10,YB_2023,YB,7/4/23,2023,BJR,Tolbert,10,L,2,E,,ALV,100,2,64,,,,,,,,,,,1,,13,,,,3,17,,,,,,,,2,,,,,,,,,,3,,,,,,,,,,,,,,,,,,,,,,,,,,,,,,,,,,,,34,,,,,,,,,,,,,,,6,3,,,,,,,0.1,10,,,,,,,,,,,,,,,,,,,,,,,,,,,,,,,,,,,,,,,,,,,,,,,,,,,,,,,,,,,,,,,,,,,,,
YB_M_1__11_2023,YB_M_1__11,YB_2023,YB,7/4/23,2023,BJR,Tolbert,11,M,1,,,ALV,100,14,,,,,18,,,6,,61,,,1,,,,,,,,,,,,,,,8,12,42,6,,,,,,,,,,,,,,,,,,,,,,,,,,,,,,,,,,,,,,,,,,,,,,,,,,,,,,,,,,,,,,,,,,,,,,,,,,,,,,,,,,,,,,,,,,,,,,,,,,,,,,,,,,,14,3,,,,,,,,,,,,1,,,,,,,,,,,,,,,
YB_M_1__10_2023,YB_M_1__10,YB_2023,YB,7/4/23,2023,BJR,Tolbert,10,M,1,,,ALV,100,,,,,,14,,,1,,85,,,,,,,,,,,,,,,,,,4,35,11,7,,,,,,,,,,,,,,,,,,,,,,,,,,,,,,,,,,,,,,,,,,,,,,,,,,,,,,,,,,,,,,,,,,,,,,,,,,,,,,,,,,,,,,,,,,,,,,,,,,,,,,,,,,,0.1,,,,,,,,,,,,,,,,,,,,,,,,,,,,
YB_M_1__09_2023,YB_M_1__09,YB_2023,YB,7/4/23,2023,BJR,Tolbert,9,M,1,,,ALV,100.2,4,,,,,3,,5,11,4,73,,,0.1,,,,,0.1,,,,,,,,,,,24,18,,,,,,,,1,,,,,,,,,,,,,,,,,,,,,,,,,,,,,,,,,,,,,,,,,,,,,0.1,,0.1,,,,,,,,,,,,,,,,,,,,,,,,,,,,,,,,,,,,,,,,,,,,,,,,,,,,,1,1,,,,,,,,,,,,2,,,,,,,,,,,,,,,
YB_M_1__07_2023,YB_M_1__07,YB_2023,YB,7/4/23,2023,BJR,Tolbert,7,M,1,,,ALV,100,24,,,,,2,,,6,3,65,,,,,,,,,,,,,,,,,,,17,10,,,,,,,,,,,,,,,,,,,,,,,,,,,,,,,,,,,,,,,,,,,,,,,,0.1,,,,,,,,,,,,,,,,,,,,,,,,,,,,,,,,,,,,,,,,,,,,,,,,,,,,,,,,,,,,1,2,,,,,,,,,,,,2,,,,,,,,,,,,,,,
YB_M_1__05_2023,YB_M_1__05,YB_2023,YB,7/4/23,2023,BJR,Tolbert,5,M,1,,,ALV,100,47,,,,,2,,1,3,4,41,,2,,,,,,,,,,,,,,,,1,6,9,,,,,,,,,,,,,,,,,,,,,,,,,,,,,,,,,,,,,,,,,,,,,,,,,,,,,,,,,,,,,,,,,,,,,,,,,,,,,,,,,,,,,,,,,,,,,,,,,,,,,,,,,,,,2,1,,,,,,,,,,,,,,,,,,,,,,,,,,,
YB_M_1__06_2023,YB_M_1__06,YB_2023,YB,7/4/23,2023,BJR,Tolbert,6,M,1,,,ALV,100.2,58,,1,0.1,,,,1,2,,8,,,25,,3,,,2,0.1,,,,,,,,,2,,6,,,,,,,,,,,,,,,,,,,,,,,,,,,,,,,,,,,,,,24,,,,,,1,,,,,,,,,,,,,,,,,,,,,2,,,,,,,,,,,,,,,,,,,,,,,,,,,,,,,,,,,,,,,,,,,,1,,,,,,,,,,,,1,,,,,,,,,,,,,,,
YB_M_1__03_2023,YB_M_1__03,YB_2023,YB,7/4/23,2023,BJR,Tolbert,3,M,1,,,ALV,100,1,,,,,,,,,,99,,,,,,,,,,,,,,,,,,3,57,8,,,,,,,,,,,,,,,,,,,,,,,,,,,,,,,,,,,,,,,,,,,,,,,,,,,,,,,,,,,,,,,,,,,,,,,,,,,,,,,,,,,,,,,,,,,,,,,,,,,,,,,,,,,,13,3,,,,,,,,,,,,2,,,,,,,,,,,,,,,
YB_M_1__01_2023,YB_M_1__01,YB_2023,YB,7/4/23,2023,BJR,Tolbert,1,M,1,,,ALV,100,1,,,,,4,,3,,3,87,,1,1,,,,,,,,,,,,,,,,51,2,38,,,,,,,,,,,,,,,,,,,,,,,,,,,,,,,,,,,,,,,,,,,,,,,,,,,,,,,,,,,,,,,,,,,,,,,,,,,,,,,,,,,,,,,,,,,,,,,,,,,,,,,,,,,8,1,,,,,,,,,,,,2,,,,,,,,,,,,,,,
YB_H_1__01_2023,YB_H_1__01,YB_2023,YB,7/4/23,2023,BJR,Tolbert,1,H,1,,,ALV,100.3,26,,,,,74,,,,,0.1,,,,,,0.1,0.1,,,,,,,,,,,,,,26,,,,,,,,,,,,,,,,,,,,,,,,,,,,,,,,,,,,,,,,,0.1,,,,,,,,,,,,,1,,,,,,,,,,,,,,,,,,,,,,,,,,,,,,,,,,,,,,,,,,,,,,,,,,,,,,,6,,,,,,,5,,,,,,,,,,,,,,,,,,,
YB_H_1__04_2023,YB_H_1__04,YB_2023,YB,7/4/23,2023,BJR,Tolbert,4,H,1,,,ALV,100.1,24,67,,,,1,,1,,,,,,0.1,,,,,7,,,,,,,,,,,,,,,,,,,,,,,,,,,,,,,,,,,,,,,,,,,,,,,,,,,,,,,,,,,,,,,,,,,21,,,,,,,,,,,,,,,,,,,,,,,,,,,,,,,,,,,,,,,,,,,,,,,,,,,,,,,,,,,,,,,,,,,,,,,,,,,,,,,,,
YB_H_1__06_2023,YB_H_1__06,YB_2023,YB,7/4/23,2023,BJR,Tolbert,6,H,1,,,ALV,100,12,49,,,,30,,,,,,,,1,,,2,,6,,,,,,,,,,,,,31,,,,,,,,,,,,,,,,,,,,,,,,,,,,,,,,,,,,,,,,,0.1,,,,,,,,,,,1,,16,,,,,,,,,,,,,,,,,,,,,,,,,,,,,,,,,,,,,,,,,,,,,,,,,,,,,,,3,,4,,,,,,,,,,,,,,,,,,,,,,,,
YB_H_1__08_2023,YB_H_1__08,YB_2023,YB,7/4/23,2023,BJR,Tolbert,8,H,1,,,ALV,100,63,22,,,,4,,,,,,,,5,,,5,,1,,,,,,,,,,,1,3,41,,,,,,,,,,,,,,,,,,,,,,,,,,,,,,,,,,,,2,,,,,,,,,,,,,,,,4,,2,,,,,,,,,,,,,,,,,,,,,,,,,,,,,,,,,,,,,,,,,,,,,,,,,,,,,,,1,,0.1,,,,,,,,,,,,,,,,,,,,,,,,
YB_H_1__11_2023,YB_H_1__11,YB_2023,YB,7/4/23,2023,BJR,Tolbert,11,H,1,,,ALV,100.2,17,,,,,83,,,,,,,,,,,0.1,,0.1,,,,,,,,,,,,3,50,,,,,,,,,,,,,,,,,,,,,,,,,,,,,,,,,,,,,,,,,7,,,,,,,,,,,0.1,,1,,,,,,,,,,,,,,,,,,,,,,,,,,,,,,,,,,,,,,,,,,,,,,,,,,,,,,,0.1,,0.1,,,,,,,,,,,,,,,,,,,,,,,,
FC_H_1__02_2023,FC_H_1__02,FC_2023,FC,7/2/23,2023,BJR,LF,2,H,1,,,ALV,100,52,,,,,1,,3,,,28,,,,,,16,,,,,,,,,,,,,,,,,,,,,,,,,,,,,,,,,,,,,,,,,,,,,,,,,,,,,,,,,,,,,,3,,,,,20,,4,,14,,,,,,,,,,2,,,,,,,,,,,,,,,,,,,,,,,,,,,,,,,,,,,,,,,,,1,3,,,,,,,,,,,,0.1,,,,,,,,,,,,,,,
FC_H_1__04_2023,FC_H_1__04,FC_2023,FC,7/2/23,2023,BJR,LF,4,H,1,,,ALV,100,0.1,,,,,0.1,,,,,99.8,,,,,,,,,,,,,,,,,,,,,,,,,,,,,,,,,,,,,,,,,,,,,,,,,,,,,,,,,,,,,,,,,,,,,,,41,,,,,,,,,,,,,,,,,,,,,,,,,,,,,,,,,,,,,,,,,,,,,,,,,,,,,,,,,,,,,,,,,,,,,,,,,,,,,,,,,,,,,
FC_H_1__07_2023,FC_H_1__07,FC_2023,FC,7/2/23,2023,BJR,LF,7,H,1,,,ALV,100,61,,,,,8,,,,1,21,,,,,,9,,,,,,,,,,,,6,,,,,,,,,,,,,,,,,,,,,,,,,,,,,,,,,,,,,,,1,,,,,10,,,,,,,,,,,1,,,,2,,,,,,,,,,,,,,,,,,,,,,,,,,,,,,,,,,,,,,,,,,,,,,,,,,,2,,,,,,,,,,,,,,,,,,,,,,,,,,,,
FC_H_1__12_2023,FC_H_1__12,FC_2023,FC,7/2/23,2023,BJR,LF,12,H,1,,,ALV,100.1,8,,,,,81,,,,,1,,,0.1,,,8,,2,,,,,,,,,,,,,6,,,,,,,,,,,,,,,,,,,,,,,,,,,,,,,,,,,,,,,,,4,,,,,,,,,,,6,,7,,1,,,,,,,,,,,,,,,,,,,,,,,,,,,,,,,,,,,,,,,,,,,,,,,,,,,0.1,,,,,,,,,,,,,,,,,,,,,,,,,,,,
FC_H_1__13_2023,FC_H_1__13,FC_2023,FC,7/2/23,2023,BJR,LF,13,H,1,,,ALV,100,8,,3,,,81,,1,,,2,,,,,,3,,2,,,,,,,,,,,,,10,,,,,,,,,,,,,,,,,,,,,,,,,,,,,,,,,,,,,,,,,5,,,,,,,,,,,,,2,,,,,,,,,,,,,,,,,,,,,,,,,,,,,,,,,,,,,,,,,,,,,,,,,,,,,1,,,,,,,,,,,,,,,,,,,,,,,,,,,,
FC_H_1__01_2023,FC_H_1__01,FC_2023,FC,7/2/23,2023,JMD,JMD,1,H,1,,,ALV,97.1,26,,,,,62,,7,,,0.1,,,,,,,,2,,,,,,,,,,,,,,,,,,,,,,,,,,,,,,,,,,,,,,,,,,,,,,,,,,,,,,,,,,,,,,,,,0.1,,0.1,,,,,,,,,,,,,,,,,,,,,,,,,,,,,,,,,,,,,,,,,,,,,,,,,,,,,,,,,,,,,,,,,,,,,,,,,,,,,,,,,
FC_H_1__06_2023,FC_H_1__06,FC_2023,FC,7/2/23,2023,JMD,JMD,6,H,1,,,ALV,99,7,,,,,39,4,,,,8,,1,,,,28,,12,,,,,,,,,,,28,2,46,,,,,,,,,,,,,,,,,,,,,,,,,,,,,,,,,,,,,,,,,56,,,,,,,,,,,6,,6,,,,9,,,,,,,,,,,,,,,,,,,,,,,,,,,,,,,,,,,,,,,,,,,,,,,,,,,,,,,,,,,,,,,,,,,,,,,,,,,,,
FC_H_1__03_2023,FC_H_1__03,FC_2023,FC,7/2/23,2023,SG,BJR,3,H,1,,,ALV,100,26,,,,,60,,,,,,4,,,,,,10,,,,,,,,,,,,13,3,,,,,,,,,,,,,,,,,,,,,,,,,,,,,,,,,,,,,,,,,,34,,,,,,,,,,,4,,1,,,,,,,,,,,,,,,,,,,,,,,,,,,,,,,,,,,,,,,,,,,,,,,,,,,,,,,,,,,,,,,,,,,,,,,,,,,,,,,,,
FC_H_1__05_2023,FC_H_1__05,FC_2023,FC,7/2/23,2023,SG,BJR,5,H,1,,,ALV,100,17,,,,,75,,,,,1,1,,,,,,6,,,,,,,,,,,1,,,,,,,,,,,,,,,,,,,,,,,,,,,,,,,,,,,,,,,,,,,,20,,,,,,,,,,,1,,1,,,,,,,,,,,,,,,,,,,,,,,,,,,,,,,,,,,,,,,,,,,,,,,,,,,,,,,,,,,,,,,,,,,,,,,,,,,,,,,,,
FC_H_1__09_2023,FC_H_1__09,FC_2023,FC,7/2/23,2023,SG,BJR,9,H,1,,,ALV,100,13,,,,,10,,,,,75,1,,,,,,1,,,,,,,,,,,4,4,10,,,,,,,,,,,,,,,,,,,,,,,,,,,,,,,,,,,,,,,,,,3,,,,,,,,,,4,,,2,,,,,,,,,,,,,,,,,,,,,,,,,,,,,,,,,,,,,,,,,,,,,,,,,,,,,,,,,,,,,,,,,,,,,,,,,,,,,,,,,
FC_H_1__10_2023,FC_H_1__10,FC_2023,FC,7/2/23,2023,SG,BJR,10,H,1,,,ALV,100,8,,,,,2,,,,,90,,,,,,,,,,,,,,,,,,,3,6,,,,,,,,,,,,,,,,,,,,,,,,,,,,,,,,,,,,,,,,,,,,,,,,,,,,,,,,,,,,,,,,,,,,,,,,,,,,,,,,,,,,,,,,,,,,,,,,,,,,,,,,,,,,,,,,,,,,,,,,,,,,,,,,,,,,,,,,
FC_H_1__08_2023,FC_H_1__08,FC_2023,FC,7/2/23,2023,SG,BJR,8,H,1,,,ALV,100,81,,,,,1,1,,,,,,,,,,1,13,3,,,,,,,,,,,17,31,,,,,,,,,,,,,,,,,,,,,,,,,,,,,,,,,,,,,,,,,,0.1,,,,,,25,,,,,,,7,,,,,,,,,,,,,,,,,,,,,,,,,,,,,,,,,,,,,,,,,,,,,,,,,,,,,,,,,,,,,,,,,,,,,,,,,,,,,,,,,
FC_H_1__11_2023,FC_H_1__11,FC_2023,FC,7/2/23,2023,SG,BJR,11,H,1,,,ALV,100,59,,,,,22,,18,,,,,,,,,,,1,,,,,,,,,,,,31,,,,,,,,,,,,,,,,,,,,,,,,,,,,,,,,,,,,,,,,,,1,,,,,,,,,,,2,,3,,,,,,,,,,,,,,,,,,,,,,,,,,,,,,,,,,,,,,,,,,,,,,,,,,,,,,,,,,,,,,,,,,,,,,,,,,,,,,,,,
,,,,,,,,,,,,,,,,,,,,,,,,,,,,,,,,,,,,,,,,,,,,,,,,,,,,,,,,,,,,,,,,,,,,,,,,,,,,,,,,,,,,,,,,,,,,,,,,,,,,,,,,,,,,,,,,,,,,,,,,,,,,,,,,,,,,,,,,,,,,,,,,,,,,,,,,,,,,,,,,,,,,,,,,,,,,,,,,,,,,,
,,,,,,,,,,,,,,,,,,,,,,,,,,,,,,,,,,,,,,,,,,,,,,,,,,,,,,,,,,,,,,,,,,,,,,,,,,,,,,,,,,,,,,,,,,,,,,,,,,,,,,,,,,,,,,,,,,,,,,,,,,,,,,,,,,,,,,,,,,,,,,,,,,,,,,,,,,,,,,,,,,,,,,,,,,,,,,,,,,,,,
,,,,,,,,,,,,,,,,,,,,,,,,,,,,,,,,,,,,,,,,,,,,,,,,,,,,,,,,,,,,,,,,,,,,,,,,,,,,,,,,,,,,,,,,,,,,,,,,,,,,,,,,,,,,,,,,,,,,,,,,,,,,,,,,,,,,,,,,,,,,,,,,,,,,,,,,,,,,,,,,,,,,,,,,,,,,,,,,,,,,,
,,,,,,,,,,,,,,,,,,,,,,,,,,,,,,,,,,,,,,,,,,,,,,,,,,,,,,,,,,,,,,,,,,,,,,,,,,,,,,,,,,,,,,,,,,,,,,,,,,,,,,,,,,,,,,,,,,,,,,,,,,,,,,,,,,,,,,,,,,,,,,,,,,,,,,,,,,,,,,,,,,,,,,,,,,,,,,,,,,,,,
,,,,,,,,,,,,,,,,,,,,,,,,,,,  ,,,,,,,,,,,,,,,,,,,,,,,,,,,,,,,,,,,,,,,,,,,,,,,,,,,,,,,,,,,,,,,,,,,,,,,,,,,,,,,,,,,,,,,,,,,,,,,,,,,,,,,,,,,,,,,,,,,,,,,,,,,,,,,,,,,,,,,,,,,,,,,,,,,,,,,,,,